{
    "parent": "item/generated",
    "textures": {
        "layer0": "items/bow/bow_standby"
    },
    "display": {
        "thirdperson_righthand": {
            "rotation": [ -80, 260, -40 ],
            "translation": [ -1, -2, 2.5 ],
            "scale": [ 0.9, 0.9, 0.9 ]
        },
        "thirdperson_lefthand": {
            "rotation": [ -80, -280, 40 ],
            "translation": [ -1, -2, 2.5 ],
            "scale": [ 1, 1, 1 ]
        },
        "firstperson_righthand": {
            "rotation": [ -85, -90, 25 ],
            "translation": [ 1, 1, 1],
            "scale": [ 1, 1, 1 ]
        },
        "firstperson_lefthand": {
            "rotation": [ -85, 90, -25 ],
            "translation": [ 1, 1, 1],
            "scale": [ 1, 1, 1 ]
        },
		"ground": {
            "rotation": [ 90, 0, 0 ],
            "translation": [ 0, -2, 0],
            "scale":[ 0.8, 0.8, 0.8 ]
        }
		
    },
    "overrides": [
        {
		 "predicate": {
                "pulling": 1
            },
            "model": "item/bow/bow_pulling_0"
        },
		{
            "predicate": {
                "pulling": 1,
                "pull": 0.01
            },
            "model": "item/bow/preload/bow_preload_1"
        },
		{
            "predicate": {
                "pulling": 1,
                "pull": 0.02
            },
            "model": "item/bow/preload/bow_preload_2"
        },
		{
            "predicate": {
                "pulling": 1,
                "pull": 0.03
            },
            "model": "item/bow/preload/bow_preload_3"
        },
		{
            "predicate": {
                "pulling": 1,
                "pull": 0.04
            },
            "model": "item/bow/preload/bow_preload_4"
        },
		{
            "predicate": {
                "pulling": 1,
                "pull": 0.05
            },
            "model": "item/bow/preload/bow_preload_5"
        },
		{
            "predicate": {
                "pulling": 1,
                "pull": 0.06
            },
            "model": "item/bow/preload/bow_preload_6"
        },
		{
            "predicate": {
                "pulling": 1,
                "pull": 0.07
            },
            "model": "item/bow/preload/bow_preload_7"
        },
		{
            "predicate": {
                "pulling": 1,
                "pull": 0.08
            },
            "model": "item/bow/preload/bow_preload_8"
        },
		{
            "predicate": {
                "pulling": 1,
                "pull": 0.09
            },
            "model": "item/bow/preload/bow_preload_9"
        },
		
		
		
		
		{
            "predicate": {
                "pulling": 1,
                "pull": 0.1
            },
            "model": "item/bow/bow_pulling_1"
        },
		{
            "predicate": {
                "pulling": 1,
                "pull": 0.2
            },
            "model": "item/bow/bow_pulling_2"
        },
		{
            "predicate": {
                "pulling": 1,
                "pull": 0.3
            },
            "model": "item/bow/bow_pulling_3"
        },
        {
            "predicate": {
                "pulling": 1,
                "pull": 0.4
            },
            "model": "item/bow/bow_pulling_4"
        },
        {
            "predicate": {
                "pulling": 1,
                "pull": 0.5
            },
            "model": "item/bow/bow_pulling_5"
        }
		,
        {
            "predicate": {
                "pulling": 1,
                "pull": 0.6
            },
            "model": "item/bow/bow_pulling_6"
        }
		,
        {
            "predicate": {
                "pulling": 1,
                "pull": 0.7
            },
            "model": "item/bow/bow_pulling_7"
        }
		,
        {
            "predicate": {
                "pulling": 1,
                "pull": 0.8
            },
            "model": "item/bow/bow_pulling_8"
        }
		,
        {
            "predicate": {
                "pulling": 1,
                "pull": 0.9
            },
            "model": "item/bow/bow_pulling_9"
        }
		,
        {
            "predicate": {
                "pulling": 1,
                "pull": 1
            },
            "model": "item/bow/bow_pulling_x"
        }
    ]
}
