{
	"credit": "Made with Blockbench",
	"textures": {
		"layer0": "items/popped"
	},
	"elements": [
		{
			"from": [0, 0, 0],
			"to": [16, 2, 2],
			"shade": false,
			"faces": {
				"north": {"uv": [0, 0, 16, 2], "texture": "#layer0"},
				"east": {"uv": [0, 0, 2, 2], "texture": "#layer0"},
				"south": {"uv": [0, 0, 16, 2], "texture": "#layer0"},
				"west": {"uv": [0, 0, 2, 2], "texture": "#layer0"},
				"up": {"uv": [0, 0, 16, 2], "texture": "#layer0"},
				"down": {"uv": [0, 0, 16, 2], "texture": "#layer0"}
			}
		},
		{
			"from": [0, 0, 0],
			"to": [2, 16, 2],
			"shade": false,
			"faces": {
				"north": {"uv": [0, 0, 2, 16], "texture": "#layer0"},
				"east": {"uv": [0, 0, 2, 16], "texture": "#layer0"},
				"south": {"uv": [0, 0, 2, 16], "texture": "#layer0"},
				"west": {"uv": [0, 0, 2, 16], "texture": "#layer0"},
				"up": {"uv": [0, 0, 2, 2], "texture": "#layer0"},
				"down": {"uv": [0, 0, 2, 2], "texture": "#layer0"}
			}
		},
		{
			"from": [0, 15, 0],
			"to": [2, 17, 16],
			"shade": false,
			"faces": {
				"north": {"uv": [0, 0, 2, 2], "texture": "#layer0"},
				"east": {"uv": [0, 0, 16, 2], "texture": "#layer0"},
				"south": {"uv": [0, 0, 2, 2], "texture": "#layer0"},
				"west": {"uv": [0, 0, 16, 2], "texture": "#layer0"},
				"up": {"uv": [0, 0, 2, 16], "texture": "#layer0"},
				"down": {"uv": [0, 0, 2, 16], "texture": "#layer0"}
			}
		}
	],
	"display": {
		"thirdperson_righthand": {
			"rotation": [75, 45, 0],
			"translation": [0, 2.5, 0],
			"scale": [0.375, 0.375, 0.375]
		},
		"thirdperson_lefthand": {
			"rotation": [75, 45, 0],
			"translation": [0, 2.5, 0],
			"scale": [0.375, 0.375, 0.375]
		},
		"firstperson_righthand": {
			"rotation": [22, 0, -11],
			"translation": [10.5, -8.2, -24]
		},
		"firstperson_lefthand": {
			"rotation": [-35, -84, -72],
			"translation": [13.25, 1.55, -24]
		},
		"ground": {
			"translation": [0, 2, 0],
			"scale": [0.5, 0.5, 0.5]
		},
		"gui": {
			"rotation": [40.5, 39, -10.5],
			"translation": [5, -2, 0],
			"scale": [0.8, 0.8, 0.8]
		},
		"fixed": {
			"rotation": [41.62, 39, -11],
			"translation": [5, -2, -10.25],
			"scale": [0.8, 0.8, 0.8]
		}
	}
}