{
	"credit": "Made with Blockbench",
	"parent": "block/cross",
	"textures": {
		"particle": "blocks/flower_allium",
		"cross": "blocks/flower_allium"
	},
	"elements": [
		{
			"from": [8, 0, 7.5],
			"to": [8, 7, 8.5],
			"rotation": {"angle": 45, "axis": "y", "origin": [8, 4.5, 8], "rescale": true},
			"faces": {
				"north": {"uv": [0, 0, 0, 7], "texture": "#cross"},
				"east": {"uv": [7, 7, 8, 14], "texture": "#cross"},
				"south": {"uv": [0, 0, 0, 7], "texture": "#cross"},
				"west": {"uv": [7, 7, 8, 14], "texture": "#cross"},
				"up": {"uv": [0, 0, 0, 1], "texture": "#cross"},
				"down": {"uv": [0, 0, 0, 1], "texture": "#cross"}
			}
		},
		{
			"from": [8, 0, 7.5],
			"to": [8, 7, 8.5],
			"rotation": {"angle": -45, "axis": "y", "origin": [8, 4.5, 8], "rescale": true},
			"faces": {
				"north": {"uv": [0, 0, 0, 7], "texture": "#cross"},
				"east": {"uv": [7, 7, 8, 14], "texture": "#cross"},
				"south": {"uv": [0, 0, 0, 7], "texture": "#cross"},
				"west": {"uv": [7, 7, 8, 14], "texture": "#cross"},
				"up": {"uv": [0, 0, 0, 1], "texture": "#cross"},
				"down": {"uv": [0, 0, 0, 1], "texture": "#cross"}
			}
		},
		{
			"from": [5.5, 5, 5.5],
			"to": [10.5, 10, 10.5],
			"rotation": {"angle": 0, "axis": "y", "origin": [6, 6, 6]},
			"faces": {
				"north": {"uv": [5, 2, 10, 7], "texture": "#cross"},
				"east": {"uv": [5, 2, 10, 7], "texture": "#cross"},
				"south": {"uv": [5, 2, 10, 7], "texture": "#cross"},
				"west": {"uv": [5, 2, 10, 7], "texture": "#cross"},
				"up": {"uv": [5, 2, 10, 7], "texture": "#cross"},
				"down": {"uv": [5, 2, 10, 7], "texture": "#cross"}
			}
		}
	]
}