{
	"credit": "Made with Blockbench",
	"parent": "block/block",
	"textures": {
		"2": "blocks/obsidian",
		"main": "blocks/beacon",
		"particle": "blocks/beacon_frame"
	},
	"elements": [
		{
			"name": "core",
			"from": [4.37206, 6.37206, 4.37206],
			"to": [11.62794, 13.62794, 11.62794],
			"shade": false,
			"rotation": {"angle": 22.5, "axis": "y", "origin": [8, 10, 8]},
			"faces": {
				"north": {"uv": [4, 0, 8, 4], "texture": "#main"},
				"east": {"uv": [4, 0, 8, 4], "texture": "#main"},
				"south": {"uv": [4, 0, 8, 4], "texture": "#main"},
				"west": {"uv": [4, 0, 8, 4], "texture": "#main"},
				"up": {"uv": [4, 0, 8, 4], "texture": "#main"},
				"down": {"uv": [4, 0, 8, 4], "texture": "#main"}
			}
		},
		{
			"name": "shade",
			"from": [13.304, 15.304, 13.304],
			"to": [2.696, 4.696, 2.696],
			"shade": false,
			"rotation": {"angle": 22.5, "axis": "y", "origin": [8, 10, 8]},
			"faces": {
				"north": {"uv": [0, 4, 4, 8], "texture": "#main"},
				"east": {"uv": [0, 4, 4, 8], "texture": "#main"},
				"south": {"uv": [0, 4, 4, 8], "texture": "#main"},
				"west": {"uv": [0, 4, 4, 8], "texture": "#main"},
				"up": {"uv": [0, 4, 4, 8], "texture": "#main"},
				"down": {"uv": [0, 4, 4, 8], "texture": "#main"}
			}
		},
		{
			"name": "shell",
			"from": [0, 3, 0],
			"to": [16, 16, 16],
			"rotation": {"angle": 0, "axis": "y", "origin": [8, 11, 8]},
			"faces": {
				"north": {"uv": [0, 0, 16, 13], "texture": "#particle"},
				"east": {"uv": [0, 0, 16, 13], "texture": "#particle"},
				"south": {"uv": [0, 0, 16, 13], "texture": "#particle"},
				"west": {"uv": [0, 0, 16, 13], "texture": "#particle"},
				"up": {"uv": [0, 0, 16, 16], "texture": "#particle"}
			}
		},
		{
			"name": "base",
			"from": [0, 0, 0],
			"to": [16, 3, 16],
			"rotation": {"angle": 0, "axis": "y", "origin": [8, 15, 8]},
			"faces": {
				"north": {"uv": [0, 0, 16, 3], "texture": "#2", "cullface": "north"},
				"east": {"uv": [0, 0, 16, 3], "texture": "#2", "cullface": "east"},
				"south": {"uv": [0, 0, 16, 3], "texture": "#2", "cullface": "south"},
				"west": {"uv": [0, 0, 16, 3], "texture": "#2", "cullface": "west"},
				"up": {"uv": [0, 0, 16, 16], "texture": "#2", "cullface": "up"},
				"down": {"uv": [0, 0, 16, 16], "texture": "#2", "cullface": "down"}
			}
		},
		{
			"name": "core",
			"from": [4.37206, 6.37206, 4.37206],
			"to": [11.62794, 13.62794, 11.62794],
			"shade": false,
			"rotation": {"angle": -45, "axis": "y", "origin": [8, 10, 8]},
			"faces": {
				"north": {"uv": [12, 0, 16, 4], "texture": "#main"},
				"east": {"uv": [12, 0, 16, 4], "texture": "#main"},
				"south": {"uv": [12, 0, 16, 4], "texture": "#main"},
				"west": {"uv": [12, 0, 16, 4], "texture": "#main"},
				"up": {"uv": [12, 0, 16, 4], "texture": "#main"},
				"down": {"uv": [12, 0, 16, 4], "texture": "#main"}
			}
		},
		{
			"name": "shade",
			"from": [13.304, 15.304, 13.304],
			"to": [2.696, 4.696, 2.696],
			"shade": false,
			"rotation": {"angle": -45, "axis": "y", "origin": [8, 10, 8]},
			"faces": {
				"north": {"uv": [8, 4, 12, 8], "texture": "#main"},
				"east": {"uv": [8, 4, 12, 8], "texture": "#main"},
				"south": {"uv": [8, 4, 12, 8], "texture": "#main"},
				"west": {"uv": [8, 4, 12, 8], "texture": "#main"},
				"up": {"uv": [8, 4, 12, 8], "texture": "#main"},
				"down": {"uv": [8, 4, 12, 8], "texture": "#main"}
			}
		},
		{
			"name": "core",
			"from": [4.37206, 6.37206, 4.37206],
			"to": [11.62794, 13.62794, 11.62794],
			"shade": false,
			"rotation": {"angle": -22.5, "axis": "y", "origin": [8, 10, 8]},
			"faces": {
				"north": {"uv": [4, 8, 8, 12], "texture": "#main"},
				"east": {"uv": [4, 8, 8, 12], "texture": "#main"},
				"south": {"uv": [4, 8, 8, 12], "texture": "#main"},
				"west": {"uv": [4, 8, 8, 12], "texture": "#main"},
				"up": {"uv": [4, 8, 8, 12], "texture": "#main"},
				"down": {"uv": [4, 8, 8, 12], "texture": "#main"}
			}
		},
		{
			"name": "shade",
			"from": [13.304, 15.304, 13.304],
			"to": [2.696, 4.696, 2.696],
			"shade": false,
			"rotation": {"angle": -22.5, "axis": "y", "origin": [8, 10, 8]},
			"faces": {
				"north": {"uv": [0, 12, 4, 16], "texture": "#main"},
				"east": {"uv": [0, 12, 4, 16], "texture": "#main"},
				"south": {"uv": [0, 12, 4, 16], "texture": "#main"},
				"west": {"uv": [0, 12, 4, 16], "texture": "#main"},
				"up": {"uv": [0, 12, 4, 16], "texture": "#main"},
				"down": {"uv": [0, 12, 4, 16], "texture": "#main"}
			}
		},
		{
			"name": "core",
			"from": [4.37206, 6.37206, 4.37206],
			"to": [11.62794, 13.62794, 11.62794],
			"shade": false,
			"rotation": {"angle": 0, "axis": "y", "origin": [8, 10, 8]},
			"faces": {
				"north": {"uv": [12, 8, 16, 12], "texture": "#main"},
				"east": {"uv": [12, 8, 16, 12], "texture": "#main"},
				"south": {"uv": [12, 8, 16, 12], "texture": "#main"},
				"west": {"uv": [12, 8, 16, 12], "texture": "#main"},
				"up": {"uv": [12, 8, 16, 12], "texture": "#main"},
				"down": {"uv": [12, 8, 16, 12], "texture": "#main"}
			}
		},
		{
			"name": "shade",
			"from": [13.304, 15.304, 13.304],
			"to": [2.696, 4.696, 2.696],
			"shade": false,
			"rotation": {"angle": 0, "axis": "y", "origin": [8, 10, 8]},
			"faces": {
				"north": {"uv": [8, 12, 12, 16], "texture": "#main"},
				"east": {"uv": [8, 12, 12, 16], "texture": "#main"},
				"south": {"uv": [8, 12, 12, 16], "texture": "#main"},
				"west": {"uv": [8, 12, 12, 16], "texture": "#main"},
				"up": {"uv": [8, 12, 12, 16], "texture": "#main"},
				"down": {"uv": [8, 12, 12, 16], "texture": "#main"}
			}
		}
	],
	"groups": [
		{
			"name": "0",
			"origin": [8, 8, 8],
			"children": [0, 1, 2, 3]
		},
		{
			"name": "1",
			"origin": [8, 8, 8],
			"children": [4, 5]
		},
		{
			"name": "2",
			"origin": [8, 8, 8],
			"children": [6, 7]
		},
		{
			"name": "3",
			"origin": [8, 8, 8],
			"children": [8, 9]
		}
	]
}