{
	"credit": "Made with Blockbench",
	"parent": "block/cross",
	"textures": {
		"1": "blocks/mushroom_block_inside",
		"2": "blocks/mushroom_block_skin_brown",
		"3": "blocks/mushroom_block_skin_stem",
		"particle": "blocks/mushroom_block_inside"
	},
	"elements": [
		{
			"name": "stem",
			"from": [8.45167, -0.183, 6.60233],
			"to": [10.71367, 2.456, 8.86433],
			"rotation": {"angle": 0, "axis": "y", "origin": [8.07467, 11.881, 7.73333]},
			"faces": {
				"north": {"uv": [0, 0, 1.5, 1.75], "texture": "#3"},
				"east": {"uv": [0, 0, 1.5, 1.75], "texture": "#3"},
				"south": {"uv": [0, 0, 1.5, 1.75], "texture": "#3"},
				"west": {"uv": [0, 0, 1.5, 1.75], "texture": "#3"},
				"up": {"uv": [0, 0, 1.5, 1.5], "texture": "#missing"},
				"down": {"uv": [0, 0, 1.5, 1.5], "texture": "#1"}
			}
		},
		{
			"name": "cap",
			"from": [7.32067, 2.079, 3.96333],
			"to": [11.84467, 4.341, 11.50333],
			"rotation": {"angle": 0, "axis": "y", "origin": [8.07467, 11.881, 7.73333]},
			"faces": {
				"north": {"uv": [0, 0, 3, 1.25], "texture": "#2"},
				"east": {"uv": [0, 0, 5, 1.25], "texture": "#2"},
				"south": {"uv": [0, 0, 3, 1.25], "texture": "#2"},
				"west": {"uv": [0, 0, 5, 1.25], "texture": "#2"},
				"up": {"uv": [0, 0, 3, 5], "texture": "#2"},
				"down": {"uv": [0, 0, 3, 5], "texture": "#1"}
			}
		},
		{
			"name": "cap",
			"from": [5.81267, 2.079, 5.47133],
			"to": [7.32067, 4.341, 9.99533],
			"rotation": {"angle": 0, "axis": "y", "origin": [8.07467, 11.881, 7.73333]},
			"faces": {
				"north": {"uv": [0, 0, 1, 1.5], "texture": "#2"},
				"east": {"uv": [0, 0, 3, 1.5], "texture": "#missing"},
				"south": {"uv": [0, 0, 1, 1.5], "texture": "#2"},
				"west": {"uv": [0, 0, 3, 1.5], "texture": "#2"},
				"up": {"uv": [0, 0, 1, 3], "texture": "#2"},
				"down": {"uv": [0, 0, 1, 3], "texture": "#1"}
			}
		},
		{
			"name": "cap",
			"from": [11.84467, 2.079, 5.47133],
			"to": [13.35267, 4.341, 9.99533],
			"rotation": {"angle": 0, "axis": "y", "origin": [8.07467, 11.881, 7.73333]},
			"faces": {
				"north": {"uv": [0, 0, 1, 1.5], "texture": "#2"},
				"east": {"uv": [0, 0, 3, 1.5], "texture": "#2"},
				"south": {"uv": [0, 0, 1, 1.5], "texture": "#2"},
				"west": {"uv": [0, 0, 3, 1.5], "texture": "#missing"},
				"up": {"uv": [0, 0, 1, 3], "texture": "#2"},
				"down": {"uv": [0, 0, 1, 3], "texture": "#1"}
			}
		},
		{
			"name": "stem",
			"from": [2.70387, -0.05975, 12.80253],
			"to": [4.16547, 1.03645, 14.26413],
			"rotation": {"angle": 0, "axis": "y", "origin": [9.28107, 11.63305, 6.22533]},
			"faces": {
				"north": {"uv": [0, 0, 1.5, 1.75], "texture": "#3"},
				"east": {"uv": [0, 0, 1.5, 1.75], "texture": "#3"},
				"south": {"uv": [0, 0, 1.5, 1.75], "texture": "#3"},
				"west": {"uv": [0, 0, 1.5, 1.75], "texture": "#3"},
				"up": {"uv": [0, 0, 1.5, 1.5], "texture": "#missing"},
				"down": {"uv": [0, 0, 1.5, 1.5], "texture": "#1"}
			}
		},
		{
			"name": "cap",
			"from": [2.33847, 1.03645, 12.43713],
			"to": [4.53087, 3.22885, 14.62953],
			"rotation": {"angle": 0, "axis": "y", "origin": [9.28107, 11.63305, 6.22533]},
			"faces": {
				"north": {"uv": [0, 0, 3, 1.25], "texture": "#2"},
				"east": {"uv": [0, 0, 5, 1.25], "texture": "#2"},
				"south": {"uv": [0, 0, 3, 1.25], "texture": "#2"},
				"west": {"uv": [0, 0, 5, 1.25], "texture": "#2"},
				"up": {"uv": [0, 0, 3, 5], "texture": "#2"},
				"down": {"uv": [0, 0, 3, 5], "texture": "#1"}
			}
		}
	],
	"groups": [
		{
			"name": "size1",
			"origin": [8, 8, 8],
			"children": [0, 1, 2, 3]
		},
		{
			"name": "size2",
			"origin": [8, 8, 8],
			"children": [4, 5]
		}
	]
}