{
	"credit": "Made with Blockbench",
	"parent": "block/cross",
	"textures": {
		"1": "blocks/mushroom_block_inside",
		"2": "blocks/mushroom_block_skin_brown",
		"3": "blocks/mushroom_block_skin_stem",
		"particle": "blocks/mushroom_block_inside"
	},
	"elements": [
		{
			"name": "stem",
			"from": [9.512, -0.096, 7.208],
			"to": [11.672, 2.424, 9.368],
			"rotation": {"angle": 0, "axis": "y", "origin": [9.152, 11.424, 9.728]},
			"faces": {
				"north": {"uv": [0, 0, 1.5, 1.75], "texture": "#3"},
				"east": {"uv": [0, 0, 1.5, 1.75], "texture": "#3"},
				"south": {"uv": [0, 0, 1.5, 1.75], "texture": "#3"},
				"west": {"uv": [0, 0, 1.5, 1.75], "texture": "#3"},
				"down": {"uv": [0, 0, 1.5, 1.5], "texture": "#1"}
			}
		},
		{
			"name": "cap",
			"from": [8.432, 2.064, 4.688],
			"to": [12.752, 4.224, 11.888],
			"rotation": {"angle": 0, "axis": "y", "origin": [9.152, 11.424, 9.728]},
			"faces": {
				"north": {"uv": [0, 0, 3, 1.25], "texture": "#2"},
				"east": {"uv": [0, 0, 5, 1.25], "texture": "#2"},
				"south": {"uv": [0, 0, 3, 1.25], "texture": "#2"},
				"west": {"uv": [0, 0, 5, 1.25], "texture": "#2"},
				"up": {"uv": [0, 0, 3, 5], "texture": "#2"},
				"down": {"uv": [0, 0, 3, 5], "texture": "#1"}
			}
		},
		{
			"name": "cap",
			"from": [6.992, 2.064, 6.128],
			"to": [8.432, 4.224, 10.448],
			"rotation": {"angle": 0, "axis": "y", "origin": [9.152, 11.424, 9.728]},
			"faces": {
				"north": {"uv": [0, 0, 1, 1.5], "texture": "#2"},
				"south": {"uv": [0, 0, 1, 1.5], "texture": "#2"},
				"west": {"uv": [0, 0, 3, 1.5], "texture": "#2"},
				"up": {"uv": [0, 0, 1, 3], "texture": "#2"},
				"down": {"uv": [0, 0, 1, 3], "texture": "#1"}
			}
		},
		{
			"name": "cap",
			"from": [12.752, 2.064, 6.128],
			"to": [14.192, 4.224, 10.448],
			"rotation": {"angle": 0, "axis": "y", "origin": [9.152, 11.424, 9.728]},
			"faces": {
				"north": {"uv": [0, 0, 1, 1.5], "texture": "#2"},
				"east": {"uv": [0, 0, 3, 1.5], "texture": "#2"},
				"south": {"uv": [0, 0, 1, 1.5], "texture": "#2"},
				"up": {"uv": [0, 0, 1, 3], "texture": "#2"},
				"down": {"uv": [0, 0, 1, 3], "texture": "#1"}
			}
		},
		{
			"name": "cap",
			"from": [12.472, 0.984, 1.088],
			"to": [15.352, 2.064, 3.968],
			"rotation": {"angle": 0, "axis": "y", "origin": [8.152, 11.424, 9.728]},
			"faces": {
				"north": {"uv": [0, 0, 3, 1.25], "texture": "#2"},
				"east": {"uv": [0, 0, 5, 1.25], "texture": "#2"},
				"south": {"uv": [0, 0, 3, 1.25], "texture": "#2"},
				"west": {"uv": [0, 0, 5, 1.25], "texture": "#2"},
				"up": {"uv": [0, 0, 3, 5], "texture": "#2"},
				"down": {"uv": [0, 0, 3, 5], "texture": "#1"}
			}
		},
		{
			"name": "stem",
			"from": [13.192, -0.096, 1.808],
			"to": [14.632, 0.984, 3.248],
			"rotation": {"angle": 0, "axis": "y", "origin": [8.152, 11.424, 9.728]},
			"faces": {
				"north": {"uv": [0, 0, 1.5, 1.75], "texture": "#3"},
				"east": {"uv": [0, 0, 1.5, 1.75], "texture": "#3"},
				"south": {"uv": [0, 0, 1.5, 1.75], "texture": "#3"},
				"west": {"uv": [0, 0, 1.5, 1.75], "texture": "#3"},
				"down": {"uv": [0, 0, 1.5, 1.5], "texture": "#1"}
			}
		},
		{
			"name": "cap",
			"from": [3.952, 0.984, 11.488],
			"to": [6.832, 2.064, 14.368],
			"rotation": {"angle": 0, "axis": "y", "origin": [11.152, 11.424, 5.728]},
			"faces": {
				"north": {"uv": [0, 0, 3, 1.25], "texture": "#2"},
				"east": {"uv": [0, 0, 5, 1.25], "texture": "#2"},
				"south": {"uv": [0, 0, 3, 1.25], "texture": "#2"},
				"west": {"uv": [0, 0, 5, 1.25], "texture": "#2"},
				"up": {"uv": [0, 0, 3, 5], "texture": "#2"},
				"down": {"uv": [0, 0, 3, 5], "texture": "#1"}
			}
		},
		{
			"name": "stem",
			"from": [4.672, -0.096, 12.208],
			"to": [6.112, 0.984, 13.648],
			"rotation": {"angle": 0, "axis": "y", "origin": [11.152, 11.424, 5.728]},
			"faces": {
				"north": {"uv": [0, 0, 1.5, 1.75], "texture": "#3"},
				"east": {"uv": [0, 0, 1.5, 1.75], "texture": "#3"},
				"south": {"uv": [0, 0, 1.5, 1.75], "texture": "#3"},
				"west": {"uv": [0, 0, 1.5, 1.75], "texture": "#3"},
				"down": {"uv": [0, 0, 1.5, 1.5], "texture": "#1"}
			}
		},
		{
			"name": "cap",
			"from": [2.072, 0.984, 2.528],
			"to": [4.952, 2.064, 5.408],
			"rotation": {"angle": 0, "axis": "y", "origin": [12.152, 11.424, 9.728]},
			"faces": {
				"north": {"uv": [0, 0, 3, 1.25], "texture": "#2"},
				"east": {"uv": [0, 0, 5, 1.25], "texture": "#2"},
				"south": {"uv": [0, 0, 3, 1.25], "texture": "#2"},
				"west": {"uv": [0, 0, 5, 1.25], "texture": "#2"},
				"up": {"uv": [0, 0, 3, 5], "texture": "#2"},
				"down": {"uv": [0, 0, 3, 5], "texture": "#1"}
			}
		},
		{
			"name": "stem",
			"from": [2.792, -0.096, 3.248],
			"to": [4.232, 0.984, 4.688],
			"rotation": {"angle": 0, "axis": "y", "origin": [12.152, 11.424, 9.728]},
			"faces": {
				"north": {"uv": [0, 0, 1.5, 1.75], "texture": "#3"},
				"east": {"uv": [0, 0, 1.5, 1.75], "texture": "#3"},
				"south": {"uv": [0, 0, 1.5, 1.75], "texture": "#3"},
				"west": {"uv": [0, 0, 1.5, 1.75], "texture": "#3"},
				"down": {"uv": [0, 0, 1.5, 1.5], "texture": "#1"}
			}
		}
	],
	"groups": [
		{
			"name": "size1",
			"origin": [8, 8, 8],
			"children": [0, 1, 2, 3]
		},
		{
			"name": "size2",
			"origin": [8, 8, 8],
			"children": [
				{
					"name": "1",
					"origin": [8, 8, 8],
					"children": [4, 5]
				},
				{
					"name": "2",
					"origin": [8, 8, 8],
					"children": [6, 7]
				},
				{
					"name": "3",
					"origin": [8, 8, 8],
					"children": [8, 9]
				}
			]
		}
	]
}