{
	"credit": "Made with Blockbench",
	"parent": "block/cross",
	"textures": {
		"1": "blocks/mushroom_block_inside",
		"2": "blocks/mushroom_block_skin_brown",
		"3": "blocks/mushroom_block_skin_stem",
		"particle": "blocks/mushroom_block_inside"
	},
	"elements": [
		{
			"name": "stem",
			"from": [6.14, -0.19375, 6.14],
			"to": [9.86, 3.21625, 9.86],
			"rotation": {"angle": 0, "axis": "y", "origin": [7.07, 9.72625, 7.07]},
			"faces": {
				"north": {"uv": [0, 0, 1.5, 1.75], "texture": "#3"},
				"east": {"uv": [0, 0, 3, 2.75], "texture": "#3"},
				"south": {"uv": [0, 0, 3, 2.75], "texture": "#3"},
				"west": {"uv": [0, 0, 3, 2.75], "texture": "#3"},
				"down": {"uv": [0, 0, 3, 3], "texture": "#1"}
			}
		},
		{
			"name": "cap",
			"from": [5.6564, 2.90625, 4.094],
			"to": [10.3436, 6.00625, 11.906],
			"rotation": {"angle": 0, "axis": "y", "origin": [8, 10.96625, 8]},
			"faces": {
				"north": {"uv": [0, 0, 3.78, 2.5], "texture": "#2"},
				"east": {"uv": [0, 0, 6.3, 2.5], "texture": "#2"},
				"south": {"uv": [0, 0, 3.78, 2.5], "texture": "#2"},
				"west": {"uv": [0, 0, 6.3, 2.5], "texture": "#2"},
				"up": {"uv": [6, 2, 9.78, 8.3], "texture": "#2"},
				"down": {"uv": [0, 0, 3.78, 6.3], "texture": "#1"}
			}
		},
		{
			"name": "cap",
			"from": [4.094, 2.90625, 5.6564],
			"to": [5.6564, 6.00625, 10.3436],
			"rotation": {"angle": 0, "axis": "y", "origin": [8, 10.96625, 8]},
			"faces": {
				"north": {"uv": [0, 0, 1.26, 2.5], "texture": "#2"},
				"east": {"uv": [0, 0, 3.78, 2.5], "texture": "#missing"},
				"south": {"uv": [0, 0, 1.26, 2.5], "texture": "#2"},
				"west": {"uv": [0, 0, 3.78, 2.5], "texture": "#2"},
				"up": {"uv": [0, 0, 1.26, 3.78], "texture": "#2"},
				"down": {"uv": [0, 0, 1.26, 3.78], "texture": "#1"}
			}
		},
		{
			"name": "cap",
			"from": [10.3436, 2.90625, 5.6564],
			"to": [11.906, 6.00625, 10.3436],
			"rotation": {"angle": 0, "axis": "y", "origin": [8, 10.96625, 8]},
			"faces": {
				"north": {"uv": [0, 0, 1.26, 2.5], "texture": "#2"},
				"east": {"uv": [0, 0, 3.78, 2.5], "texture": "#2"},
				"south": {"uv": [0, 0, 1.26, 2.5], "texture": "#2"},
				"west": {"uv": [0, 0, 3.78, 2.5], "texture": "#missing"},
				"up": {"uv": [0, 0, 1.26, 3.78], "texture": "#2"},
				"down": {"uv": [0, 0, 1.26, 3.78], "texture": "#1"}
			}
		}
	]
}