{
	"credit": "Made with Blockbench",
	"parent": "block/cross",
	"textures": {
		"1": "blocks/mushroom_block_inside",
		"2": "blocks/mushroom_block_skin_brown",
		"3": "blocks/mushroom_block_skin_stem",
		"particle": "blocks/mushroom_block_inside"
	},
	"elements": [
		{
			"name": "cap",
			"from": [7.11328, 0.95064, 13.61312],
			"to": [9.27328, 3.11064, 15.77312],
			"rotation": {"angle": 0, "axis": "y", "origin": [3.87328, 11.39064, 7.49312]},
			"faces": {
				"north": {"uv": [0, 0, 3, 1.25], "texture": "#2"},
				"east": {"uv": [0, 0, 5, 1.25], "texture": "#2"},
				"south": {"uv": [0, 0, 3, 1.25], "texture": "#2"},
				"west": {"uv": [0, 0, 5, 1.25], "texture": "#2"},
				"up": {"uv": [0, 0, 3, 5], "texture": "#2"},
				"down": {"uv": [0, 0, 3, 5], "texture": "#1"}
			}
		},
		{
			"name": "stem",
			"from": [7.47328, -0.12936, 13.97312],
			"to": [8.91328, 0.95064, 15.41312],
			"rotation": {"angle": 0, "axis": "y", "origin": [3.87328, 11.39064, 7.49312]},
			"faces": {
				"north": {"uv": [0, 0, 1.5, 1.75], "texture": "#3"},
				"east": {"uv": [0, 0, 5, 1.25], "texture": "#3"},
				"south": {"uv": [0, 0, 1.5, 1.75], "texture": "#3"},
				"west": {"uv": [0, 0, 1.5, 1.75], "texture": "#3"},
				"down": {"uv": [0, 0, 1.5, 1.5], "texture": "#1"}
			}
		},
		{
			"name": "cap",
			"from": [11.11328, 0.95064, 8.61312],
			"to": [13.27328, 3.11064, 10.77312],
			"rotation": {"angle": 0, "axis": "y", "origin": [7.87328, 11.39064, 2.49312]},
			"faces": {
				"north": {"uv": [0, 0, 3, 1.25], "texture": "#2"},
				"east": {"uv": [0, 0, 5, 1.25], "texture": "#2"},
				"south": {"uv": [0, 0, 3, 1.25], "texture": "#2"},
				"west": {"uv": [0, 0, 5, 1.25], "texture": "#2"},
				"up": {"uv": [0, 0, 3, 5], "texture": "#2"},
				"down": {"uv": [0, 0, 3, 5], "texture": "#1"}
			}
		},
		{
			"name": "stem",
			"from": [11.47328, -0.12936, 8.97312],
			"to": [12.91328, 0.95064, 10.41312],
			"rotation": {"angle": 0, "axis": "y", "origin": [7.87328, 11.39064, 2.49312]},
			"faces": {
				"north": {"uv": [0, 0, 1.5, 1.75], "texture": "#3"},
				"east": {"uv": [0, 0, 5, 1.25], "texture": "#3"},
				"south": {"uv": [0, 0, 1.5, 1.75], "texture": "#3"},
				"west": {"uv": [0, 0, 1.5, 1.75], "texture": "#3"},
				"down": {"uv": [0, 0, 1.5, 1.5], "texture": "#1"}
			}
		},
		{
			"name": "cap",
			"from": [2.47328, 0.95064, 10.73312],
			"to": [4.63328, 2.75064, 12.89312],
			"rotation": {"angle": 0, "axis": "y", "origin": [7.87328, 11.39064, 7.49312]},
			"faces": {
				"north": {"uv": [0, 0, 3, 1.25], "texture": "#2"},
				"east": {"uv": [0, 0, 5, 1.25], "texture": "#2"},
				"south": {"uv": [0, 0, 3, 1.25], "texture": "#2"},
				"west": {"uv": [0, 0, 5, 1.25], "texture": "#2"},
				"up": {"uv": [0, 0, 3, 5], "texture": "#2"},
				"down": {"uv": [0, 0, 3, 5], "texture": "#1"}
			}
		},
		{
			"name": "stem",
			"from": [2.83328, -0.12936, 11.09312],
			"to": [4.27328, 0.95064, 12.53312],
			"rotation": {"angle": 0, "axis": "y", "origin": [7.87328, 11.39064, 7.49312]},
			"faces": {
				"north": {"uv": [0, 0, 1.5, 1.75], "texture": "#3"},
				"east": {"uv": [0, 0, 1.5, 1.75], "texture": "#3"},
				"south": {"uv": [0, 0, 1.5, 1.75], "texture": "#3"},
				"west": {"uv": [0, 0, 1.5, 1.75], "texture": "#3"},
				"down": {"uv": [0, 0, 1.5, 1.5], "texture": "#1"}
			}
		},
		{
			"name": "cap",
			"from": [1.47328, 0.95064, 1.73312],
			"to": [3.63328, 2.75064, 3.89312],
			"rotation": {"angle": 0, "axis": "y", "origin": [6.87328, 11.39064, -1.50688]},
			"faces": {
				"north": {"uv": [0, 0, 3, 1.25], "texture": "#2"},
				"east": {"uv": [0, 0, 5, 1.25], "texture": "#2"},
				"south": {"uv": [0, 0, 3, 1.25], "texture": "#2"},
				"west": {"uv": [0, 0, 5, 1.25], "texture": "#2"},
				"up": {"uv": [0, 0, 3, 5], "texture": "#2"},
				"down": {"uv": [0, 0, 3, 5], "texture": "#1"}
			}
		},
		{
			"name": "stem",
			"from": [1.83328, -0.12936, 2.09312],
			"to": [3.27328, 0.95064, 3.53312],
			"rotation": {"angle": 0, "axis": "y", "origin": [6.87328, 11.39064, -1.50688]},
			"faces": {
				"north": {"uv": [0, 0, 1.5, 1.75], "texture": "#3"},
				"east": {"uv": [0, 0, 1.5, 1.75], "texture": "#3"},
				"south": {"uv": [0, 0, 1.5, 1.75], "texture": "#3"},
				"west": {"uv": [0, 0, 1.5, 1.75], "texture": "#3"},
				"down": {"uv": [0, 0, 1.5, 1.5], "texture": "#1"}
			}
		},
		{
			"name": "cap",
			"from": [12.47328, 0.95064, 12.73312],
			"to": [14.63328, 2.75064, 14.89312],
			"rotation": {"angle": 0, "axis": "y", "origin": [17.87328, 11.39064, 9.49312]},
			"faces": {
				"north": {"uv": [0, 0, 3, 1.25], "texture": "#2"},
				"east": {"uv": [0, 0, 5, 1.25], "texture": "#2"},
				"south": {"uv": [0, 0, 3, 1.25], "texture": "#2"},
				"west": {"uv": [0, 0, 5, 1.25], "texture": "#2"},
				"up": {"uv": [0, 0, 3, 5], "texture": "#2"},
				"down": {"uv": [0, 0, 3, 5], "texture": "#1"}
			}
		},
		{
			"name": "stem",
			"from": [12.83328, -0.12936, 13.09312],
			"to": [14.27328, 0.95064, 14.53312],
			"rotation": {"angle": 0, "axis": "y", "origin": [17.87328, 11.39064, 9.49312]},
			"faces": {
				"north": {"uv": [0, 0, 1.5, 1.75], "texture": "#3"},
				"east": {"uv": [0, 0, 1.5, 1.75], "texture": "#3"},
				"south": {"uv": [0, 0, 1.5, 1.75], "texture": "#3"},
				"west": {"uv": [0, 0, 1.5, 1.75], "texture": "#3"},
				"down": {"uv": [0, 0, 1.5, 1.5], "texture": "#1"}
			}
		},
		{
			"name": "cap",
			"from": [13.11328, 1.31064, 3.53312],
			"to": [15.27328, 4.19064, 5.69312],
			"rotation": {"angle": 0, "axis": "y", "origin": [9.87328, 11.39064, 7.49312]},
			"faces": {
				"north": {"uv": [0, 0, 3, 1.25], "texture": "#2"},
				"east": {"uv": [0, 0, 5, 1.25], "texture": "#2"},
				"south": {"uv": [0, 0, 3, 1.25], "texture": "#2"},
				"west": {"uv": [0, 0, 5, 1.25], "texture": "#2"},
				"up": {"uv": [0, 0, 3, 5], "texture": "#2"},
				"down": {"uv": [0, 0, 3, 5], "texture": "#1"}
			}
		},
		{
			"name": "stem",
			"from": [13.47328, -0.12936, 3.89312],
			"to": [14.91328, 1.31064, 5.33312],
			"rotation": {"angle": 0, "axis": "y", "origin": [9.87328, 11.39064, 7.49312]},
			"faces": {
				"north": {"uv": [0, 0, 1.5, 1.75], "texture": "#3"},
				"east": {"uv": [0, 0, 5, 1.25], "texture": "#3"},
				"south": {"uv": [0, 0, 1.5, 1.75], "texture": "#3"},
				"west": {"uv": [0, 0, 1.5, 1.75], "texture": "#3"},
				"down": {"uv": [0, 0, 1.5, 1.5], "texture": "#1"}
			}
		},
		{
			"name": "cap",
			"from": [7.15328, 0.59064, 6.77312],
			"to": [8.59328, 2.03064, 8.21312],
			"rotation": {"angle": 0, "axis": "y", "origin": [7.87328, 11.39064, 7.49312]},
			"faces": {
				"north": {"uv": [0, 0, 3, 1.25], "texture": "#2"},
				"east": {"uv": [0, 0, 5, 1.25], "texture": "#2"},
				"south": {"uv": [0, 0, 3, 1.25], "texture": "#2"},
				"west": {"uv": [0, 0, 5, 1.25], "texture": "#2"},
				"up": {"uv": [0, 0, 3, 5], "texture": "#2"},
				"down": {"uv": [0, 0, 3, 5], "texture": "#1"}
			}
		},
		{
			"name": "stem",
			"from": [7.51328, -0.12936, 7.13312],
			"to": [8.23328, 0.59064, 7.85312],
			"rotation": {"angle": 0, "axis": "y", "origin": [7.87328, 11.39064, 7.49312]},
			"faces": {
				"north": {"uv": [0, 0, 1.5, 1.75], "texture": "#3"},
				"east": {"uv": [0, 0, 5, 1.25], "texture": "#3"},
				"south": {"uv": [0, 0, 1.5, 1.75], "texture": "#3"},
				"west": {"uv": [0, 0, 1.5, 1.75], "texture": "#3"},
				"down": {"uv": [0, 0, 1.5, 1.5], "texture": "#1"}
			}
		},
		{
			"name": "cap",
			"from": [3.27328, 0.95064, 5.89312],
			"to": [4.71328, 2.75064, 7.33312],
			"rotation": {"angle": 0, "axis": "y", "origin": [6.87328, 11.39064, 9.49312]},
			"faces": {
				"north": {"uv": [0, 0, 3, 1.25], "texture": "#2"},
				"east": {"uv": [0, 0, 5, 1.25], "texture": "#2"},
				"south": {"uv": [0, 0, 3, 1.25], "texture": "#2"},
				"west": {"uv": [0, 0, 5, 1.25], "texture": "#2"},
				"up": {"uv": [0, 0, 3, 5], "texture": "#2"},
				"down": {"uv": [0, 0, 3, 5], "texture": "#1"}
			}
		},
		{
			"name": "stem",
			"from": [3.63328, -0.12936, 6.25312],
			"to": [4.35328, 0.95064, 6.97312],
			"rotation": {"angle": 0, "axis": "y", "origin": [6.87328, 11.39064, 9.49312]},
			"faces": {
				"north": {"uv": [0, 0, 1.5, 1.75], "texture": "#3"},
				"east": {"uv": [0, 0, 5, 1.25], "texture": "#3"},
				"south": {"uv": [0, 0, 1.5, 1.75], "texture": "#3"},
				"west": {"uv": [0, 0, 1.5, 1.75], "texture": "#3"},
				"down": {"uv": [0, 0, 1.5, 1.5], "texture": "#1"}
			}
		},
		{
			"name": "cap",
			"from": [8.27328, 0.95064, 0.89312],
			"to": [9.71328, 2.75064, 2.33312],
			"rotation": {"angle": 0, "axis": "y", "origin": [11.87328, 11.39064, 4.49312]},
			"faces": {
				"north": {"uv": [0, 0, 3, 1.25], "texture": "#2"},
				"east": {"uv": [0, 0, 5, 1.25], "texture": "#2"},
				"south": {"uv": [0, 0, 3, 1.25], "texture": "#2"},
				"west": {"uv": [0, 0, 5, 1.25], "texture": "#2"},
				"up": {"uv": [0, 0, 3, 5], "texture": "#2"},
				"down": {"uv": [0, 0, 3, 5], "texture": "#1"}
			}
		},
		{
			"name": "stem",
			"from": [8.63328, -0.12936, 1.25312],
			"to": [9.35328, 0.95064, 1.97312],
			"rotation": {"angle": 0, "axis": "y", "origin": [11.87328, 11.39064, 4.49312]},
			"faces": {
				"north": {"uv": [0, 0, 1.5, 1.75], "texture": "#3"},
				"east": {"uv": [0, 0, 5, 1.25], "texture": "#3"},
				"south": {"uv": [0, 0, 1.5, 1.75], "texture": "#3"},
				"west": {"uv": [0, 0, 1.5, 1.75], "texture": "#3"},
				"down": {"uv": [0, 0, 1.5, 1.5], "texture": "#1"}
			}
		}
	],
	"groups": [
		{
			"name": "size2",
			"origin": [8, 8, 8],
			"children": [
				{
					"name": "1",
					"origin": [8, 8, 8],
					"children": [0, 1]
				},
				{
					"name": "1",
					"origin": [8, 8, 8],
					"children": [2, 3]
				},
				{
					"name": "1",
					"origin": [8, 8, 8],
					"children": [4, 5]
				},
				{
					"name": "1",
					"origin": [8, 8, 8],
					"children": [6, 7]
				},
				{
					"name": "1",
					"origin": [8, 8, 8],
					"children": [8, 9]
				},
				{
					"name": "1",
					"origin": [8, 8, 8],
					"children": [10, 11]
				},
				{
					"name": "2",
					"origin": [8, 8, 8],
					"children": [12, 13]
				},
				{
					"name": "2",
					"origin": [8, 8, 8],
					"children": [14, 15]
				},
				{
					"name": "2",
					"origin": [8, 8, 8],
					"children": [16, 17]
				}
			]
		}
	]
}