{
    "__comment": "Model generated using MrCrayfish's Model Creator (http://mrcrayfish.com/modelcreator/)",
    "textures": {
        "0": "blocks/bucket",
        "1": "blocks/bucket_inner",
        "2": "blocks/bucket_bottom_innner",
        "3": "blocks/bucket_bottom",
        "4": "blocks/bucket_handle",
        "5": "blocks/water_flow",
        "6": "blocks/water_still"
    },
    "elements": [
        {
            "name": "side1",
            "from": [ 4.0, 3.0, 4.0 ], 
            "to": [ 12.0, 11.0, 5.0 ], 
            "faces": {
                "north": { "texture": "#0", "uv": [ 0.0, 0.0, 8.0, 8.0 ] },
                "east": { "texture": "#0", "uv": [ 0.0, 0.0, 1.0, 8.0 ] },
                "south": { "texture": "#1", "uv": [ 0.0, 0.0, 8.0, 8.0 ] },
                "west": { "texture": "#0", "uv": [ 0.0, 0.0, 1.0, 8.0 ] },
                "up": { "texture": "#0", "uv": [ 0.0, 0.0, 16.0, 1.0 ] },
                "down": { "texture": "#0", "uv": [ 0.0, 0.0, 16.0, 1.0 ] }
            }
        },
        {
            "name": "side2",
            "from": [ 4.0, 3.0, 4.0 ], 
            "to": [ 5.0, 11.0, 12.0 ], 
            "faces": {
                "north": { "texture": "#0", "uv": [ 0.0, 0.0, 1.0, 8.0 ], "rotation": 90 },
                "east": { "texture": "#1", "uv": [ 0.0, 0.0, 16.0, 16.0 ] },
                "south": { "texture": "#0", "uv": [ 0.0, 0.0, 1.0, 8.0 ] },
                "west": { "texture": "#0", "uv": [ 0.0, 0.0, 16.0, 16.0 ] },
                "up": { "texture": "#0", "uv": [ 0.0, 0.0, 16.0, 1.0 ], "rotation": 90 },
                "down": { "texture": "#0", "uv": [ 0.0, 0.0, 16.0, 1.0 ], "rotation": 90 }
            }
        },
        {
            "name": "side3",
            "from": [ 4.0, 3.0, 11.0 ], 
            "to": [ 12.0, 11.0, 12.0 ], 
            "faces": {
                "north": { "texture": "#1", "uv": [ 0.0, 0.0, 8.0, 8.0 ] },
                "east": { "texture": "#0", "uv": [ 0.0, 0.0, 1.0, 8.0 ] },
                "south": { "texture": "#0", "uv": [ 0.0, 0.0, 8.0, 8.0 ] },
                "west": { "texture": "#0", "uv": [ 2.0, 0.0, 0.0, 15.0 ] },
                "up": { "texture": "#0", "uv": [ 0.0, 0.0, 16.0, 1.0 ] },
                "down": { "texture": "#0", "uv": [ 0.0, 0.0, 16.0, 1.0 ] }
            }
        },
        {
            "name": "side4",
            "from": [ 11.0, 3.0, 4.0 ], 
            "to": [ 12.0, 11.0, 12.0 ], 
            "faces": {
                "north": { "texture": "#0", "uv": [ 0.0, 0.0, 1.0, 8.0 ] },
                "east": { "texture": "#0", "uv": [ 0.0, 0.0, 16.0, 16.0 ] },
                "south": { "texture": "#0", "uv": [ 0.0, 0.0, 1.0, 8.0 ] },
                "west": { "texture": "#1", "uv": [ 0.0, 0.0, 16.0, 12.0 ] },
                "up": { "texture": "#0", "uv": [ 0.0, 1.0, 16.0, 0.0 ], "rotation": 90 },
                "down": { "texture": "#0", "uv": [ 0.0, 0.0, 16.0, 1.0 ], "rotation": 90 }
            }
        },
        {
            "name": "bottom",
            "from": [ 5.0, 3.0, 5.0 ], 
            "to": [ 11.0, 4.0, 11.0 ], 
            "faces": {
                "north": { "texture": "#1", "uv": [ 0.0, 0.0, 6.0, 1.0 ] },
                "east": { "texture": "#-1", "uv": [ 0.0, 0.0, 6.0, 1.0 ] },
                "south": { "texture": "#-1", "uv": [ 0.0, 0.0, 6.0, 1.0 ] },
                "west": { "texture": "#-1", "uv": [ 0.0, 0.0, 6.0, 1.0 ] },
                "up": { "texture": "#2", "uv": [ 0.0, 0.0, 6.0, 6.0 ] },
                "down": { "texture": "#3", "uv": [ 0.0, 0.0, 6.0, 6.0 ] }
            }
        },
        {
            "name": "handle1",
            "from": [ 3.2000000029802322, 0.5999999642372131, -1.6999999806284904 ], 
            "to": [ 4.0, 2.0999999716877937, -0.19999997317790985 ], 
            "rotation": { "origin": [ 10.100000001490116, -6.899999998509884, 11.000000014901161 ], "axis": "x", "angle": 45.0 },
            "faces": {
                "north": { "texture": "#4", "uv": [ 0.0, 0.0, 0.7999999970197678, 1.5000000074505806 ] },
                "east": { "texture": "#4", "uv": [ 0.0, 0.0, 1.5000000074505806, 1.5000000074505806 ] },
                "south": { "texture": "#4", "uv": [ 0.0, 0.0, 0.7999999970197678, 1.5000000074505806 ] },
                "west": { "texture": "#4", "uv": [ 0.0, 0.0, 1.5000000074505806, 1.5000000074505806 ] },
                "up": { "texture": "#4", "uv": [ 0.0, 0.0, 0.7999999970197678, 1.5000000074505806 ] },
                "down": { "texture": "#4", "uv": [ 0.0, 0.0, 0.7999999970197678, 1.5000000074505806 ] }
            }
        },
        {
            "name": "handle2",
            "from": [ 3.200000010430813, 7.399999976158142, 8.100000016391277 ], 
            "to": [ 4.000000007450581, 8.19999997317791, 13.500000022351742 ], 
            "rotation": { "origin": [ 8.0, 8.0, 8.0 ], "axis": "x", "angle": 22.5 },
            "faces": {
                "north": { "texture": "#4", "uv": [ 0.0, 0.0, 0.7999999970197678, 0.7999999970197678 ] },
                "east": { "texture": "#4", "uv": [ 0.0, 0.0, 5.4000000059604645, 0.7999999970197678 ] },
                "south": { "texture": "#4", "uv": [ 0.0, 0.0, 0.7999999970197678, 0.7999999970197678 ] },
                "west": { "texture": "#4", "uv": [ 0.0, 0.0, 5.4000000059604645, 0.7999999970197678 ] },
                "up": { "texture": "#4", "uv": [ 0.0, 0.0, 0.7999999970197678, 5.4000000059604645 ] },
                "down": { "texture": "#4", "uv": [ 0.0, 0.0, 0.7999999970197678, 5.4000000059604645 ] }
            }
        },
        {
            "name": "handle3",
            "from": [ 12.00000000745058, 7.399999976158142, 8.100000016391277 ], 
            "to": [ 12.800000004470348, 8.19999997317791, 13.400000020861626 ], 
            "rotation": { "origin": [ 8.0, 8.0, 8.0 ], "axis": "x", "angle": 22.5 },
            "faces": {
                "north": { "texture": "#4", "uv": [ 0.0, 0.0, 0.7999999970197678, 0.7999999970197678 ] },
                "east": { "texture": "#4", "uv": [ 0.0, 0.0, 5.300000004470348, 0.7999999970197678 ] },
                "south": { "texture": "#4", "uv": [ 0.0, 0.0, 0.7999999970197678, 0.7999999970197678 ] },
                "west": { "texture": "#4", "uv": [ 0.0, 0.0, 5.300000004470348, 0.7999999970197678 ] },
                "up": { "texture": "#4", "uv": [ 0.0, 0.0, 0.7999999970197678, 5.300000004470348 ] },
                "down": { "texture": "#4", "uv": [ 0.0, 0.0, 0.7999999970197678, 5.300000004470348 ] }
            }
        },
        {
            "name": "handle4",
            "from": [ 12.0, 0.5999999642372131, -2.7999999821186066 ], 
            "to": [ 12.799999997019768, 2.0999999716877937, -1.299999974668026 ], 
            "rotation": { "origin": [ 10.0, -7.600000008940697, 10.400000005960464 ], "axis": "x", "angle": 45.0 },
            "faces": {
                "north": { "texture": "#4", "uv": [ 0.0, 0.0, 0.7999999970197678, 1.5000000074505806 ] },
                "east": { "texture": "#4", "uv": [ 0.0, 0.0, 1.5000000074505806, 1.5000000074505806 ] },
                "south": { "texture": "#4", "uv": [ 0.0, 0.0, 0.7999999970197678, 1.5000000074505806 ] },
                "west": { "texture": "#4", "uv": [ 0.0, 0.0, 1.5000000074505806, 1.5000000074505806 ] },
                "up": { "texture": "#4", "uv": [ 0.0, 0.0, 0.7999999970197678, 1.5000000074505806 ] },
                "down": { "texture": "#4", "uv": [ 0.0, 0.0, 0.7999999970197678, 1.5000000074505806 ] }
            }
        },
        {
            "name": "handle5",
            "from": [ 3.200000010430813, 5.299999974668026, 11.100000016391277 ], 
            "to": [ 12.80000001937151, 6.099999971687794, 11.900000016391278 ], 
            "rotation": { "origin": [ 8.0, 3.0, 12.49999999254942 ], "axis": "x", "angle": 22.5 },
            "faces": {
                "north": { "texture": "#4", "uv": [ 0.0, 0.0, 9.600000008940697, 0.7999999970197678 ] },
                "east": { "texture": "#4", "uv": [ 0.0, 0.0, 0.8, 0.7999999970197678 ] },
                "south": { "texture": "#4", "uv": [ 0.0, 0.0, 9.600000008940697, 0.7999999970197678 ] },
                "west": { "texture": "#4", "uv": [ 0.0, 0.0, 0.8, 0.7999999970197678 ] },
                "up": { "texture": "#4", "uv": [ 0.0, 0.0, 9.600000008940697, 0.8 ] },
                "down": { "texture": "#4", "uv": [ 0.0, 0.0, 9.600000008940697, 0.8 ] }
            }
        },
        {
            "name": "water",
            "from": [ 5.0, 9.0, 5.0 ], 
            "to": [ 11.0, 10.0, 11.0 ], 
            "faces": {
                "north": { "texture": "#5", "uv": [ 0.0, 0.0, 6.0, 1.0 ] },
                "east": { "texture": "#5", "uv": [ 0.0, 0.0, 6.0, 1.0 ] },
                "south": { "texture": "#5", "uv": [ 0.0, 0.0, 6.0, 1.0 ] },
                "west": { "texture": "#5", "uv": [ 0.0, 0.0, 6.0, 1.0 ] },
                "up": { "texture": "#6", "uv": [ 0.0, 0.0, 6.0, 6.0 ] },
                "down": { "texture": "#6", "uv": [ 0.0, 0.0, 6.0, 6.0 ] }
            }
        }
    ],
	"display" : {
		"gui" : {
			"rotation": [ 30 ,45 , 0 ],
			"scale":[ 1.2 , 1.2, 1.2 ],
			"translation":[ -0.8 , 1 , 0]
		},
		"thirdperson_righthand": {
			"translation":[ 0 , 0 , -4.3 ]
		}
	}
}