{
    "__comment": "Model generated using MrCrayfish's Model Creator (http://mrcrayfish.com/modelcreator/)",
    "textures": {
	"particle":"#texture"
    },
    "elements": [
        {
            "name": "Element",
            "from": [ 6.0, 0.0, 6.0 ], 
            "to": [ 10.0, 2.0, 10.0 ], 
            "faces": {
                "north": { "texture": "#texture", "uv": [ 5.0, 14.0, 11.0, 16.0 ] },
                "east": { "texture": "#texture", "uv": [ 6.0, 14.0, 10.0, 16.0 ] },
                "south": { "texture": "#texture", "uv": [ 5.0, 14.0, 11.0, 16.0 ] },
                "west": { "texture": "#texture", "uv": [ 6.0, 14.0, 10.0, 16.0 ] },
                "up": { "texture": "#texture", "uv": [ 5.0, 10.0, 11.0, 6.0 ] },
                "down": { "texture": "#texture", "uv": [ 5.0, 6.0, 11.0, 10.0 ], "cullface": "down" }
            }
        },
        {
            "name": "Cube",
            "from": [ 6.0, 0.0, 5.0 ], 
            "to": [ 11.0, 1.0, 6.0 ], 
            "faces": {
                "north": { "texture": "#frame", "uv": [ 0.0, 0.0, 5.0, 1.0 ] },
                "east": { "texture": "#frame", "uv": [ 0.0, 0.0, 1.0, 1.0 ] },
                "south": { "texture": "#frame", "uv": [ 0.0, 0.0, 5.0, 1.0 ] },
                "west": { "texture": "#frame", "uv": [ 0.0, 0.0, 1.0, 1.0 ] },
                "up": { "texture": "#frame", "uv": [ 0.0, 0.0, 5.0, 1.0 ] },
                "down": { "texture": "#frame", "uv": [ 0.0, 0.0, 5.0, 1.0 ] }
            }
        },
        {
            "name": "Cube",
            "from": [ 5.0, 0.0, 10.0 ], 
            "to": [ 10.0, 1.0, 11.0 ], 
            "faces": {
                "north": { "texture": "#frame", "uv": [ 0.0, 0.0, 5.0, 1.0 ] },
                "east": { "texture": "#frame", "uv": [ 0.0, 0.0, 1.0, 1.0 ] },
                "south": { "texture": "#frame", "uv": [ 0.0, 0.0, 5.0, 1.0 ] },
                "west": { "texture": "#frame", "uv": [ 0.0, 0.0, 1.0, 1.0 ] },
                "up": { "texture": "#frame", "uv": [ 0.0, 0.0, 5.0, 1.0 ] },
                "down": { "texture": "#frame", "uv": [ 0.0, 0.0, 5.0, 1.0 ] }
            }
        },
        {
            "name": "Cube",
            "from": [ 5.0, 0.0, 5.0 ], 
            "to": [ 6.0, 1.0, 10.0 ], 
            "faces": {
                "north": { "texture": "#frame", "uv": [ 0.0, 0.0, 1.0, 1.0 ] },
                "east": { "texture": "#frame", "uv": [ 0.0, 0.0, 5.0, 1.0 ] },
                "south": { "texture": "#frame", "uv": [ 0.0, 0.0, 1.0, 1.0 ] },
                "west": { "texture": "#frame", "uv": [ 0.0, 0.0, 5.0, 1.0 ] },
                "up": { "texture": "#frame", "uv": [ 0.0, 0.0, 1.0, 5.0 ] },
                "down": { "texture": "#frame", "uv": [ 0.0, 0.0, 1.0, 5.0 ] }
            }
        },
        {
            "name": "Cube",
            "from": [ 10.0, 0.0, 6.0 ], 
            "to": [ 11.0, 1.0, 11.0 ], 
            "faces": {
                "north": { "texture": "#frame", "uv": [ 0.0, 0.0, 1.0, 1.0 ] },
                "east": { "texture": "#frame", "uv": [ 0.0, 0.0, 5.0, 1.0 ] },
                "south": { "texture": "#frame", "uv": [ 0.0, 0.0, 1.0, 1.0 ] },
                "west": { "texture": "#frame", "uv": [ 0.0, 0.0, 5.0, 1.0 ] },
                "up": { "texture": "#frame", "uv": [ 0.0, 0.0, 1.0, 5.0 ] },
                "down": { "texture": "#frame", "uv": [ 0.0, 0.0, 1.0, 5.0 ] }
            }
        }
    ]
}