{
	"credit": "Made with Blockbench",
	"parent": "block/block",
	"ambientocclusion": false,
	"textures": {
		"bottom": "blocks/cactus_bottom",
		"top": "blocks/cactus_top",
		"particle": "blocks/cactus_side",
		"side": "blocks/cactus_side"
	},
	"elements": [
		{
			"from": [0, 0, 0],
			"to": [16, 16, 16],
			"faces": {
				"up": {"uv": [0, 0, 16, 16], "texture": "#top", "cullface": "up"},
				"down": {"uv": [0, 0, 16, 16], "texture": "#bottom", "cullface": "down"}
			}
		},
		{
			"from": [0, 0, 1],
			"to": [16, 16, 15],
			"faces": {
				"north": {"uv": [0, 0, 16, 16], "texture": "#side"},
				"south": {"uv": [0, 0, 16, 16], "texture": "#side"}
			}
		},
		{
			"from": [1, 0, 0],
			"to": [15, 16, 16],
			"faces": {
				"east": {"uv": [0, 0, 16, 16], "texture": "#side"},
				"west": {"uv": [0, 0, 16, 16], "texture": "#side"}
			}
		},
		{
			"from": [1.75, 16, 1.75],
			"to": [14.25, 17.75, 14.25],
			"rotation": {"angle": 0, "axis": "y", "origin": [9.75, 24, 9.75]},
			"faces": {
				"north": {"uv": [2, 3, 14.5, 5], "texture": "#top"},
				"east": {"uv": [2, 3, 14.5, 5], "texture": "#top"},
				"south": {"uv": [2, 3, 14.5, 5], "texture": "#top"},
				"west": {"uv": [2, 3, 14.5, 5], "texture": "#top"},
				"up": {"uv": [2, 2, 14, 14], "texture": "#top"}
			}
		},
		{
			"from": [3.5, 17.75, 3.5],
			"to": [12.5, 18.7, 12.5],
			"rotation": {"angle": 0, "axis": "y", "origin": [12, 25.75, 12]},
			"faces": {
				"north": {"uv": [3, 5, 11, 6.5], "texture": "#top"},
				"east": {"uv": [3, 5, 11, 6.5], "texture": "#top"},
				"south": {"uv": [3, 5, 11, 6.5], "texture": "#top"},
				"west": {"uv": [3, 5, 11, 6.5], "texture": "#top"},
				"up": {"uv": [4, 4, 12, 12], "texture": "#top"}
			}
		},
		{
			"from": [-2, 1, 5],
			"to": [4, 13, 11],
			"rotation": {"angle": 22.5, "axis": "z", "origin": [-1, 9, 6]},
			"faces": {
				"north": {"uv": [5, 2, 11, 14], "texture": "#side"},
				"south": {"uv": [5, 2, 11, 14], "texture": "#side"},
				"west": {"uv": [5, 2, 11, 14], "texture": "#side"},
				"up": {"uv": [5, 5, 11, 11], "texture": "#top"}
			}
		}
	]
}