{
	"credit": "Made with Blockbench",
	"ambientocclusion": false,
	"textures": {
		"0": "blocks/repeater_base",
		"1": "blocks/repeater_off",
		"2": "blocks/repeater_off_wire",
		"3": "blocks/repeater_off_triangle",
		"particle": "blocks/redstone_devices/off_part"
	},
	"elements": [
		{
			"name": "frame",
			"from": [10, 0, 0],
			"to": [14, 1.5, 2],
			"faces": {
				"north": {"uv": [0, 0, 5, 1], "texture": "#0"},
				"south": {"uv": [0, 1.5, 4, 0], "texture": "#0"},
				"west": {"uv": [0, 0, 2, 1.5], "texture": "#0"},
				"up": {"uv": [0, 0, 4, 2], "texture": "#0"},
				"down": {"uv": [0, 2, 4, 0], "texture": "#0"}
			}
		},
		{
			"name": "frame",
			"from": [2, 0, 14],
			"to": [14, 1.5, 15],
			"faces": {
				"north": {"uv": [0, 0, 5, 1], "texture": "#0"},
				"south": {"uv": [0, 0, 12, 1.5], "texture": "#0"},
				"up": {"uv": [0, 0, 12, 1], "texture": "#0"},
				"down": {"uv": [0, 0, 12, 1], "rotation": 180, "texture": "#0"}
			}
		},
		{
			"name": "frame",
			"from": [2, 0, 0],
			"to": [6, 1.5, 2],
			"faces": {
				"north": {"uv": [0, 0, 5, 1], "texture": "#0"},
				"east": {"uv": [0, 0, 2, 1.5], "texture": "#0"},
				"south": {"uv": [4, 1.5, 0, 0], "texture": "#0"},
				"up": {"uv": [4, 0, 0, 2], "texture": "#0"},
				"down": {"uv": [4, 2, 0, 0], "texture": "#0"}
			}
		},
		{
			"name": "frame",
			"from": [14, 0, 0],
			"to": [15, 1.5, 16],
			"faces": {
				"north": {"uv": [0, 0, 1, 1], "texture": "#0"},
				"east": {"uv": [0, 0, 16, 1], "texture": "#0"},
				"south": {"uv": [0, 0, 1, 1.5], "texture": "#0"},
				"west": {"uv": [0, 0, 16, 1], "texture": "#0"},
				"up": {"uv": [1, 0, 2, 16], "texture": "#0"},
				"down": {"uv": [1, 0, 2, 16], "texture": "#0"}
			}
		},
		{
			"name": "frame",
			"from": [1, 0, 0],
			"to": [2, 1.5, 16],
			"faces": {
				"north": {"uv": [0, 0, 1, 1], "texture": "#0"},
				"east": {"uv": [0, 1.5, 16, 0], "texture": "#0"},
				"south": {"uv": [0, 0, 1, 1.5], "texture": "#0"},
				"west": {"uv": [0, 0, 16, 1], "rotation": 180, "texture": "#0"},
				"up": {"uv": [1, 0, 2, 16], "texture": "#0"},
				"down": {"uv": [1, 0, 2, 16], "texture": "#0"}
			}
		},
		{
			"name": "arrow",
			"from": [5.1718, 2.999, 12.17191],
			"to": [7.9998, 3.249, 14.99991],
			"rotation": {"angle": -45, "axis": "y", "origin": [8.0003, 2.75, 15.00041]},
			"faces": {
				"north": {"uv": [0, 0, 2.828, 1], "texture": "#0"},
				"west": {"uv": [0, 0, 2.828, 1], "texture": "#0"},
				"up": {"uv": [1, 1, 3.828, 3.828], "texture": "#0"}
			}
		},
		{
			"name": "arrow",
			"from": [6, 0.5, 13],
			"to": [10, 3.25, 14.999],
			"faces": {
				"north": {"uv": [0, 0, 4, 2.75], "texture": "#0"},
				"east": {"uv": [0, 0, 0.75, 2], "texture": "#0"},
				"south": {"uv": [1, 13, 5, 15.75], "texture": "#0"},
				"west": {"uv": [0, 0, 0.75, 2], "texture": "#0"},
				"up": {"uv": [2.499, 6, 0, 10], "rotation": 90, "texture": "#0"},
				"down": {"uv": [0, 0, 2, 0.75], "rotation": 270, "texture": "#0"}
			}
		},
		{
			"name": "beam",
			"from": [2, -0.001, 7],
			"to": [14, 2.449, 9],
			"rotation": {"angle": 0, "axis": "y", "origin": [8, 8, 11]},
			"faces": {
				"north": {"uv": [2, 0, 14, 2.25], "texture": "#0"},
				"east": {"uv": [0, 0, 2.25, 2], "rotation": 90, "texture": "#0"},
				"south": {"uv": [0, 2.25, 12, 0], "texture": "#0"},
				"west": {"uv": [0, 0, 2.25, 2], "rotation": 90, "texture": "#0"},
				"up": {"uv": [0, 0, 10.75, 2], "texture": "#0"},
				"down": {"uv": [2, 0, 14, 2], "texture": "#0"}
			}
		},
		{
			"name": "frame",
			"from": [15, 0, 0],
			"to": [16, 1.5, 5],
			"rotation": {"angle": 0, "axis": "y", "origin": [23, 8, 8]},
			"faces": {
				"north": {"uv": [0, 0, 1, 1.5], "texture": "#0"},
				"east": {"uv": [0, 0, 5, 1], "texture": "#0"},
				"south": {"uv": [0, 0, 1, 1.5], "texture": "#0"},
				"up": {"uv": [0, 0, 1, 5], "texture": "#0"},
				"down": {"uv": [0, 0, 1, 5], "texture": "#0"}
			}
		},
		{
			"name": "frame",
			"from": [0, 0, 0],
			"to": [1, 1.5, 5],
			"faces": {
				"north": {"uv": [0, 0, 1, 1.5], "texture": "#0"},
				"south": {"uv": [0, 0, 1, 1.5], "texture": "#0"},
				"west": {"uv": [0, 0, 5, 1], "texture": "#0"},
				"up": {"uv": [0, 0, 1, 5], "texture": "#0"},
				"down": {"uv": [0, 0, 1, 5], "texture": "#0"}
			}
		},
		{
			"name": "frame",
			"from": [0, 0, 11],
			"to": [1, 1.5, 16],
			"rotation": {"angle": 0, "axis": "y", "origin": [8, 8, 22]},
			"faces": {
				"north": {"uv": [0, 0, 1, 1.5], "texture": "#0"},
				"south": {"uv": [0, 0, 1, 1.5], "texture": "#0"},
				"west": {"uv": [0, 0, 5, 1], "texture": "#0"},
				"up": {"uv": [0, 0, 1, 5], "texture": "#0"},
				"down": {"uv": [0, 0, 1, 5], "texture": "#0"}
			}
		},
		{
			"name": "frame",
			"from": [15, 0, 11],
			"to": [16, 1.5, 16],
			"rotation": {"angle": 0, "axis": "y", "origin": [23, 8, 22]},
			"faces": {
				"north": {"uv": [0, 0, 1, 1.5], "texture": "#0"},
				"east": {"uv": [0, 0, 5, 1], "texture": "#0"},
				"south": {"uv": [0, 0, 1, 1.5], "texture": "#0"},
				"up": {"uv": [0, 0, 1, 5], "texture": "#0"},
				"down": {"uv": [0, 0, 1, 5], "texture": "#0"}
			}
		},
		{
			"name": "crystal",
			"from": [2.3872, 0, 7.95711],
			"to": [13.6128, 3.0256, 13.95711],
			"rotation": {"angle": 0, "axis": "y", "origin": [8, 0, 7.95711]},
			"faces": {
				"north": {"uv": [0, 2, 10, 4], "rotation": 180, "texture": "#1"},
				"east": {"uv": [0, 0, 10, 10], "rotation": 90, "texture": "#1"},
				"south": {"uv": [0, 3, 10, 5], "rotation": 180, "texture": "#1"},
				"west": {"uv": [0, 0, 10, 10], "rotation": 270, "texture": "#1"},
				"up": {"uv": [0, 10, 10, 0], "rotation": 180, "texture": "#1"},
				"down": {"uv": [0, 0, 10, 10], "rotation": 180, "texture": "#1"}
			}
		},
		{
			"name": "crystal",
			"from": [4.5, 0, 3.54806],
			"to": [11.5, 2.0256, 10.54806],
			"rotation": {"angle": 45, "axis": "y", "origin": [8, 1.0128, 7.04806]},
			"faces": {
				"north": {"uv": [0, 0, 10, 1], "rotation": 270, "texture": "#3"},
				"east": {"uv": [0, 0, 10, 1], "rotation": 270, "texture": "#3"},
				"up": {"uv": [0, 10, 10, 0], "rotation": 270, "texture": "#3"},
				"down": {"uv": [0, 0, 10, 10], "rotation": 90, "texture": "#3"}
			}
		},
		{
			"name": "wire",
			"from": [2, 0, 15],
			"to": [14, 1, 16],
			"faces": {
				"north": {"uv": [0, 0, 0, 0], "texture": "#2"},
				"east": {"uv": [0, 0, 0, 0], "texture": "#2"},
				"south": {"uv": [0, 0, 4, 1], "texture": "#2"},
				"west": {"uv": [0, 0, 0, 0], "texture": "#2"},
				"up": {"uv": [0, 0, 4, 2], "texture": "#2"},
				"down": {"uv": [0, 0, 4, 2], "texture": "#2"}
			}
		},
		{
			"name": "wire",
			"from": [0, 0, 5],
			"to": [1, 1, 11],
			"faces": {
				"north": {"uv": [0, 0, 0, 0], "texture": "#2"},
				"east": {"uv": [0, 0, 0, 0], "texture": "#2"},
				"south": {"uv": [0, 0, 0, 0], "texture": "#2"},
				"west": {"uv": [0, 0, 4, 1], "texture": "#2"},
				"up": {"uv": [0, 0, 4, 2], "rotation": 90, "texture": "#2"},
				"down": {"uv": [0, 0, 4, 2], "rotation": 270, "texture": "#2"}
			}
		},
		{
			"name": "wire",
			"from": [15, 0, 5],
			"to": [16, 1, 11],
			"rotation": {"angle": 0, "axis": "y", "origin": [23, 8, 8]},
			"faces": {
				"north": {"uv": [0, 0, 0, 0], "texture": "#2"},
				"east": {"uv": [0, 0, 4, 1], "texture": "#2"},
				"south": {"uv": [0, 0, 0, 0], "texture": "#2"},
				"west": {"uv": [0, 0, 0, 0], "texture": "#2"},
				"up": {"uv": [0, 0, 4, 2], "rotation": 90, "texture": "#2"},
				"down": {"uv": [0, 0, 4, 2], "rotation": 270, "texture": "#2"}
			}
		},
		{
			"name": "wire",
			"from": [6, -0.001, 0],
			"to": [10, 0.998, 5.5],
			"faces": {
				"north": {"uv": [0, 0, 4, 1], "texture": "#2"},
				"east": {"uv": [0, 0, 0.5, 6], "texture": "#2"},
				"south": {"uv": [0, 0, 0, 0], "texture": "#2"},
				"west": {"uv": [0, 0, 0.5, 6], "texture": "#2"},
				"up": {"uv": [0, 0, 4, 5.5], "texture": "#2"},
				"down": {"uv": [0, 0, 4, 5.5], "texture": "#2"}
			}
		}
	],
	"groups": [
		{
			"name": "frames",
			"origin": [8, 8, 8],
			"children": [0, 1, 2, 3, 4, 5, 6, 7, 8, 9, 10, 11]
		},
		{
			"name": "redstone",
			"origin": [8, 8, 8],
			"children": [
				{
					"name": "crystals",
					"origin": [8, 8, 8],
					"children": [12, 13]
				},
				{
					"name": "wire",
					"origin": [8, 8, 8],
					"children": [14, 15, 16, 17]
				}
			]
		}
	]
}