{
	"credit": "Made with Blockbench",
	"parent": "block/cross",
	"textures": {
		"cross": "blocks/flower_oxeye_daisy"
	},
	"elements": [
		{
			"from": [4, 0, 8],
			"to": [12, 8, 8],
			"rotation": {"angle": 45, "axis": "y", "origin": [8, 4, 8]},
			"faces": {
				"north": {"uv": [4, 8, 12, 16], "texture": "#cross"},
				"south": {"uv": [12, 8, 4, 16], "texture": "#cross"}
			}
		},
		{
			"from": [8, 0, 4],
			"to": [8, 8, 12],
			"rotation": {"angle": 45, "axis": "y", "origin": [8, 4, 8]},
			"faces": {
				"east": {"uv": [12, 8, 4, 16], "texture": "#cross"},
				"west": {"uv": [4, 8, 12, 16], "texture": "#cross"}
			}
		},
		{
			"from": [4.375, 5.25, 8.25],
			"to": [11.625, 12.5, 8.25],
			"rotation": {"angle": 45, "axis": "x", "origin": [7.875, 8.75, 8.25]},
			"faces": {
				"north": {"uv": [0, 0, 7, 7], "texture": "#cross"},
				"south": {"uv": [16, 0, 9, 7], "texture": "#cross"}
			}
		}
	]
}