{
	"credit": "Made with Blockbench",
	"textures": {
		"0": "blocks/flower_pot",
		"1": "blocks/dirt",
		"particle": "blocks/flower_pot"
	},
	"elements": [
		{
			"name": "base",
			"from": [5, 0, 5],
			"to": [11, 5, 11],
			"faces": {
				"north": {"uv": [5, 11, 11, 16], "texture": "#0"},
				"east": {"uv": [5, 11, 11, 16], "texture": "#0"},
				"south": {"uv": [5, 11, 11, 16], "texture": "#0"},
				"west": {"uv": [5, 11, 11, 16], "texture": "#0"},
				"up": {"uv": [3, 6, 9, 12], "texture": "#1"},
				"down": {"uv": [5, 3, 11, 9], "texture": "#0", "cullface": "down"}
			}
		},
		{
			"name": "side",
			"from": [4, 3, 4],
			"to": [12, 6, 5],
			"faces": {
				"north": {"uv": [4, 1, 12, 4], "texture": "#0"},
				"south": {"uv": [4, 9, 12, 11], "texture": "#0"},
				"up": {"uv": [4, 1, 12, 2], "texture": "#0"},
				"down": {"uv": [4, 9, 12, 10], "texture": "#0"}
			}
		},
		{
			"name": "side1",
			"from": [4, 3, 11],
			"to": [12, 6, 12],
			"faces": {
				"north": {"uv": [4, 1, 12, 4], "texture": "#0"},
				"south": {"uv": [4, 9, 12, 11], "texture": "#0"},
				"up": {"uv": [4, 1, 12, 2], "texture": "#0"},
				"down": {"uv": [4, 9, 12, 10], "texture": "#0"}
			}
		},
		{
			"name": "side2",
			"from": [4.001, 3, 4.001],
			"to": [5, 5.999, 11.999],
			"rotation": {"angle": 0, "axis": "y", "origin": [8, 8, 8.001]},
			"faces": {
				"east": {"uv": [12, 1, 4, 4], "rotation": 90, "texture": "#0"},
				"west": {"uv": [4, 1, 12, 4], "texture": "#0"},
				"up": {"uv": [4, 1, 12, 2], "rotation": 90, "texture": "#0"},
				"down": {"uv": [4, 9, 12, 10], "rotation": 90, "texture": "#0"}
			}
		},
		{
			"name": "side3",
			"from": [11.001, 3, 4.001],
			"to": [12.001, 5.999, 11.999],
			"rotation": {"angle": 0, "axis": "y", "origin": [8, 8, 8.001]},
			"faces": {
				"east": {"uv": [12, 1, 4, 4], "texture": "#0"},
				"west": {"uv": [4, 1, 12, 4], "texture": "#0"},
				"up": {"uv": [4, 1, 12, 2], "rotation": 90, "texture": "#0"},
				"down": {"uv": [4, 9, 12, 10], "rotation": 90, "texture": "#0"}
			}
		}
	]
}