{
    "parent": "block/block",
    "textures": {
        "particle": "blocks/grass_side",
        "bottom": "blocks/dirt",
        "top": "blocks/grass_top",
        "side": "blocks/grass_side",
        "overlay": "blocks/grass_side_overlay1",
		"soverlay": "blocks/grass_side_overlay"
    },
	"elements": [
		{
			"from": [0, 0, 0],
			"to": [16, 16, 16],
			"faces": {
				"north": {"uv": [0, 0, 16, 16], "texture": "#side", "cullface": "north"},
				"east": {"uv": [0, 0, 16, 16], "texture": "#side", "cullface": "east"},
				"south": {"uv": [0, 0, 16, 16], "texture": "#side", "cullface": "south"},
				"west": {"uv": [0, 0, 16, 16], "texture": "#side", "cullface": "west"},
				"up": {"uv": [0, 0, 16, 16], "texture": "#top", "cullface": "up", "tintindex": 0},
				"down": {"uv": [0, 0, 16, 16], "texture": "#bottom", "cullface": "down"}
			}
		},
		{
			"from": [0, 0, 0],
			"to": [16, 16, 16],
			"faces": {
				"north": {"uv": [0, 0, 16, 16], "texture": "#soverlay", "cullface": "north", "tintindex": 0},
				"east": {"uv": [0, 0, 16, 16], "texture": "#soverlay", "cullface": "east", "tintindex": 0},
				"south": {"uv": [0, 0, 16, 16], "texture": "#soverlay", "cullface": "south", "tintindex": 0},
				"west": {"uv": [0, 0, 16, 16], "texture": "#soverlay", "cullface": "west", "tintindex": 0}
			}
		},
		{
			"name": "layer_e",
			"from": [17.65588, 4.47028, 0],
			"to": [17.65588, 12.47028, 16],
			"shade": false,
			"rotation": {"angle": 22.5, "axis": "z", "origin": [7.95588, 10.07028, 8]},
			"faces": {
				"east": {"uv": [0, 0, 16, 8], "texture": "#overlay", "cullface": "east", "tintindex": 0},
				"west": {"uv": [0, 0, 16, 8], "texture": "#overlay", "cullface": "east", "tintindex": 0}
			}
		},
		{
			"name": "layer_w",
			"from": [-1.65, 4.48, 0],
			"to": [-1.65, 12.48, 16],
			"shade": false,
			"rotation": {"angle": -22.5, "axis": "z", "origin": [8.05, 10.08, 8]},
			"faces": {
				"east": {"uv": [16, 0, 0, 8], "texture": "#overlay", "cullface": "west", "tintindex": 0},
				"west": {"uv": [16, 0, 0, 8], "texture": "#overlay", "cullface": "west", "tintindex": 0}
			}
		},
		{
			"name": "layer_s",
			"from": [0, 4.48, 17.65],
			"to": [16, 12.48, 17.65],
			"shade": false,
			"rotation": {"angle": -22.5, "axis": "x", "origin": [8, 10.08, 7.95]},
			"faces": {
				"north": {"uv": [16, 0, 0, 8], "texture": "#overlay", "cullface": "south", "tintindex": 0},
				"south": {"uv": [16, 0, 0, 8], "texture": "#overlay", "cullface": "south", "tintindex": 0}
			}
		},
		{
			"name": "layer_n",
			"from": [0, 4.48, -1.65],
			"to": [16, 12.48, -1.65],
			"shade": false,
			"rotation": {"angle": 22.5, "axis": "x", "origin": [8, 10.08, 8.05]},
			"faces": {
				"north": {"uv": [0, 0, 16, 8], "texture": "#overlay", "cullface": "north", "tintindex": 0},
				"south": {"uv": [0, 0, 16, 8], "texture": "#overlay", "cullface": "north", "tintindex": 0}
			}
		}
	]
}
