{
	"credit": "Made with Blockbench",
	"ambientocclusion": false,
	"textures": {
		"1": "blocks/planks_oak",
		"particle": "blocks/planks_oak"
	},
	"elements": [
		{
			"from": [2, 0, 14.5],
			"to": [4, 16, 16],
			"rotation": {"angle": 0, "axis": "y", "origin": [11, 8, 23]},
			"faces": {
				"north": {"uv": [0, 0, 2, 16], "texture": "#1"},
				"east": {"uv": [0, 0, 1, 16], "texture": "#1"},
				"south": {"uv": [0, 0, 2, 16], "texture": "#1", "cullface": "south"},
				"west": {"uv": [0, 0, 1, 16], "texture": "#1"},
				"up": {"uv": [0, 0, 2, 1], "texture": "#1", "cullface": "up"},
				"down": {"uv": [0, 0, 2, 1], "texture": "#1", "cullface": "down"}
			}
		},
		{
			"from": [12, 0, 14.5],
			"to": [14, 16, 16],
			"rotation": {"angle": 0, "axis": "y", "origin": [21, 8, 23]},
			"faces": {
				"north": {"uv": [0, 0, 2, 16], "texture": "#1"},
				"east": {"uv": [0, 0, 1, 16], "texture": "#1"},
				"south": {"uv": [0, 0, 2, 16], "texture": "#1", "cullface": "south"},
				"west": {"uv": [0, 0, 1, 16], "texture": "#1"},
				"up": {"uv": [0, 0, 2, 1], "texture": "#1", "cullface": "up"},
				"down": {"uv": [0, 0, 2, 1], "texture": "#1", "cullface": "down"}
			}
		},
		{
			"from": [1, 13, 14.75],
			"to": [15, 15, 15.7499],
			"rotation": {"angle": 0, "axis": "y", "origin": [8, 21, 23]},
			"faces": {
				"north": {"uv": [0, 0, 14, 2], "texture": "#1"},
				"east": {"uv": [0, 0, 0.7499, 2], "texture": "#1"},
				"south": {"uv": [0, 0, 14, 2], "texture": "#1"},
				"west": {"uv": [0, 0, 0.7499, 2], "texture": "#1"},
				"up": {"uv": [0, 0, 14, 0.7499], "texture": "#1"},
				"down": {"uv": [0, 0, 14, 0.7499], "texture": "#1"}
			}
		},
		{
			"from": [1, 9, 14.75],
			"to": [15, 11, 15.7499],
			"rotation": {"angle": 0, "axis": "y", "origin": [8, 17, 23]},
			"faces": {
				"north": {"uv": [0, 0, 14, 2], "texture": "#1"},
				"east": {"uv": [0, 0, 0.7499, 2], "texture": "#1"},
				"south": {"uv": [0, 0, 14, 2], "texture": "#1"},
				"west": {"uv": [0, 0, 0.7499, 2], "texture": "#1"},
				"up": {"uv": [0, 0, 14, 0.7499], "texture": "#1"},
				"down": {"uv": [0, 0, 14, 0.7499], "texture": "#1"}
			}
		},
		{
			"from": [1, 5, 14.75],
			"to": [15, 7, 15.7499],
			"rotation": {"angle": 0, "axis": "y", "origin": [8, 13, 23]},
			"faces": {
				"north": {"uv": [0, 0, 14, 2], "texture": "#1"},
				"east": {"uv": [0, 0, 0.7499, 2], "texture": "#1"},
				"south": {"uv": [0, 0, 14, 2], "texture": "#1"},
				"west": {"uv": [0, 0, 0.7499, 2], "texture": "#1"},
				"up": {"uv": [0, 0, 14, 0.7499], "texture": "#1"},
				"down": {"uv": [0, 0, 14, 0.7499], "texture": "#1"}
			}
		},
		{
			"from": [1, 1, 14.75],
			"to": [15, 3, 15.7499],
			"rotation": {"angle": 0, "axis": "y", "origin": [8, 9, 23]},
			"faces": {
				"north": {"uv": [0, 0, 14, 2], "texture": "#1"},
				"east": {"uv": [0, 0, 0.7499, 2], "texture": "#1"},
				"south": {"uv": [0, 0, 14, 2], "texture": "#1"},
				"west": {"uv": [0, 0, 0.7499, 2], "texture": "#1"},
				"up": {"uv": [0, 0, 14, 0.7499], "texture": "#1"},
				"down": {"uv": [0, 0, 14, 0.7499], "texture": "#1"}
			}
		}
	]
}