{
	"credit": "Made with Blockbench",
	"parent": "block/cube_column",
	"textures": {
		"top": "#top",
		"bark1": "#bark1",
		"bark2": "#bark2",
		"particle": "#top"
	},
	"elements": [
		{
			"from": [0, 0, 0],
			"to": [16, 16, 16],
			"faces": {
				"north": {"uv": [0, 0, 16, 16], "texture": "#bark2"},
				"east": {"uv": [0, 0, 16, 16], "texture": "#bark1"},
				"south": {"uv": [0, 0, 16, 16], "texture": "#bark2"},
				"west": {"uv": [0, 0, 16, 16], "texture": "#bark1"},
				"up": {"uv": [0, 0, 16, 16], "texture": "#top"},
				"down": {"uv": [0, 0, 16, 16], "texture": "#top"}
			}
		}
	]
}