{
	"credit": "Made with Blockbench",
	"ambientocclusion": false,
	"textures": {
		"0": "blocks/rail_normal",
		"particle": "blocks/rail_normal"
	},
	"elements": [
		{
			"name": "L1",
			"from": [2, 11.25, -2],
			"to": [4, 12.24, 21],
			"rotation": {"angle": 45, "axis": "x", "origin": [3, 11.75, 6]},
			"faces": {
				"north": {"uv": [2, 0, 4, 1], "texture": "#0", "rotation": 180},
				"east": {"uv": [3, 0, 4, 16], "texture": "#0"},
				"south": {"uv": [2, 0, 4, 1], "texture": "#0"},
				"west": {"uv": [2, 0, 3, 16], "texture": "#0"},
				"up": {"uv": [2, 0, 4, 16], "texture": "#0"},
				"down": {"uv": [2, 0, 4, 16], "texture": "#0"}
			}
		},
		{
			"name": "L2",
			"from": [12, 11.25, -2],
			"to": [14.00002, 12.24496, 21],
			"rotation": {"angle": 45, "axis": "x", "origin": [13, 11.75, 6]},
			"faces": {
				"north": {"uv": [12, 0, 14, 1], "texture": "#0", "rotation": 180},
				"east": {"uv": [13, 0, 14, 16], "texture": "#0"},
				"south": {"uv": [12, 0, 14, 1], "texture": "#0"},
				"west": {"uv": [12, 0, 13, 16], "texture": "#0"},
				"up": {"uv": [12, 0, 14, 16], "texture": "#0"},
				"down": {"uv": [12, 0, 14, 16], "texture": "#0"}
			}
		},
		{
			"name": "S1",
			"from": [12, 16.75, 0],
			"to": [14, 17.75, 0.7],
			"rotation": {"angle": 0, "axis": "x", "origin": [13, 17.25, 6.75]},
			"faces": {
				"north": {"uv": [12, 0, 14, 1], "texture": "#0", "rotation": 180},
				"east": {"uv": [13, 0, 14, 16], "texture": "#0"},
				"south": {"uv": [12, 0, 14, 1], "texture": "#0"},
				"west": {"uv": [12, 0, 13, 16], "texture": "#0"},
				"up": {"uv": [12, 0, 14, 16], "texture": "#0"},
				"down": {"uv": [12, 0, 14, 16], "texture": "#0"}
			}
		},
		{
			"name": "S2",
			"from": [2, 16.75, 0],
			"to": [4, 17.75, 0.7],
			"rotation": {"angle": 0, "axis": "x", "origin": [3, 17.25, 6.75]},
			"faces": {
				"north": {"uv": [2, 0, 4, 1], "texture": "#0", "rotation": 180},
				"east": {"uv": [3, 0, 4, 16], "texture": "#0"},
				"south": {"uv": [2, 0, 4, 1], "texture": "#0"},
				"west": {"uv": [2, 0, 3, 16], "texture": "#0"},
				"up": {"uv": [2, 0, 4, 16], "texture": "#0"},
				"down": {"uv": [2, 0, 4, 16], "texture": "#0"}
			}
		},
		{
			"name": "",
			"from": [1, 10, 5],
			"to": [15, 10.8, 7],
			"rotation": {"angle": 45, "axis": "x", "origin": [8, 10.4, 6]},
			"faces": {
				"north": {"uv": [1, 5, 15, 5.8], "texture": "#0"},
				"east": {"uv": [14, 5, 15, 6.8], "texture": "#0", "rotation": 90},
				"south": {"uv": [1, 6, 15, 6.8], "texture": "#0"},
				"west": {"uv": [1, 5, 2, 6.8], "texture": "#0", "rotation": 270},
				"up": {"uv": [1, 5, 15, 7], "texture": "#0"},
				"down": {"uv": [1, 5, 15, 7], "texture": "#0"}
			}
		},
		{
			"name": "",
			"from": [1, 6.25, 8.75],
			"to": [15, 7.05, 10.75],
			"rotation": {"angle": 45, "axis": "x", "origin": [8, 6.65, 9.75]},
			"faces": {
				"north": {"uv": [1, 9, 15, 9.8], "texture": "#0"},
				"east": {"uv": [14, 9, 15, 10.8], "texture": "#0", "rotation": 90},
				"south": {"uv": [1, 10, 15, 10.8], "texture": "#0"},
				"west": {"uv": [1, 9, 2, 10.8], "texture": "#0", "rotation": 270},
				"up": {"uv": [1, 9, 15, 11], "texture": "#0"},
				"down": {"uv": [1, 9, 15, 11], "texture": "#0"}
			}
		},
		{
			"name": "",
			"from": [1, 2.5, 12.5],
			"to": [15, 3.3, 14.5],
			"rotation": {"angle": 45, "axis": "x", "origin": [8, 2.9, 13.5]},
			"faces": {
				"north": {"uv": [1, 13, 15, 13.8], "texture": "#0"},
				"east": {"uv": [14, 13, 15, 14.8], "texture": "#0", "rotation": 90},
				"south": {"uv": [1, 14, 15, 14.8], "texture": "#0"},
				"west": {"uv": [1, 13, 2, 14.8], "texture": "#0", "rotation": 270},
				"up": {"uv": [1, 13, 15, 15], "texture": "#0"},
				"down": {"uv": [1, 13, 15, 15], "texture": "#0"}
			}
		},
		{
			"name": "",
			"from": [1, 14, 1.25],
			"to": [15, 14.8, 3.25],
			"rotation": {"angle": 45, "axis": "x", "origin": [8, 14.4, 2.25]},
			"faces": {
				"north": {"uv": [1, 1, 15, 1.8], "texture": "#0"},
				"east": {"uv": [14, 1, 15, 2.8], "texture": "#0", "rotation": 90},
				"south": {"uv": [1, 2, 15, 2.8], "texture": "#0"},
				"west": {"uv": [1, 1, 2, 2.8], "texture": "#0", "rotation": 270},
				"up": {"uv": [1, 1, 15, 3], "texture": "#0"},
				"down": {"uv": [1, 1, 15, 3], "texture": "#0"}
			}
		}
	]
}