{
	"credit": "Made with Blockbench",
	"ambientocclusion": false,
	"textures": {
		"0": "blocks/rail_normal",
		"particle": "blocks/rail_normal"
	},
	"elements": [
		{
			"name": "L2",
			"from": [12, 11.25, -5],
			"to": [14, 12.24, 18],
			"rotation": {"angle": -45, "axis": "x", "origin": [13, 11.75, 10]},
			"faces": {
				"north": {"uv": [14, 0, 12, 1], "texture": "#0"},
				"east": {"uv": [14, 0, 13, 16], "texture": "#0"},
				"south": {"uv": [14, 0, 12, 1], "texture": "#0", "rotation": 180},
				"west": {"uv": [13, 0, 12, 16], "texture": "#0"},
				"up": {"uv": [12, 16, 14, 0], "texture": "#0"},
				"down": {"uv": [12, 16, 14, 0], "texture": "#0"}
			}
		},
		{
			"name": "L1",
			"from": [2, 11.25, -5],
			"to": [4, 12.24, 18],
			"rotation": {"angle": -45, "axis": "x", "origin": [3, 11.75, 10]},
			"faces": {
				"north": {"uv": [4, 0, 2, 1], "texture": "#0"},
				"east": {"uv": [4, 0, 3, 16], "texture": "#0"},
				"south": {"uv": [4, 0, 2, 1], "texture": "#0", "rotation": 180},
				"west": {"uv": [3, 0, 2, 16], "texture": "#0"},
				"up": {"uv": [2, 16, 4, 0], "texture": "#0"},
				"down": {"uv": [2, 16, 4, 0], "texture": "#0"}
			}
		},
		{
			"name": "S1",
			"from": [12, 16.75, 15.3],
			"to": [14, 17.75, 16],
			"rotation": {"angle": 0, "axis": "x", "origin": [13, 17.25, 9.25]},
			"faces": {
				"north": {"uv": [14, 0, 12, 1], "texture": "#0"},
				"east": {"uv": [14, 0, 13, 16], "texture": "#0"},
				"south": {"uv": [14, 0, 12, 1], "texture": "#0", "rotation": 180},
				"west": {"uv": [13, 0, 12, 16], "texture": "#0"},
				"up": {"uv": [12, 16, 14, 0], "texture": "#0"},
				"down": {"uv": [12, 16, 14, 0], "texture": "#0"}
			}
		},
		{
			"name": "S2",
			"from": [2, 16.75, 15.3],
			"to": [4, 17.75, 16],
			"rotation": {"angle": 0, "axis": "x", "origin": [3, 17.25, 9.25]},
			"faces": {
				"north": {"uv": [4, 0, 2, 1], "texture": "#0"},
				"east": {"uv": [4, 0, 3, 16], "texture": "#0"},
				"south": {"uv": [4, 0, 2, 1], "texture": "#0", "rotation": 180},
				"west": {"uv": [3, 0, 2, 16], "texture": "#0"},
				"up": {"uv": [2, 16, 4, 0], "texture": "#0"},
				"down": {"uv": [2, 16, 4, 0], "texture": "#0"}
			}
		},
		{
			"name": "",
			"from": [1, 10, 9],
			"to": [15, 10.8, 11],
			"rotation": {"angle": -45, "axis": "x", "origin": [8, 10.4, 10]},
			"faces": {
				"north": {"uv": [15, 6, 1, 6.8], "texture": "#0"},
				"east": {"uv": [15, 5, 14, 6.8], "texture": "#0", "rotation": 90},
				"south": {"uv": [15, 5, 1, 5.8], "texture": "#0"},
				"west": {"uv": [2, 5, 1, 6.8], "texture": "#0", "rotation": 270},
				"up": {"uv": [1, 7, 15, 5], "texture": "#0"},
				"down": {"uv": [1, 7, 15, 5], "texture": "#0"}
			}
		},
		{
			"name": "",
			"from": [1, 6.5, 5.5],
			"to": [15, 7.3, 7.5],
			"rotation": {"angle": -45, "axis": "x", "origin": [8, 6.9, 6.5]},
			"faces": {
				"north": {"uv": [15, 10, 1, 10.8], "texture": "#0"},
				"east": {"uv": [15, 9, 14, 10.8], "texture": "#0", "rotation": 90},
				"south": {"uv": [15, 9, 1, 9.8], "texture": "#0"},
				"west": {"uv": [2, 9, 1, 10.8], "texture": "#0", "rotation": 270},
				"up": {"uv": [1, 11, 15, 9], "texture": "#0"},
				"down": {"uv": [1, 11, 15, 9], "texture": "#0"}
			}
		},
		{
			"name": "",
			"from": [1, 3, 2],
			"to": [15, 3.8, 4],
			"rotation": {"angle": -45, "axis": "x", "origin": [8, 3.4, 3]},
			"faces": {
				"north": {"uv": [15, 14, 1, 14.8], "texture": "#0"},
				"east": {"uv": [15, 13, 14, 14.8], "texture": "#0", "rotation": 90},
				"south": {"uv": [15, 13, 1, 13.8], "texture": "#0"},
				"west": {"uv": [2, 13, 1, 14.8], "texture": "#0", "rotation": 270},
				"up": {"uv": [1, 15, 15, 13], "texture": "#0"},
				"down": {"uv": [1, 15, 15, 13], "texture": "#0"}
			}
		},
		{
			"name": "",
			"from": [1, 13, 12],
			"to": [15, 13.8, 14],
			"rotation": {"angle": -45, "axis": "x", "origin": [8, 13.4, 13]},
			"faces": {
				"north": {"uv": [15, 2, 1, 2.8], "texture": "#0"},
				"east": {"uv": [15, 1, 14, 2.8], "texture": "#0", "rotation": 90},
				"south": {"uv": [15, 1, 1, 1.8], "texture": "#0"},
				"west": {"uv": [2, 1, 1, 2.8], "texture": "#0", "rotation": 270},
				"up": {"uv": [1, 3, 15, 1], "texture": "#0"},
				"down": {"uv": [1, 3, 15, 1], "texture": "#0"}
			}
		}
	]
}