{
	"credit": "Made with Blockbench",
	"textures": {
		"0": "blocks/rail_normal",
		"particle": "blocks/rail_normal"
	},
	"elements": [
		{
			"name": "s3",
			"from": [12.18, 0.75, 14.12],
			"to": [14.18, 1.75, 15.37],
			"rotation": {"angle": -22.5, "axis": "y", "origin": [13.68, 1.25, 14.62]},
			"faces": {
				"north": {"uv": [14, 0, 12, 1], "rotation": 180, "texture": "#0"},
				"east": {"uv": [14, 0, 13, 16], "texture": "#0"},
				"south": {"uv": [14, 15, 12, 16], "texture": "#0"},
				"west": {"uv": [13, 0, 12, 16], "texture": "#0"},
				"up": {"uv": [14, 0, 12, 16], "rotation": 180, "texture": "#0"},
				"down": {"uv": [14, 0, 12, 16], "rotation": 180, "texture": "#0"}
			}
		},
		{
			"name": "s2",
			"from": [12, 0.75, 14.75],
			"to": [14, 1.75, 16],
			"faces": {
				"north": {"uv": [12, 0, 14, 1], "rotation": 180, "texture": "#0"},
				"east": {"uv": [13, 0, 14, 16], "texture": "#0"},
				"south": {"uv": [12, 15, 14, 16], "texture": "#0"},
				"west": {"uv": [12, 0, 13, 16], "texture": "#0"},
				"up": {"uv": [12, 0, 14, 16], "texture": "#0"},
				"down": {"uv": [12, 0, 14, 16], "texture": "#0"}
			}
		},
		{
			"name": "s3",
			"from": [14.75, 0.75, 12],
			"to": [16, 1.75, 14],
			"faces": {
				"north": {"uv": [13, 0, 12, 16], "texture": "#0"},
				"east": {"uv": [14, 15, 12, 16], "texture": "#0"},
				"south": {"uv": [14, 0, 13, 16], "texture": "#0"},
				"west": {"uv": [14, 0, 12, 1], "rotation": 180, "texture": "#0"},
				"up": {"uv": [4, 0, 2, 16], "rotation": 90, "texture": "#0"},
				"down": {"uv": [4, 0, 2, 16], "rotation": 270, "texture": "#0"}
			}
		},
		{
			"name": "s5",
			"from": [13.01, 0.75, 12.81],
			"to": [14.76, 1.75, 14.71],
			"rotation": {"angle": 45, "axis": "y", "origin": [13.76, 1.25, 13.93]},
			"faces": {
				"north": {"uv": [12, 0, 13, 16], "texture": "#0"},
				"east": {"uv": [12, 15, 14, 16], "texture": "#0"},
				"south": {"uv": [13, 0, 14, 16], "texture": "#0"},
				"west": {"uv": [12, 0, 14, 1], "rotation": 180, "texture": "#0"},
				"up": {"uv": [2, 0, 4, 16], "rotation": 270, "texture": "#0"},
				"down": {"uv": [2, 0, 4, 16], "rotation": 90, "texture": "#0"}
			}
		},
		{
			"name": "s4",
			"from": [14.12, 0.75, 12.18],
			"to": [15.37, 1.75, 14.18],
			"rotation": {"angle": 22.5, "axis": "y", "origin": [14.62, 1.25, 13.68]},
			"faces": {
				"north": {"uv": [12, 0, 13, 16], "texture": "#0"},
				"east": {"uv": [12, 15, 14, 16], "texture": "#0"},
				"south": {"uv": [13, 0, 14, 16], "texture": "#0"},
				"west": {"uv": [12, 0, 14, 1], "rotation": 180, "texture": "#0"},
				"up": {"uv": [2, 0, 4, 16], "rotation": 270, "texture": "#0"},
				"down": {"uv": [2, 0, 4, 16], "rotation": 90, "texture": "#0"}
			}
		},
		{
			"name": "1",
			"from": [2.5, 0, 8.5],
			"to": [16.5, 0.8, 10.5],
			"rotation": {"angle": -45, "axis": "y", "origin": [9.5, 0.4, 9.5]},
			"faces": {
				"north": {"uv": [1, 1, 15, 2], "texture": "#0"},
				"east": {"uv": [14, 1, 15, 3], "rotation": 90, "texture": "#0"},
				"south": {"uv": [1, 2, 15, 3], "texture": "#0"},
				"west": {"uv": [1, 1, 2, 3], "rotation": 270, "texture": "#0"},
				"up": {"uv": [1, 1, 15, 3], "texture": "#0"},
				"down": {"uv": [1, 1, 15, 3], "texture": "#0"}
			}
		},
		{
			"name": "3",
			"from": [12, 0, 1],
			"to": [14, 0.8, 15],
			"rotation": {"angle": 22.5, "axis": "y", "origin": [13, 0.4, 8]},
			"faces": {
				"north": {"uv": [1, 1, 2, 3], "rotation": 270, "texture": "#0"},
				"east": {"uv": [1, 1, 15, 2], "texture": "#0"},
				"south": {"uv": [14, 1, 15, 3], "rotation": 90, "texture": "#0"},
				"west": {"uv": [1, 2, 15, 3], "texture": "#0"},
				"up": {"uv": [1, 1, 15, 3], "rotation": 90, "texture": "#0"},
				"down": {"uv": [1, 1, 15, 3], "rotation": 270, "texture": "#0"}
			}
		},
		{
			"name": "2",
			"from": [1, 0, 12],
			"to": [15, 0.8, 14],
			"rotation": {"angle": -22.5, "axis": "y", "origin": [8, 0.4, 13]},
			"faces": {
				"north": {"uv": [1, 1, 15, 2], "texture": "#0"},
				"east": {"uv": [14, 1, 15, 3], "rotation": 90, "texture": "#0"},
				"south": {"uv": [1, 2, 15, 3], "texture": "#0"},
				"west": {"uv": [1, 1, 2, 3], "rotation": 270, "texture": "#0"},
				"up": {"uv": [1, 1, 15, 3], "texture": "#0"},
				"down": {"uv": [1, 1, 15, 3], "texture": "#0"}
			}
		},
		{
			"name": "hexadecagon",
			"from": [13.21523, 0.75, 2],
			"to": [16.03477, 1.75, 4],
			"faces": {
				"north": {"uv": [2, 0, 3, 4], "texture": "#0"},
				"east": {"uv": [2, 0, 4, 4], "rotation": 180, "texture": "#0"},
				"south": {"uv": [3, 0, 4, 4], "texture": "#0"},
				"west": {"uv": [2, 0, 3.81953, 4], "texture": "#0"},
				"up": {"uv": [2, 0, 3.81953, 4], "rotation": 90, "texture": "#0"},
				"down": {"uv": [2, 0, 4, 4], "rotation": 270, "texture": "#0"}
			}
		},
		{
			"name": "hexadecagon",
			"from": [13.21523, 0.75, 2],
			"to": [18.78477, 1.75, 4],
			"rotation": {"angle": 22.5, "axis": "y", "origin": [16, 1.25, 16]},
			"faces": {
				"north": {"uv": [2, 0, 3, 4], "texture": "#0"},
				"east": {"uv": [2, 0, 3.81953, 4], "texture": "#0"},
				"south": {"uv": [3, 0, 4, 4], "texture": "#0"},
				"west": {"uv": [2, 0, 3.81953, 4], "texture": "#0"},
				"up": {"uv": [2, 0, 3.81953, 4], "rotation": 90, "texture": "#0"},
				"down": {"uv": [2, 0, 4, 4], "rotation": 270, "texture": "#0"}
			}
		},
		{
			"name": "hexadecagon",
			"from": [13.21523, 0.75, 2],
			"to": [18.78477, 1.75, 4],
			"rotation": {"angle": 45, "axis": "y", "origin": [16, 1.25, 16]},
			"faces": {
				"north": {"uv": [2, 0, 3, 4], "texture": "#0"},
				"east": {"uv": [2, 0, 3.81953, 4], "texture": "#0"},
				"south": {"uv": [3, 0, 4, 4], "texture": "#0"},
				"west": {"uv": [2, 0, 3.81953, 4], "texture": "#0"},
				"up": {"uv": [2, 0, 3.81953, 4], "rotation": 90, "texture": "#0"},
				"down": {"uv": [2, 0, 4, 4], "rotation": 270, "texture": "#0"}
			}
		},
		{
			"name": "hexadecagon",
			"from": [2, 0.75, 13.21523],
			"to": [4, 1.75, 18.78477],
			"rotation": {"angle": -22.5, "axis": "y", "origin": [16, 1.25, 16]},
			"faces": {
				"north": {"uv": [2, 0, 3.81953, 4], "texture": "#0"},
				"east": {"uv": [3, 0, 4, 4], "texture": "#0"},
				"south": {"uv": [2, 0, 3.81953, 4], "texture": "#0"},
				"west": {"uv": [2, 0, 3, 4], "texture": "#0"},
				"up": {"uv": [2, 0, 3.81953, 4], "texture": "#0"},
				"down": {"uv": [2, 0, 3.81953, 4], "texture": "#0"}
			}
		},
		{
			"name": "hexadecagon",
			"from": [2, 0.75, 13.21523],
			"to": [4, 1.75, 16.03477],
			"faces": {
				"north": {"uv": [2, 0, 3.81953, 4], "texture": "#0"},
				"east": {"uv": [3, 0, 4, 4], "texture": "#0"},
				"south": {"uv": [2, 0, 3.81953, 4], "texture": "#0"},
				"west": {"uv": [2, 0, 3, 4], "texture": "#0"},
				"up": {"uv": [2, 0, 3.81953, 4], "texture": "#0"},
				"down": {"uv": [2, 0, 3.81953, 4], "texture": "#0"}
			}
		}
	],
	"groups": [0, 1, 2, 3, 4, 5, 6, 7,
		{
			"name": "hexadecagon",
			"children": [8, 9, 10, 11, 12]
		}
	]
}