{
	"credit": "Made with Blockbench",
	"textures": {
		"0": "blocks/rail_normal",
		"particle": "blocks/rail_normal"
	},
	"elements": [
		{
			"name": "",
			"from": [2, 0.75, 0],
			"to": [4, 1.75, 16],
			"faces": {
				"north": {"uv": [2, 0, 4, 1], "texture": "#0", "rotation": 180},
				"east": {"uv": [3, 0, 4, 16], "texture": "#0"},
				"south": {"uv": [2, 0, 4, 1], "texture": "#0"},
				"west": {"uv": [2, 0, 3, 16], "texture": "#0"},
				"up": {"uv": [2, 0, 4, 16], "texture": "#0"},
				"down": {"uv": [2, 0, 4, 16], "texture": "#0"}
			}
		},
		{
			"name": "",
			"from": [12, 0.75, 0],
			"to": [14, 1.75, 16],
			"faces": {
				"north": {"uv": [12, 0, 14, 1], "texture": "#0", "rotation": 180},
				"east": {"uv": [13, 0, 14, 16], "texture": "#0"},
				"south": {"uv": [12, 15, 14, 16], "texture": "#0"},
				"west": {"uv": [12, 0, 13, 16], "texture": "#0"},
				"up": {"uv": [12, 0, 14, 16], "texture": "#0"},
				"down": {"uv": [12, 0, 14, 16], "texture": "#0"}
			}
		},
		{
			"name": "",
			"from": [1, 0, 5],
			"to": [15, 0.8, 7],
			"faces": {
				"north": {"uv": [1, 5, 15, 5.8], "texture": "#0"},
				"east": {"uv": [14, 5, 15, 6.8], "texture": "#0", "rotation": 90},
				"south": {"uv": [1, 6, 15, 6.8], "texture": "#0"},
				"west": {"uv": [1, 5, 2, 6.8], "texture": "#0", "rotation": 270},
				"up": {"uv": [1, 5, 15, 7], "texture": "#0"},
				"down": {"uv": [1, 5, 15, 7], "texture": "#0"}
			}
		},
		{
			"name": "",
			"from": [1, 0, 9],
			"to": [15, 0.8, 11],
			"faces": {
				"north": {"uv": [1, 9, 15, 9.8], "texture": "#0"},
				"east": {"uv": [14, 9, 15, 10.8], "texture": "#0", "rotation": 90},
				"south": {"uv": [1, 10, 15, 10.8], "texture": "#0"},
				"west": {"uv": [1, 9, 2, 10.8], "texture": "#0", "rotation": 270},
				"up": {"uv": [1, 9, 15, 11], "texture": "#0"},
				"down": {"uv": [1, 13, 15, 15], "texture": "#0"}
			}
		},
		{
			"name": "",
			"from": [1, 0, 13],
			"to": [15, 0.8, 15],
			"faces": {
				"north": {"uv": [1, 13, 15, 13.8], "texture": "#0"},
				"east": {"uv": [14, 13, 15, 14.8], "texture": "#0", "rotation": 90},
				"south": {"uv": [1, 14, 15, 14.8], "texture": "#0"},
				"west": {"uv": [1, 13, 2, 14.8], "texture": "#0", "rotation": 270},
				"up": {"uv": [1, 13, 15, 15], "texture": "#0"},
				"down": {"uv": [1, 13, 15, 15], "texture": "#0"}
			}
		},
		{
			"name": "",
			"from": [1, 0, 1],
			"to": [15, 0.8, 3],
			"faces": {
				"north": {"uv": [1, 1, 15, 1.8], "texture": "#0"},
				"east": {"uv": [14, 1, 15, 2.8], "texture": "#0", "rotation": 90},
				"south": {"uv": [1, 2, 15, 2.8], "texture": "#0"},
				"west": {"uv": [1, 1, 2, 2.8], "texture": "#0", "rotation": 270},
				"up": {"uv": [1, 1, 15, 3], "texture": "#0"},
				"down": {"uv": [1, 1, 15, 3], "texture": "#0"}
			}
		}
	]
}