{
	"credit": "Made with Blockbench",
	"textures": {
		"2": "blocks/torch",
		"particle": "blocks/log_spruce"
	},
	"elements": [
		{
			"name": "stk",
			"from": [1.25, 3.725, 7],
			"to": [3.25, 12.725, 9],
			"rotation": {"angle": -22.5, "axis": "z", "origin": [2.25, 11.725, 8]},
			"faces": {
				"north": {"uv": [0, 0, 2, 9], "texture": "#2"},
				"east": {"uv": [2, 2, 4, 11], "texture": "#2"},
				"south": {"uv": [4, 4, 6, 13], "texture": "#2"},
				"west": {"uv": [6, 6, 8, 15], "texture": "#2"},
				"down": {"uv": [4, 0, 2, 2], "texture": "#2"}
			}
		},
		{
			"name": "clt",
			"from": [1.15, 10.325, 6.9],
			"to": [3.35, 13.225, 9.1],
			"rotation": {"angle": -22.5, "axis": "z", "origin": [2.25, 11.725, 8]},
			"faces": {
				"north": {"uv": [4, 0, 6, 3], "texture": "#2"},
				"east": {"uv": [6, 0, 8, 3], "texture": "#2"},
				"south": {"uv": [6, 3, 8, 6], "texture": "#2"},
				"west": {"uv": [8, 8, 10, 11], "texture": "#2"},
				"up": {"uv": [10, 2, 8, 0], "texture": "#2"},
				"down": {"uv": [10, 2, 8, 4], "texture": "#2"}
			}
		}
	]
}