{
	"credit": "Made with Blockbench",
	"elements": [
		{
			"name": "stk",
			"from": [7, 0, 7],
			"to": [9, 7, 9],
			"faces": {
				"north": {"uv": [7, 9, 9, 16], "texture": "#0"},
				"east": {"uv": [7, 9, 9, 16], "texture": "#0"},
				"south": {"uv": [7, 9, 9, 16], "texture": "#0"},
				"west": {"uv": [7, 9, 9, 16], "texture": "#0"},
				"down": {"uv": [7, 14, 9, 16], "texture": "#0"}
			}
		},
		{
			"name": "crys",
			"from": [6.85, 6.05, 6.85],
			"to": [9.15, 8.55, 9.15],
			"faces": {
				"north": {"uv": [6.5, 5.5, 9.5, 8.5], "texture": "#0"},
				"east": {"uv": [6.5, 5.5, 9.5, 8.5], "texture": "#0"},
				"south": {"uv": [6.5, 5.5, 9.5, 8.5], "texture": "#0"},
				"west": {"uv": [6.5, 5.5, 9.5, 8.5], "texture": "#0"},
				"down": {"uv": [6, 8, 10, 9], "texture": "#0"}
			}
		},
		{
			"name": "crys",
			"from": [6.6, 6.55, 6.6],
			"to": [9.4, 9.35, 9.4],
			"faces": {
				"north": {"uv": [6.5, 5.5, 9.5, 8.5], "texture": "#0"},
				"east": {"uv": [6.5, 5.5, 9.5, 8.5], "texture": "#0"},
				"south": {"uv": [6.5, 5.5, 9.5, 8.5], "texture": "#0"},
				"west": {"uv": [6.5, 5.5, 9.5, 8.5], "texture": "#0"},
				"up": {"uv": [6, 5, 10, 6], "texture": "#0"},
				"down": {"uv": [6, 8, 10, 9], "texture": "#0"}
			}
		}
	]
}