{
	"credit": "Made with Blockbench",
	"ambientocclusion": false,
	"textures": {
		"0": "blocks/redstone_wire/redstone"
	},
	"elements": [
		{
			"name": "side_alt",
			"from": [6, 0, 6],
			"to": [10, 1, 16],
			"shade": false,
			"faces": {
				"north": {"uv": [0, 1, 4, 2], "texture": "#0", "tintindex": 0},
				"east": {"uv": [0, 4, 6, 5], "texture": "#0", "tintindex": 0},
				"south": {"uv": [0, 1, 4, 2], "texture": "#0", "tintindex": 0},
				"west": {"uv": [0, 1, 6, 2], "texture": "#0", "tintindex": 0},
				"up": {"uv": [0, 1, 16, 5], "texture": "#0", "rotation": 90, "tintindex": 0},
				"down": {"uv": [0, 1, 7, 5], "texture": "#0", "rotation": 90, "tintindex": 0}
			}
		}
	]
}