{
"textures": {
    "particle": "blocks/redstone_wire/redstone_dust_part",
	"0":"blocks/redstone_wire/redstone_dust_dot"
},
"elements": [ 
{
    "from": [ 5, 0, 6 ],
    "to": [ 6, 2, 10 ],
    "faces": {
        "down":  { "uv": [ 5, 10, 6, 6 ], "texture": "#0", "tintindex": 0 },
        "up":    { "uv": [ 5, 6, 6, 10 ], "texture": "#0", "tintindex": 0 },
        "north": { "uv": [ 6, 6, 5, 7 ], "texture": "#0", "tintindex": 0 },
        "south": { "uv": [ 5, 10, 6, 9 ], "texture": "#0", "tintindex": 0 },
        "west":  { "uv": [ 5, 6, 6, 10 ], "rotation": 270, "texture": "#0", "tintindex": 0 },
        "east":  { "uv": [ 6, 6, 5, 10 ], "rotation": 90, "texture": "#0", "tintindex": 0 }
    }
},
{
    "from": [ 6, 0, 5 ],
    "to": [ 7, 2, 7 ],
    "faces": {
        "down":  { "uv": [ 6, 7, 7, 5 ], "texture": "#0", "tintindex": 0 },
        "up":    { "uv": [ 6, 5, 7, 7 ], "texture": "#0", "tintindex": 0 },
        "north": { "uv": [ 7, 5, 6, 6 ], "texture": "#0", "tintindex": 0 },
        "south": { "uv": [ 6, 7, 7, 6 ], "texture": "#0", "tintindex": 0 },
        "west":  { "uv": [ 6, 5, 7, 7 ], "rotation": 270, "texture": "#0", "tintindex": 0 },
        "east":  { "uv": [ 7, 5, 6, 7 ], "rotation": 90, "texture": "#0", "tintindex": 0 }
    }
},
{
    "from": [ 6, 0, 9 ],
    "to": [ 7, 2, 11 ],
    "faces": {
        "down":  { "uv": [ 6, 11, 7, 9 ], "texture": "#0", "tintindex": 0 },
        "up":    { "uv": [ 6, 9, 7, 11 ], "texture": "#0", "tintindex": 0 },
        "north": { "uv": [ 7, 9, 6, 10 ], "texture": "#0", "tintindex": 0 },
        "south": { "uv": [ 6, 11, 7, 10 ], "texture": "#0", "tintindex": 0 },
        "west":  { "uv": [ 6, 9, 7, 11 ], "rotation": 270, "texture": "#0", "tintindex": 0 },
        "east":  { "uv": [ 7, 9, 6, 11 ], "rotation": 90, "texture": "#0", "tintindex": 0 }
    }
},
{
    "from": [ 7, 0, 5 ],
    "to": [ 10, 2, 6 ],
    "faces": {
        "down":  { "uv": [ 7, 6, 10, 5 ], "texture": "#0", "tintindex": 0 },
        "up":    { "uv": [ 7, 5, 10, 6 ], "texture": "#0", "tintindex": 0 },
        "north": { "uv": [ 10, 5, 7, 6 ], "texture": "#0", "tintindex": 0 },
        "south": { "uv": [ 7, 6, 10, 5 ], "texture": "#0", "tintindex": 0 },
        "west":  { "uv": [ 7, 5, 8, 6 ], "rotation": 270, "texture": "#0", "tintindex": 0 },
        "east":  { "uv": [ 10, 5, 9, 6 ], "rotation": 90, "texture": "#0", "tintindex": 0 }
    }
},
{
    "from": [ 7, 0, 10 ],
    "to": [ 10, 2, 11 ],
    "faces": {
        "down":  { "uv": [ 7, 11, 10, 10 ], "texture": "#0", "tintindex": 0 },
        "up":    { "uv": [ 7, 10, 10, 11 ], "texture": "#0", "tintindex": 0 },
        "north": { "uv": [ 10, 10, 7, 11 ], "texture": "#0", "tintindex": 0 },
        "south": { "uv": [ 7, 11, 10, 10 ], "texture": "#0", "tintindex": 0 },
        "west":  { "uv": [ 7, 10, 8, 11 ], "rotation": 270, "texture": "#0", "tintindex": 0 },
        "east":  { "uv": [ 10, 10, 9, 11 ], "rotation": 90, "texture": "#0", "tintindex": 0 }
    }
},
{
    "from": [ 9, 0, 6 ],
    "to": [ 11, 2, 7 ],
    "faces": {
        "down":  { "uv": [ 9, 7, 11, 6 ], "texture": "#0", "tintindex": 0 },
        "up":    { "uv": [ 9, 6, 11, 7 ], "texture": "#0", "tintindex": 0 },
        "north": { "uv": [ 11, 6, 9, 7 ], "texture": "#0", "tintindex": 0 },
        "south": { "uv": [ 9, 7, 11, 6 ], "texture": "#0", "tintindex": 0 },
        "west":  { "uv": [ 9, 6, 10, 7 ], "rotation": 270, "texture": "#0", "tintindex": 0 },
        "east":  { "uv": [ 11, 6, 10, 7 ], "rotation": 90, "texture": "#0", "tintindex": 0 }
    }
},
{
    "from": [ 9, 0, 9 ],
    "to": [ 11, 2, 10 ],
    "faces": {
        "down":  { "uv": [ 9, 10, 11, 9 ], "texture": "#0", "tintindex": 0 },
        "up":    { "uv": [ 9, 9, 11, 10 ], "texture": "#0", "tintindex": 0 },
        "north": { "uv": [ 11, 9, 9, 10 ], "texture": "#0", "tintindex": 0 },
        "south": { "uv": [ 9, 10, 11, 9 ], "texture": "#0", "tintindex": 0 },
        "west":  { "uv": [ 9, 9, 10, 10 ], "rotation": 270, "texture": "#0", "tintindex": 0 },
        "east":  { "uv": [ 11, 9, 10, 10 ], "rotation": 90, "texture": "#0", "tintindex": 0 }
    }
},
{
    "from": [ 10, 0, 7 ],
    "to": [ 11, 2, 9 ],
    "faces": {
        "down":  { "uv": [ 10, 9, 11, 7 ], "texture": "#0", "tintindex": 0 },
        "up":    { "uv": [ 10, 7, 11, 9 ], "texture": "#0", "tintindex": 0 },
        "north": { "uv": [ 11, 7, 10, 8 ], "texture": "#0", "tintindex": 0 },
        "south": { "uv": [ 10, 9, 11, 8 ], "texture": "#0", "tintindex": 0 },
        "west":  { "uv": [ 10, 7, 11, 9 ], "rotation": 270, "texture": "#0", "tintindex": 0 },
        "east":  { "uv": [ 11, 7, 10, 9 ], "rotation": 90, "texture": "#0", "tintindex": 0 }
    }
}
]
}