{
	"credit": "Made with Blockbench",
	"textures": {
		"0": "blocks/redstone_wire/redstone_dust_dotc",
		"particle": "blocks/redstone_wire/redstone_dust_part"
	},
	"elements": [
		{
			"from": [5.45, 0, 5.45],
			"to": [10.55, 2, 10.55],
			"faces": {
				"north": {"uv": [5, 5, 11, 6], "texture": "#0", "tintindex": 0},
				"east": {"uv": [10, 5, 11, 11], "texture": "#0", "tintindex": 0},
				"south": {"uv": [5, 5, 11, 6], "texture": "#0", "tintindex": 0},
				"west": {"uv": [5, 5, 6, 11], "texture": "#0", "tintindex": 0},
				"up": {"uv": [5, 5, 11, 11], "texture": "#0", "tintindex": 0},
				"down": {"uv": [5, 5, 11, 11], "texture": "#0", "tintindex": 0}
			}
		}
	]
}