{
	"credit": "Made with Blockbench",
	"ambientocclusion": false,
	"textures": {
		"0": "blocks/redstone_wire/redstone",
		"particle": "blocks/redstone_wire/redstone_dust_part"
	},
	"elements": [
		{
			"name": "up",
			"from": [6, 0, 0],
			"to": [10, 17, 1],
			"shade": false,
			"faces": {
				"north": {"uv": [0, 1, 16, 5], "rotation": 90, "texture": "#0", "tintindex": 0},
				"east": {"uv": [0, 1, 16, 2], "texture": "#0", "tintindex": 0},
				"south": {"uv": [0, 1, 16, 5], "rotation": 90, "texture": "#0", "tintindex": 0},
				"west": {"uv": [0, 4, 16, 5], "texture": "#0", "tintindex": 0},
				"up": {"uv": [0, 1, 1, 5], "rotation": 90, "texture": "#0", "tintindex": 0}
			}
		}
	]
}