{
	"credit": "Made with Blockbench",
	"elements": [
		{
			"name": "stk",
			"from": [-0.25, 2.5, 7],
			"to": [1.75, 9.5, 9],
			"rotation": {"angle": -22.5, "axis": "z", "origin": [0.75, 6, 8]},
			"faces": {
				"north": {"uv": [7, 9, 9, 16], "texture": "#0"},
				"east": {"uv": [7, 9, 9, 16], "texture": "#0"},
				"south": {"uv": [7, 9, 9, 16], "texture": "#0"},
				"west": {"uv": [7, 9, 9, 16], "texture": "#0"},
				"down": {"uv": [7, 14, 9, 16], "texture": "#0"}
			}
		},
		{
			"name": "crys",
			"from": [1.1, 8.35, 6.85],
			"to": [3.4, 10.75, 9.15],
			"rotation": {"angle": -22.5, "axis": "z", "origin": [2.25, 9.6, 8]},
			"faces": {
				"north": {"uv": [6.5, 5.5, 9.5, 8.5], "texture": "#0"},
				"east": {"uv": [6.5, 5.5, 9.5, 8.5], "texture": "#0"},
				"south": {"uv": [6.5, 5.5, 9.5, 8.5], "texture": "#0"},
				"west": {"uv": [6.5, 5.5, 9.5, 8.5], "texture": "#0"},
				"down": {"uv": [6, 8, 10, 9], "texture": "#0"}
			}
		},
		{
			"name": "crys",
			"from": [1.1, 8.85, 6.6],
			"to": [3.9, 11.75, 9.4],
			"rotation": {"angle": -22.5, "axis": "z", "origin": [2.5, 10.35, 8]},
			"faces": {
				"north": {"uv": [6.5, 5.5, 9.5, 8.5], "texture": "#0"},
				"east": {"uv": [6.5, 5.5, 9.5, 8.5], "texture": "#0"},
				"south": {"uv": [6.5, 5.5, 9.5, 8.5], "texture": "#0"},
				"west": {"uv": [6.5, 5.5, 9.5, 8.5], "texture": "#0"},
				"up": {"uv": [6, 5, 10, 6], "texture": "#0"},
				"down": {"uv": [6, 8, 10, 9], "texture": "#0"}
			}
		}
	]
}