{
	"credit": "Made with Blockbench",
	"ambientocclusion": false,
	"textures": {
		"1": "blocks/redstone_wire/redstone_bend"
	},
	"elements": [
		{
			"name": "side_alt",
			"from": [6, 0, 6],
			"to": [10, 1, 10],
			"shade": false,
			"faces": {
				"north": {"uv": [4, 4, 8, 5], "texture": "#1", "tintindex": 0},
				"east": {"uv": [4, 0, 8, 1], "texture": "#1", "tintindex": 0},
				"south": {"uv": [4, 1, 8, 2], "texture": "#1", "tintindex": 0},
				"west": {"uv": [4, 2, 8, 3], "texture": "#1", "tintindex": 0},
				"up": {"uv": [4, 4, 0, 0], "texture": "#1", "tintindex": 0},
				"down": {"uv": [4, 4, 0, 8], "texture": "#1", "tintindex": 0}
			}
		}
	]
}