{
	"credit": "Made with Blockbench",
	"ambientocclusion": false,
	"textures": {
		"0": "blocks/repeater_base",
		"1": "blocks/repeater_off",
		"2": "blocks/repeater_off_wire",
		"particle": "blocks/redstone_devices/off_part"
	},
	"elements": [
		{
			"name": "crystal",
			"from": [3, 0.001, 3],
			"to": [13, 2.001, 13],
			"rotation": {"angle": 0, "axis": "y", "origin": [8, 7.5, 8]},
			"faces": {
				"north": {"uv": [0, 2, 10, 4], "texture": "#1"},
				"east": {"uv": [0, 3, 10, 5], "texture": "#1"},
				"south": {"uv": [0, 3, 10, 5], "texture": "#1"},
				"west": {"uv": [0, 3, 10, 5], "texture": "#1"},
				"up": {"uv": [0, 0, 10, 10], "texture": "#1"},
				"down": {"uv": [0, 0, 10, 10], "texture": "#1"}
			}
		},
		{
			"from": [2, 0, 15],
			"to": [14, 1, 16],
			"faces": {
				"south": {"uv": [0, 0, 4, 1], "texture": "#2"},
				"up": {"uv": [0, 0, 4, 2], "texture": "#2"},
				"down": {"uv": [0, 0, 4, 2], "texture": "#2"}
			}
		},
		{
			"from": [6, 0.001, 0],
			"to": [10, 1.001, 3],
			"faces": {
				"north": {"uv": [0, 0, 4, 1], "texture": "#2"},
				"east": {"uv": [0, 0, 1, 3], "texture": "#2"},
				"west": {"uv": [0, 0, 1, 3], "texture": "#2"},
				"up": {"uv": [0, 0, 4, 3], "texture": "#2"},
				"down": {"uv": [0, 0, 4, 3], "texture": "#2"}
			}
		},
		{
			"name": "frame",
			"from": [10, 0, 0],
			"to": [14, 1.5, 2],
			"faces": {
				"north": {"uv": [0, 0, 5, 1], "texture": "#0"},
				"south": {"uv": [0, 0, 4, 1.5], "texture": "#0"},
				"west": {"uv": [0, 0, 2, 1.5], "texture": "#0"},
				"up": {"uv": [0, 0, 4, 2], "texture": "#0"},
				"down": {"uv": [4, 0, 0, 2], "rotation": 180, "texture": "#0"}
			}
		},
		{
			"name": "frame",
			"from": [2, 0, 14],
			"to": [14, 1.5, 15],
			"faces": {
				"north": {"uv": [0, 0, 5, 1], "texture": "#0"},
				"east": {"uv": [0, 0, 2, 1.5], "texture": "#0"},
				"south": {"uv": [0, 0, 5, 1.5], "texture": "#0"},
				"up": {"uv": [0, 0, 5, 1], "texture": "#0"},
				"down": {"uv": [0, 0, 4, 1], "rotation": 180, "texture": "#0"}
			}
		},
		{
			"name": "frame",
			"from": [2, 0, 0],
			"to": [6, 1.5, 2],
			"faces": {
				"north": {"uv": [0, 0, 5, 1], "texture": "#0"},
				"east": {"uv": [0, 0, 2, 1.5], "texture": "#0"},
				"south": {"uv": [4, 0, 0, 1.5], "texture": "#0"},
				"up": {"uv": [4, 0, 0, 2], "texture": "#0"},
				"down": {"uv": [0, 0, 4, 2], "rotation": 180, "texture": "#0"}
			}
		},
		{
			"name": "frame",
			"from": [14, 0.001, 0],
			"to": [16, 1.501, 16],
			"faces": {
				"north": {"uv": [0, 0, 1, 1], "texture": "#0"},
				"east": {"uv": [0, 0, 16, 1], "texture": "#0"},
				"south": {"uv": [0, 0, 1, 1], "texture": "#0"},
				"west": {"uv": [0, 0, 16, 1], "texture": "#0"},
				"up": {"uv": [2, 0, 0, 16], "texture": "#0"},
				"down": {"uv": [2, 0, 0, 16], "texture": "#0"}
			}
		},
		{
			"name": "frame",
			"from": [0, 0.001, 0],
			"to": [2, 1.501, 16],
			"faces": {
				"north": {"uv": [0, 0, 1, 1], "texture": "#0"},
				"east": {"uv": [0, 0, 16, 1], "texture": "#0"},
				"south": {"uv": [0, 0, 2, 1.5], "texture": "#0"},
				"west": {"uv": [0, 0, 16, 1], "rotation": 180, "texture": "#0"},
				"up": {"uv": [0, 0, 2, 16], "texture": "#0"},
				"down": {"uv": [0, 0, 2, 16], "texture": "#0"}
			}
		},
		{
			"name": "beam",
			"from": [7, 0.002, 3],
			"to": [9, 2.752, 15],
			"faces": {
				"north": {"uv": [0, 0, 2, 0.75], "rotation": 90, "texture": "#0"},
				"east": {"uv": [2, 0, 14.75, 2.75], "texture": "#0"},
				"south": {"uv": [0, 0, 2, 0.75], "rotation": 90, "texture": "#0"},
				"west": {"uv": [1, 0, 13.75, 2.75], "texture": "#0"},
				"up": {"uv": [0, 1, 2, 12.5], "rotation": 180, "texture": "#0"},
				"down": {"uv": [1, 1, 3, 13.75], "texture": "#0"}
			}
		},
		{
			"name": "arrow",
			"from": [7.18015, 0.001, 2.33981],
			"to": [8.59415, 2.751, 3.75381],
			"rotation": {"angle": -45, "axis": "y", "origin": [8.00015, 2.252, 3.15981]},
			"faces": {
				"north": {"uv": [0, 0, 3, 1], "texture": "#0"},
				"east": {"uv": [0, 0, 3, 1], "texture": "#0"},
				"south": {"uv": [0, 0, 3, 1], "texture": "#0"},
				"west": {"uv": [0, 0, 3, 1], "texture": "#0"},
				"up": {"uv": [1, 1, 4, 4], "texture": "#0"}
			}
		}
	],
	"groups": [
		{
			"name": "redstone",
			"origin": [8, 8, 8],
			"children": [0,
				{
					"name": "wire",
					"origin": [8, 8, 8],
					"children": [1, 2]
				}
			]
		},
		{
			"name": "frames",
			"origin": [8, 8, 8],
			"children": [3, 4, 5, 6, 7, 8, 9]
		}
	]
}