{
	"credit": "Made with Blockbench",
	"elements": [
		{
			"from": [6.499, 0, 6.5],
			"to": [10.501, 8, 10.5],
			"rotation": {"angle": 0, "axis": "y", "origin": [14.499, 8, 14.5]},
			"faces": {
				"north": {"uv": [0, 4, 3.002, 10], "texture": "#log"},
				"east": {"uv": [4, 0, 7, 8], "texture": "#log"},
				"south": {"uv": [0, 5, 3.002, 13], "texture": "#log"},
				"west": {"uv": [9, 2, 12, 10], "texture": "#log"},
				"up": {"uv": [0, 0, 3.002, 3], "texture": "#log"}
			}
		},
		{
			"from": [6.5, -0.3827, 8.01028],
			"to": [10.5, 2.3673, 10.01028],
			"rotation": {"angle": 22.5, "axis": "x", "origin": [8, 6.1173, 7.51028]},
			"faces": {
				"north": {"uv": [0, 7, 3, 15.15], "texture": "#log"},
				"east": {"uv": [0, 0, 2, 8.15], "texture": "#log"},
				"west": {"uv": [0, 0, 2, 8.15], "texture": "#log"}
			}
		},
		{
			"from": [5.75, 3, 9.75],
			"to": [6.75, 4, 12.25],
			"rotation": {"angle": -45, "axis": "y", "origin": [6.25, 3.5, 10.75]},
			"faces": {
				"east": {"uv": [5, 1, 7, 2], "rotation": 180, "texture": "#log"},
				"south": {"uv": [0, 0, 1, 1], "rotation": 270, "texture": "#log"},
				"west": {"uv": [4, 1, 6, 2], "texture": "#log"},
				"up": {"uv": [2, 1, 4, 2], "rotation": 270, "texture": "#log"},
				"down": {"uv": [4, 5, 6, 6], "rotation": 270, "texture": "#log"}
			}
		},
		{
			"from": [5, 6, 5],
			"to": [12, 13, 12],
			"rotation": {"angle": 0, "axis": "y", "origin": [13, 14, 13]},
			"faces": {
				"north": {"uv": [3, 3, 12, 12], "texture": "#leaves"},
				"east": {"uv": [3, 3, 12, 12], "texture": "#leaves"},
				"south": {"uv": [3, 3, 12, 12], "texture": "#leaves"},
				"west": {"uv": [3, 3, 12, 12], "texture": "#leaves"},
				"up": {"uv": [3, 3, 12, 12], "texture": "#leaves"},
				"down": {"uv": [3, 3, 12, 12], "texture": "#leaves"}
			}
		},
		{
			"from": [4, 2.6, 11],
			"to": [6, 4.6, 13],
			"rotation": {"angle": 0, "axis": "y", "origin": [12, 10.6, 19]},
			"faces": {
				"north": {"uv": [3, 3, 12, 12], "texture": "#leaves"},
				"east": {"uv": [3, 3, 12, 12], "texture": "#leaves"},
				"south": {"uv": [3, 3, 12, 12], "texture": "#leaves"},
				"west": {"uv": [3, 3, 12, 12], "texture": "#leaves"},
				"up": {"uv": [3, 3, 12, 12], "texture": "#leaves"},
				"down": {"uv": [3, 3, 12, 12], "texture": "#leaves"}
			}
		}
	]
}