{
	"credit": "Made with Blockbench",
	"parent": "block/block",
	"textures": {
		"particle": "blocks/snow",
		"texture": "blocks/snow"
	},
	"elements": [
		{
			"from": [-0.02, 0, -0.02],
			"to": [16.02, 16, 16.02],
			"rotation": {"angle": 0, "axis": "y", "origin": [7.98, 8, 7.98]},
			"faces": {
				"north": {"uv": [0, 0, 16, 16], "texture": "#texture", "cullface": "north"},
				"east": {"uv": [0, 0, 16, 16], "texture": "#texture", "cullface": "east"},
				"south": {"uv": [0, 0, 16, 16], "texture": "#texture", "cullface": "south"},
				"west": {"uv": [0, 0, 16, 16], "texture": "#texture", "cullface": "west"},
				"up": {"uv": [0, 0, 16, 16], "texture": "#texture", "cullface": "up"},
				"down": {"uv": [0, 0, 16, 16], "texture": "#texture", "cullface": "down"}
			}
		}
	]
}