{
	"credit": "Made with Blockbench",
	"parent": "block/thin_block",
	"textures": {
		"1": "blocks/grass_side_snowed_overlay",
		"particle": "blocks/snow",
		"texture": "blocks/snow"
	},
	"elements": [
		{
			"from": [-0.02, 0, -0.02],
			"to": [16.02, 16, 16.02],
			"rotation": {"angle": 0, "axis": "y", "origin": [7.98, 8, 7.98]},
			"faces": {
				"north": {"uv": [0, 0, 16, 16], "texture": "#texture", "cullface": "north"},
				"east": {"uv": [0, 0, 16, 16], "texture": "#texture", "cullface": "east"},
				"south": {"uv": [0, 0, 16, 16], "texture": "#texture", "cullface": "south"},
				"west": {"uv": [0, 0, 16, 16], "texture": "#texture", "cullface": "west"},
				"up": {"uv": [0, 0, 16, 16], "texture": "#texture", "cullface": "up"}
			}
		},
		{
			"from": [16.01, -3, 0.999],
			"to": [16.01, -2, 1.999],
			"rotation": {"angle": 0, "axis": "y", "origin": [24.249, 5, -5.001]},
			"faces": {
				"east": {"uv": [14, 7, 15, 8], "texture": "#1"}
			}
		},
		{
			"from": [16.01, -2, 11.999],
			"to": [16.01, -1, 16],
			"rotation": {"angle": 0, "axis": "y", "origin": [24.249, 6, 7.999]},
			"faces": {
				"east": {"uv": [0, 6, 4, 7], "texture": "#1"}
			}
		},
		{
			"from": [16.01, -2, 7.999],
			"to": [16.01, -1, 10.999],
			"rotation": {"angle": 0, "axis": "y", "origin": [24.249, 6, 2.999]},
			"faces": {
				"east": {"uv": [5, 6, 8, 7], "texture": "#1"}
			}
		},
		{
			"from": [16.01, -2, 3.999],
			"to": [16.01, -1, 6.999],
			"rotation": {"angle": 0, "axis": "y", "origin": [24.249, 6, -1.001]},
			"faces": {
				"east": {"uv": [9, 6, 12, 7], "texture": "#1"}
			}
		},
		{
			"from": [16.01, -2, -0.001],
			"to": [16.01, -1, 3],
			"rotation": {"angle": 0, "axis": "y", "origin": [24.249, 6, -5.001]},
			"faces": {
				"east": {"uv": [13, 6, 16, 7], "texture": "#1"}
			}
		},
		{
			"from": [16.01, -3, 12.999],
			"to": [16.01, -2, 15.999],
			"rotation": {"angle": 0, "axis": "y", "origin": [24.249, 5, 7.999]},
			"faces": {
				"east": {"uv": [0, 7, 3, 8], "texture": "#1"}
			}
		},
		{
			"from": [16.01, -4, 8.999],
			"to": [16.01, -2, 9.999],
			"rotation": {"angle": 0, "axis": "y", "origin": [24.249, 5, 2.999]},
			"faces": {
				"east": {"uv": [6, 7, 7, 9], "texture": "#1"}
			}
		},
		{
			"from": [16.01, -4, 13.999],
			"to": [16.01, -3, 14.999],
			"rotation": {"angle": 0, "axis": "y", "origin": [24.249, 4, 7.999]},
			"faces": {
				"east": {"uv": [1, 8, 2, 9], "texture": "#1"}
			}
		},
		{
			"from": [16.01, -3, 4.999],
			"to": [16.01, -2, 5.999],
			"rotation": {"angle": 0, "axis": "y", "origin": [24.249, 5, -1.001]},
			"faces": {
				"east": {"uv": [10, 7, 11, 8], "texture": "#1"}
			}
		},
		{
			"from": [-0.01, -3, 14.001],
			"to": [-0.01, -2, 15.001],
			"rotation": {"angle": 0, "axis": "y", "origin": [-7.999, 5, 21.001]},
			"faces": {
				"west": {"uv": [14, 7, 15, 8], "texture": "#1"}
			}
		},
		{
			"from": [-0.01, -2, 0],
			"to": [-0.01, -1, 4.001],
			"rotation": {"angle": 0, "axis": "y", "origin": [-7.999, 6, 8.001]},
			"faces": {
				"west": {"uv": [0, 6, 4, 7], "texture": "#1"}
			}
		},
		{
			"from": [-0.01, -2, 5.001],
			"to": [-0.01, -1, 8.001],
			"rotation": {"angle": 0, "axis": "y", "origin": [-7.999, 6, 13.001]},
			"faces": {
				"west": {"uv": [5, 6, 8, 7], "texture": "#1"}
			}
		},
		{
			"from": [-0.01, -2, 9.001],
			"to": [-0.01, -1, 12.001],
			"rotation": {"angle": 0, "axis": "y", "origin": [-7.999, 6, 17.001]},
			"faces": {
				"west": {"uv": [9, 6, 12, 7], "texture": "#1"}
			}
		},
		{
			"from": [-0.01, -2, 13],
			"to": [-0.01, -1, 16.001],
			"rotation": {"angle": 0, "axis": "y", "origin": [-7.999, 6, 21.001]},
			"faces": {
				"west": {"uv": [13, 6, 16, 7], "texture": "#1"}
			}
		},
		{
			"from": [-0.01, -3, 0.001],
			"to": [-0.01, -2, 3.001],
			"rotation": {"angle": 0, "axis": "y", "origin": [-7.999, 5, 8.001]},
			"faces": {
				"west": {"uv": [0, 7, 3, 8], "texture": "#1"}
			}
		},
		{
			"from": [-0.01, -4, 6.001],
			"to": [-0.01, -2, 7.001],
			"rotation": {"angle": 0, "axis": "y", "origin": [-7.999, 5, 13.001]},
			"faces": {
				"west": {"uv": [6, 7, 7, 9], "texture": "#1"}
			}
		},
		{
			"from": [-0.01, -4, 1.001],
			"to": [-0.01, -3, 2.001],
			"rotation": {"angle": 0, "axis": "y", "origin": [-7.999, 4, 8.001]},
			"faces": {
				"west": {"uv": [1, 8, 2, 9], "texture": "#1"}
			}
		},
		{
			"from": [-0.01, -3, 10.001],
			"to": [-0.01, -2, 11.001],
			"rotation": {"angle": 0, "axis": "y", "origin": [-7.999, 5, 17.001]},
			"faces": {
				"west": {"uv": [10, 7, 11, 8], "texture": "#1"}
			}
		},
		{
			"from": [1.001, -3, -0.01],
			"to": [2.001, -2, -0.01],
			"rotation": {"angle": 0, "axis": "y", "origin": [-4.999, 5, -7.999]},
			"faces": {
				"north": {"uv": [14, 7, 15, 8], "texture": "#1"}
			}
		},
		{
			"from": [12.001, -2, -0.01],
			"to": [16.002, -1, -0.01],
			"rotation": {"angle": 0, "axis": "y", "origin": [8.001, 6, -7.999]},
			"faces": {
				"north": {"uv": [0, 6, 4, 7], "texture": "#1"}
			}
		},
		{
			"from": [8.001, -2, -0.01],
			"to": [11.001, -1, -0.01],
			"rotation": {"angle": 0, "axis": "y", "origin": [3.001, 6, -7.999]},
			"faces": {
				"north": {"uv": [5, 6, 8, 7], "texture": "#1"}
			}
		},
		{
			"from": [4.001, -2, -0.01],
			"to": [7.001, -1, -0.01],
			"rotation": {"angle": 0, "axis": "y", "origin": [-0.999, 6, -7.999]},
			"faces": {
				"north": {"uv": [9, 6, 12, 7], "texture": "#1"}
			}
		},
		{
			"from": [0.001, -2, -0.01],
			"to": [3.002, -1, -0.01],
			"rotation": {"angle": 0, "axis": "y", "origin": [-4.999, 6, -7.999]},
			"faces": {
				"north": {"uv": [13, 6, 16, 7], "texture": "#1"}
			}
		},
		{
			"from": [13.001, -3, -0.01],
			"to": [16.001, -2, -0.01],
			"rotation": {"angle": 0, "axis": "y", "origin": [8.001, 5, -7.999]},
			"faces": {
				"north": {"uv": [0, 7, 3, 8], "texture": "#1"}
			}
		},
		{
			"from": [9.001, -4, -0.01],
			"to": [10.001, -2, -0.01],
			"rotation": {"angle": 0, "axis": "y", "origin": [3.001, 5, -7.999]},
			"faces": {
				"north": {"uv": [6, 7, 7, 9], "texture": "#1"}
			}
		},
		{
			"from": [14.001, -4, -0.01],
			"to": [15.001, -3, -0.01],
			"rotation": {"angle": 0, "axis": "y", "origin": [8.001, 4, -7.999]},
			"faces": {
				"north": {"uv": [1, 8, 2, 9], "texture": "#1"}
			}
		},
		{
			"from": [5.001, -3, -0.01],
			"to": [6.001, -2, -0.01],
			"rotation": {"angle": 0, "axis": "y", "origin": [-0.999, 5, -7.999]},
			"faces": {
				"north": {"uv": [10, 7, 11, 8], "texture": "#1"}
			}
		},
		{
			"from": [13.999, -3, 16.01],
			"to": [14.999, -2, 16.01],
			"rotation": {"angle": 0, "axis": "y", "origin": [20.999, 5, 23.999]},
			"faces": {
				"south": {"uv": [14, 7, 15, 8], "texture": "#1"}
			}
		},
		{
			"from": [-0.002, -2, 16.01],
			"to": [3.999, -1, 16.01],
			"rotation": {"angle": 0, "axis": "y", "origin": [7.999, 6, 23.999]},
			"faces": {
				"south": {"uv": [0, 6, 4, 7], "texture": "#1"}
			}
		},
		{
			"from": [4.999, -2, 16.01],
			"to": [7.999, -1, 16.01],
			"rotation": {"angle": 0, "axis": "y", "origin": [12.999, 6, 23.999]},
			"faces": {
				"south": {"uv": [5, 6, 8, 7], "texture": "#1"}
			}
		},
		{
			"from": [8.999, -2, 16.01],
			"to": [11.999, -1, 16.01],
			"rotation": {"angle": 0, "axis": "y", "origin": [16.999, 6, 23.999]},
			"faces": {
				"south": {"uv": [9, 6, 12, 7], "texture": "#1"}
			}
		},
		{
			"from": [12.998, -2, 16.01],
			"to": [15.999, -1, 16.01],
			"rotation": {"angle": 0, "axis": "y", "origin": [20.999, 6, 23.999]},
			"faces": {
				"south": {"uv": [13, 6, 16, 7], "texture": "#1"}
			}
		},
		{
			"from": [-0.001, -3, 16.01],
			"to": [2.999, -2, 16.01],
			"rotation": {"angle": 0, "axis": "y", "origin": [7.999, 5, 23.999]},
			"faces": {
				"south": {"uv": [0, 7, 3, 8], "texture": "#1"}
			}
		},
		{
			"from": [5.999, -4, 16.01],
			"to": [6.999, -2, 16.01],
			"rotation": {"angle": 0, "axis": "y", "origin": [12.999, 5, 23.999]},
			"faces": {
				"south": {"uv": [6, 7, 7, 9], "texture": "#1"}
			}
		},
		{
			"from": [0.999, -4, 16.01],
			"to": [1.999, -3, 16.01],
			"rotation": {"angle": 0, "axis": "y", "origin": [7.999, 4, 23.999]},
			"faces": {
				"south": {"uv": [1, 8, 2, 9], "texture": "#1"}
			}
		},
		{
			"from": [9.999, -3, 16.01],
			"to": [10.999, -2, 16.01],
			"rotation": {"angle": 0, "axis": "y", "origin": [16.999, 5, 23.999]},
			"faces": {
				"south": {"uv": [10, 7, 11, 8], "texture": "#1"}
			}
		},
		{
			"from": [-0.01, -1, -0.01],
			"to": [16.01, 0, 16.01],
			"rotation": {"angle": 0, "axis": "y", "origin": [7.999, 7, 7.99]},
			"faces": {
				"north": {"uv": [0, 5, 16, 6], "texture": "#1"},
				"east": {"uv": [0, 5, 16, 6], "texture": "#1"},
				"south": {"uv": [0, 5, 16, 6], "texture": "#1"},
				"west": {"uv": [0, 5, 16, 6], "texture": "#1"}
			}
		}
	],
	"groups": [0,
		{
			"name": "snow_height0",
			"origin": [8, 8, 8],
			"children": [
				{
					"name": "group",
					"origin": [8, 8, 8],
					"children": [1, 2, 3, 4, 5, 6, 7, 8, 9]
				},
				{
					"name": "group",
					"origin": [8, 8, 8],
					"children": [10, 11, 12, 13, 14, 15, 16, 17, 18]
				},
				{
					"name": "group",
					"origin": [8, 8, 8],
					"children": [19, 20, 21, 22, 23, 24, 25, 26, 27]
				},
				{
					"name": "group",
					"origin": [8, 8, 8],
					"children": [28, 29, 30, 31, 32, 33, 34, 35, 36]
				}, 37]
		}
	]
}