{
	"credit": "Made with Blockbench",
	"elements": [
		{
			"name": "beam",
			"from": [3, 3, 3],
			"to": [4, 13, 4],
			"faces": {
				"north": {"uv": [3, 3, 4, 13], "texture": "#layer1",  "tintindex": 0, "tintindex": 0},
				"east": {"uv": [3, 3, 4, 13], "texture": "#layer1",  "tintindex": 0},
				"south": {"uv": [3, 3, 4, 13], "texture": "#layer1",  "tintindex": 0},
				"west": {"uv": [3, 3, 4, 13], "texture": "#layer1",  "tintindex": 0},
				"up": {"uv": [3, 3, 4, 4], "texture": "#layer1",  "tintindex": 0},
				"down": {"uv": [3, 3, 4, 4], "texture": "#layer1",  "tintindex": 0}
			}
		},
		{
			"name": "beam11",
			"from": [3, 3, 3],
			"to": [4, 4, 13],
			"faces": {
				"north": {"uv": [3, 3, 4, 4], "texture": "#layer1",  "tintindex": 0, "rotation": 270},
				"east": {"uv": [3, 3, 4, 13], "texture": "#layer1",  "tintindex": 0, "rotation": 90},
				"south": {"uv": [3, 3, 4, 4], "texture": "#layer1",  "tintindex": 0, "rotation": 270},
				"west": {"uv": [3, 3, 4, 13], "texture": "#layer1",  "tintindex": 0, "rotation": 270},
				"up": {"uv": [3, 3, 4, 13], "texture": "#layer1",  "tintindex": 0},
				"down": {"uv": [3, 3, 4, 13], "texture": "#layer1",  "tintindex": 0, "rotation": 180}
			}
		},
		{
			"name": "beam10",
			"from": [3, 12, 3],
			"to": [4, 13, 13],
			"faces": {
				"north": {"uv": [3, 3, 4, 4], "texture": "#layer1",  "tintindex": 0, "rotation": 270},
				"east": {"uv": [3, 3, 4, 13], "texture": "#layer1",  "tintindex": 0, "rotation": 90},
				"south": {"uv": [3, 3, 4, 4], "texture": "#layer1",  "tintindex": 0, "rotation": 270},
				"west": {"uv": [3, 3, 4, 13], "texture": "#layer1",  "tintindex": 0, "rotation": 270},
				"up": {"uv": [3, 3, 4, 13], "texture": "#layer1",  "tintindex": 0},
				"down": {"uv": [3, 3, 4, 13], "texture": "#layer1",  "tintindex": 0, "rotation": 180}
			}
		},
		{
			"name": "beam9",
			"from": [12, 12, 3],
			"to": [13, 13, 13],
			"faces": {
				"north": {"uv": [3, 3, 4, 4], "texture": "#layer1",  "tintindex": 0, "rotation": 270},
				"east": {"uv": [3, 3, 4, 13], "texture": "#layer1",  "tintindex": 0, "rotation": 90},
				"south": {"uv": [3, 3, 4, 4], "texture": "#layer1",  "tintindex": 0, "rotation": 270},
				"west": {"uv": [3, 3, 4, 13], "texture": "#layer1",  "tintindex": 0, "rotation": 270},
				"up": {"uv": [3, 3, 4, 13], "texture": "#layer1",  "tintindex": 0},
				"down": {"uv": [3, 3, 4, 13], "texture": "#layer1",  "tintindex": 0, "rotation": 180}
			}
		},
		{
			"name": "beam8",
			"from": [12, 3, 3],
			"to": [13, 4, 13],
			"faces": {
				"north": {"uv": [3, 3, 4, 4], "texture": "#layer1",  "tintindex": 0, "rotation": 270},
				"east": {"uv": [3, 3, 4, 13], "texture": "#layer1",  "tintindex": 0, "rotation": 90},
				"south": {"uv": [3, 3, 4, 4], "texture": "#layer1",  "tintindex": 0, "rotation": 270},
				"west": {"uv": [3, 3, 13, 4], "texture": "#layer1",  "tintindex": 0, "rotation": 270},
				"up": {"uv": [3, 3, 4, 13], "texture": "#layer1",  "tintindex": 0},
				"down": {"uv": [3, 3, 4, 13], "texture": "#layer1",  "tintindex": 0, "rotation": 180}
			}
		},
		{
			"name": "beam7",
			"from": [3, 3, 3],
			"to": [13, 4, 4],
			"faces": {
				"north": {"uv": [3, 3, 4, 13], "texture": "#layer1",  "tintindex": 0, "rotation": 90},
				"east": {"uv": [3, 3, 4, 4], "texture": "#layer1",  "tintindex": 0, "rotation": 270},
				"south": {"uv": [3, 3, 13, 4], "texture": "#layer1",  "tintindex": 0, "rotation": 270},
				"west": {"uv": [3, 3, 4, 4], "texture": "#layer1",  "tintindex": 0, "rotation": 270},
				"up": {"uv": [3, 3, 4, 13], "texture": "#layer1",  "tintindex": 0, "rotation": 270},
				"down": {"uv": [3, 3, 4, 13], "texture": "#layer1",  "tintindex": 0, "rotation": 270}
			}
		},
		{
			"name": "beam6",
			"from": [3, 12, 3],
			"to": [13, 13, 4],
			"faces": {
				"north": {"uv": [3, 3, 4, 13], "texture": "#layer1",  "tintindex": 0, "rotation": 90},
				"east": {"uv": [3, 3, 4, 4], "texture": "#layer1",  "tintindex": 0, "rotation": 270},
				"south": {"uv": [3, 3, 13, 4], "texture": "#layer1",  "tintindex": 0, "rotation": 270},
				"west": {"uv": [3, 3, 4, 4], "texture": "#layer1",  "tintindex": 0, "rotation": 270},
				"up": {"uv": [3, 3, 4, 13], "texture": "#layer1",  "tintindex": 0, "rotation": 270},
				"down": {"uv": [3, 3, 4, 13], "texture": "#layer1",  "tintindex": 0, "rotation": 270}
			}
		},
		{
			"name": "beam5",
			"from": [3, 12, 12],
			"to": [13, 13, 13],
			"faces": {
				"north": {"uv": [3, 3, 4, 13], "texture": "#layer1",  "tintindex": 0, "rotation": 90},
				"east": {"uv": [3, 3, 4, 4], "texture": "#layer1",  "tintindex": 0, "rotation": 270},
				"south": {"uv": [3, 3, 4, 13], "texture": "#layer1",  "tintindex": 0, "rotation": 270},
				"west": {"uv": [3, 3, 4, 4], "texture": "#layer1",  "tintindex": 0, "rotation": 270},
				"up": {"uv": [3, 3, 4, 13], "texture": "#layer1",  "tintindex": 0, "rotation": 270},
				"down": {"uv": [3, 3, 4, 13], "texture": "#layer1",  "tintindex": 0, "rotation": 270}
			}
		},
		{
			"name": "beam4",
			"from": [3, 3, 12],
			"to": [13, 4, 13],
			"faces": {
				"north": {"uv": [3, 3, 4, 13], "texture": "#layer1",  "tintindex": 0, "rotation": 90},
				"east": {"uv": [3, 3, 4, 4], "texture": "#layer1",  "tintindex": 0, "rotation": 270},
				"south": {"uv": [3, 3, 4, 13], "texture": "#layer1",  "tintindex": 0, "rotation": 270},
				"west": {"uv": [3, 3, 4, 4], "texture": "#layer1",  "tintindex": 0, "rotation": 270},
				"up": {"uv": [3, 3, 4, 13], "texture": "#layer1",  "tintindex": 0, "rotation": 270},
				"down": {"uv": [3, 3, 4, 13], "texture": "#layer1",  "tintindex": 0, "rotation": 270}
			}
		},
		{
			"name": "beam3",
			"from": [3, 3, 12],
			"to": [4, 13, 13],
			"faces": {
				"north": {"uv": [3, 3, 4, 13], "texture": "#layer1",  "tintindex": 0},
				"east": {"uv": [3, 3, 4, 13], "texture": "#layer1",  "tintindex": 0},
				"south": {"uv": [3, 3, 4, 13], "texture": "#layer1",  "tintindex": 0},
				"west": {"uv": [3, 3, 4, 13], "texture": "#layer1",  "tintindex": 0},
				"up": {"uv": [3, 3, 4, 4], "texture": "#layer1",  "tintindex": 0},
				"down": {"uv": [3, 3, 4, 4], "texture": "#layer1",  "tintindex": 0}
			}
		},
		{
			"name": "beam2",
			"from": [12, 3, 12],
			"to": [13, 13, 13],
			"faces": {
				"north": {"uv": [3, 3, 4, 13], "texture": "#layer1",  "tintindex": 0},
				"east": {"uv": [3, 3, 4, 13], "texture": "#layer1",  "tintindex": 0},
				"south": {"uv": [3, 3, 4, 13], "texture": "#layer1",  "tintindex": 0},
				"west": {"uv": [3, 3, 4, 13], "texture": "#layer1",  "tintindex": 0},
				"up": {"uv": [3, 3, 4, 4], "texture": "#layer1",  "tintindex": 0},
				"down": {"uv": [3, 3, 4, 4], "texture": "#layer1",  "tintindex": 0}
			}
		},
		{
			"name": "beam1",
			"from": [12, 3, 3],
			"to": [13, 13, 4],
			"faces": {
				"north": {"uv": [3, 3, 4, 13], "texture": "#layer1",  "tintindex": 0},
				"east": {"uv": [3, 3, 4, 13], "texture": "#layer1",  "tintindex": 0},
				"south": {"uv": [3, 3, 4, 13], "texture": "#layer1",  "tintindex": 0},
				"west": {"uv": [3, 3, 4, 13], "texture": "#layer1",  "tintindex": 0},
				"up": {"uv": [3, 3, 4, 4], "texture": "#layer1",  "tintindex": 0},
				"down": {"uv": [3, 3, 4, 4], "texture": "#layer1",  "tintindex": 0}
			}
		},
		{
			"from": [4, 4, 4],
			"to": [12, 12, 12],
			"faces": {
				"north": {"uv": [8, 8, 16, 16], "texture": "#layer0" },
				"east": {"uv": [8, 8, 16, 16], "texture": "#layer0" },
				"south": {"uv": [0, 0, 8, 8], "texture": "#layer0",  "tintindex": 1, "rotation": 270},
				"west": {"uv": [8, 8, 16, 16], "texture": "#layer0" },
				"up": {"uv": [8, 8, 16, 16], "texture": "#layer0" },
				"down": {"uv": [8, 8, 16, 16], "texture": "#layer0" }
			}
		}
	]
}