{
	"credit": "Made with Blockbench",
	"elements": [
		{
			"from": [6.5, 6, 6.5],
			"to": [9.5, 10, 9.5],
			"rotation": {"angle": 0, "axis": "y", "origin": [6.5, 6, 6.5]},
			"faces": {
				"north": {"uv": [6, 2, 9, 6], "texture": "#0"},
				"east": {"uv": [6, 2, 9, 6], "texture": "#0"},
				"south": {"uv": [6, 2, 9, 6], "texture": "#0"},
				"west": {"uv": [6, 2, 9, 6], "texture": "#0"},
				"up": {"uv": [6, 0, 6, 0], "texture": "#0"},
				"down": {"uv": [9, 6, 12, 9], "texture": "#0"}
			}
		},
		{
			"from": [9.5, 10, 9.5],
			"to": [6.5, 6, 6.5],
			"rotation": {"angle": 0, "axis": "y", "origin": [6.5, 6, 6.5]},
			"faces": {
				"north": {"uv": [6, 6, 9, 2], "texture": "#0"},
				"east": {"uv": [6, 6, 9, 2], "texture": "#0"},
				"south": {"uv": [6, 6, 9, 2], "texture": "#0"},
				"west": {"uv": [6, 6, 9, 2], "texture": "#0"},
				"up": {"uv": [6, 6, 9, 9], "texture": "#0"},
				"down": {"uv": [0, 0, 0, 0], "texture": "#0"}
			}
		},
		{
			"from": [7.5, 0, 8],
			"to": [8.5, 7, 8],
			"rotation": {"angle": 0, "axis": "y", "origin": [8, 3, 8], "rescale": true},
			"faces": {
				"north": {"uv": [7, 9, 8, 16], "texture": "#0"},
				"east": {"uv": [0, 0, 0, 0], "texture": "#0"},
				"south": {"uv": [7, 9, 8, 16], "texture": "#0"},
				"west": {"uv": [0, 0, 0, 0], "texture": "#0"},
				"up": {"uv": [0, 0, 0, 0], "rotation": 90, "texture": "#0"},
				"down": {"uv": [0, 0, 0, 0], "rotation": 270, "texture": "#0"}
			}
		},
		{
			"from": [8, 0, 7.5],
			"to": [8, 7, 8.5],
			"rotation": {"angle": 0, "axis": "y", "origin": [8, 3, 8], "rescale": true},
			"faces": {
				"north": {"uv": [0, 0, 0, 0], "texture": "#0"},
				"east": {"uv": [7, 9, 8, 16], "texture": "#0"},
				"south": {"uv": [0, 0, 0, 0], "texture": "#0"},
				"west": {"uv": [7, 9, 8, 16], "texture": "#0"},
				"up": {"uv": [0, 0, 0, 0], "texture": "#0"},
				"down": {"uv": [0, 0, 0, 0], "texture": "#0"}
			}
		},
		{
			"from": [8, 0, 5],
			"to": [8, 5, 11],
			"rotation": {"angle": -45, "axis": "y", "origin": [8, 2.5, 8], "rescale": true},
			"faces": {
				"north": {"uv": [0, 0, 0, 0], "texture": "#0"},
				"east": {"uv": [0, 11, 6, 16], "texture": "#0"},
				"south": {"uv": [0, 0, 0, 0], "texture": "#0"},
				"west": {"uv": [0, 11, 6, 16], "texture": "#0"},
				"up": {"uv": [0, 0, 0, 0], "rotation": 270, "texture": "#0"},
				"down": {"uv": [0, 0, 0, 0], "rotation": 90, "texture": "#0"}
			}
		},
		{
			"from": [5, 0, 8],
			"to": [11, 5, 8],
			"rotation": {"angle": -45, "axis": "y", "origin": [8, 2.5, 8], "rescale": true},
			"faces": {
				"north": {"uv": [0, 11, 6, 16], "texture": "#0"},
				"east": {"uv": [0, 0, 0, 0], "texture": "#0"},
				"south": {"uv": [0, 11, 6, 16], "texture": "#0"},
				"west": {"uv": [0, 0, 0, 0], "texture": "#0"},
				"up": {"uv": [0, 0, 0, 0], "texture": "#0"},
				"down": {"uv": [0, 0, 0, 0], "texture": "#0"}
			}
		}
	]
}