{
	"credit": "Made with Blockbench",
	"ambientocclusion": false,
	"textures": {
		"1": "blocks/lily_side",
		"particle": "blocks/waterlily",
		"texture": "blocks/waterlily"
	},
	"elements": [
		{
			"from": [0, -1, 0],
			"to": [16, -1, 16],
			"faces": {
				"up": {"uv": [16, 0, 0, 16], "texture": "#texture", "tintindex": 0},
				"down": {"uv": [16, 16, 0, 0], "texture": "#texture", "tintindex": 0}
			}
		},
		{
			"from": [2, -1, 2],
			"to": [14, 0, 14],
			"faces": {
				"north": {"uv": [0, 0, 12, 1], "texture": "#1", "tintindex": 0},
				"east": {"uv": [0, 0, 12, 1], "texture": "#1", "tintindex": 0},
				"south": {"uv": [12, 1, 0, 2], "texture": "#1", "tintindex": 0},
				"west": {"uv": [0, 1, 12, 2], "texture": "#1", "tintindex": 0}
			}
		},
		{
			"from": [14, 0, 14],
			"to": [2, -1, 2],
			"faces": {
				"north": {"uv": [12, 1, 0, 2], "texture": "#1", "tintindex": 0},
				"east": {"uv": [0, 1, 12, 2], "texture": "#1", "tintindex": 0},
				"south": {"uv": [0, 0, 12, 1], "texture": "#1", "tintindex": 0},
				"west": {"uv": [0, 0, 12, 1], "texture": "#1", "tintindex": 0}
			}
		},
		{
			"from": [2.29514, -1.001, 9.48379],
			"to": [5.29514, -1.001, 10.48379],
			"rotation": {"angle": 22.5, "axis": "y", "origin": [3.44514, -1.001, 10.48379]},
			"faces": {
				"up": {"uv": [9, 11, 10, 14], "rotation": 90, "texture": "#texture", "tintindex": 0},
				"down": {"uv": [0, 0, 3, 1], "texture": "#texture"}
			}
		},
		{
			"from": [5.44009, -1.001, 11.08754],
			"to": [6.44009, -1.001, 14.08754],
			"rotation": {"angle": -22.5, "axis": "y", "origin": [6.44009, -1.001, 12.93754]},
			"faces": {
				"up": {"uv": [9, 11, 10, 14], "texture": "#texture", "tintindex": 0},
				"down": {"uv": [0, 0, 3, 1], "rotation": 90, "texture": "#texture", "tintindex": 0}
			}
		}
	]
}