{
	"credit": "Made with Blockbench",
	"ambientocclusion": false,
	"textures": {
		"1": "blocks/lily_side_big",
		"particle": "blocks/waterlily_big",
		"texture": "blocks/waterlily_big"
	},
	"elements": [
		{
			"from": [1, -1.25, 1],
			"to": [15, -1.25, 15],
			"rotation": {"angle": 0, "axis": "y", "origin": [6.73785, -1.0504, 9.26215]},
			"faces": {
				"up": {"uv": [15, 1, 1, 15], "texture": "#texture", "tintindex": 0},
				"down": {"uv": [15, 15, 1, 1], "texture": "#texture", "tintindex": 0}
			}
		},
		{
			"from": [1, -1.25, 1],
			"to": [15, 0, 15],
			"rotation": {"angle": 0, "axis": "y", "origin": [6.73785, -1.0504, 9.26215]},
			"faces": {
				"north": {"uv": [0, 0, 14, 1], "texture": "#1", "tintindex": 0},
				"east": {"uv": [0, 0, 14, 1], "texture": "#1", "tintindex": 0},
				"south": {"uv": [14, 1, 0, 2], "texture": "#1", "tintindex": 0},
				"west": {"uv": [0, 1, 14, 2], "texture": "#1", "tintindex": 0}
			}
		},
		{
			"from": [15, 0, 15],
			"to": [1, -1.25, 1],
			"rotation": {"angle": 0, "axis": "y", "origin": [6.73785, -1.0504, 9.26215]},
			"faces": {
				"north": {"uv": [14, 1, 0, 2], "texture": "#1", "tintindex": 0},
				"east": {"uv": [0, 1, 14, 2], "texture": "#1", "tintindex": 0},
				"south": {"uv": [0, 0, 14, 1], "texture": "#1", "tintindex": 0},
				"west": {"uv": [0, 0, 14, 1], "texture": "#1", "tintindex": 0}
			}
		},
		{
			"from": [1.0391, -1.251, 9.19657],
			"to": [6.0391, -1.251, 11.09657],
			"rotation": {"angle": 22.5, "axis": "y", "origin": [3.0391, -1.251, 9.69657]},
			"faces": {
				"north": {"uv": [0, 0, 5, 0], "texture": "#texture"},
				"east": {"uv": [0, 0, 1.9, 0], "texture": "#texture"},
				"south": {"uv": [0, 0, 5, 0], "texture": "#texture"},
				"west": {"uv": [0, 0, 1.9, 0], "texture": "#texture"},
				"up": {"uv": [10, 10, 15, 8], "texture": "#texture", "tintindex": 0},
				"down": {"uv": [10, 8, 15, 10], "texture": "#texture", "tintindex": 0}
			}
		},
		{
			"from": [4.97194, -1.251, 10.01648],
			"to": [6.87194, -1.251, 14.61648],
			"rotation": {"angle": -22.5, "axis": "y", "origin": [5.47194, -1.251, 12.61648]},
			"faces": {
				"up": {"uv": [9.9, 10, 8, 15], "rotation": 180, "texture": "#texture", "tintindex": 0},
				"down": {"uv": [9.9, 10, 8, 15], "rotation": 180, "texture": "#texture", "tintindex": 0}
			}
		}
	],
	"display": {}
}