{
	"credit": "Made with Blockbench",
	"ambientocclusion": false,
	"textures": {
		"3": "blocks/wheat_7",
		"particle": "blocks/wheat_7_part"
	},
	"elements": [
		{
			"from": [4.11, -1, -8],
			"to": [4.11, 31, 24],
			"shade": false,
			"faces": {
				"east": {"uv": [0, 0, 16, 16], "texture": "#3"},
				"west": {"uv": [16, 0, 0, 16], "texture": "#3"}
			}
		},
		{
			"from": [12.09, -1, -8],
			"to": [12.09, 31, 24],
			"shade": false,
			"faces": {
				"east": {"uv": [16, 0, 0, 16], "texture": "#3"},
				"west": {"uv": [0, 0, 16, 16], "texture": "#3"}
			}
		},
		{
			"from": [-7.9, -1, 4.01],
			"to": [24.1, 31, 4.01],
			"shade": false,
			"faces": {
				"north": {"uv": [16, 0, 0, 16], "texture": "#3"},
				"south": {"uv": [0, 0, 16, 16], "texture": "#3"}
			}
		},
		{
			"from": [-8.9, -1, 11.99],
			"to": [24.1, 31, 11.99],
			"shade": false,
			"faces": {
				"north": {"uv": [0, 0, 16, 16], "texture": "#3"},
				"south": {"uv": [16, 0, 0, 16], "texture": "#3"}
			}
		}
	]
}