{
	"credit": "Made with Blockbench",
	"texture_size": [64, 64],
	"textures": {
		"2": "beyondtheveil:blocks/arboreal_generator/arboreal_generator_spores",
		"3": "beyondtheveil:blocks/arboreal_generator/arboreal_generator_branches",
		"particle": "beyondtheveil:blocks/arboreal_generator/arboreal_generator_base"
	},
	"elements": [
		{
			"from": [19, 7.75, 2.25],
			"to": [22, 10.75, 5.25],
			"rotation": {"angle": 22.5, "axis": "x", "origin": [1, -6, 0]},
			"faces": {
				"north": {"uv": [5, 5.5, 5.75, 6.25], "texture": "#2"},
				"east": {"uv": [5.75, 5, 6.5, 5.75], "texture": "#2"},
				"south": {"uv": [5.75, 5.75, 6.5, 6.5], "texture": "#2"},
				"west": {"uv": [1, 6, 1.75, 6.75], "texture": "#2"},
				"up": {"uv": [6.75, 1.75, 6, 1], "texture": "#2"},
				"down": {"uv": [2.5, 6, 1.75, 6.75], "texture": "#2"}
			}
		},
		{
			"from": [11, 9.75, -1.75],
			"to": [15, 13.75, 2.25],
			"rotation": {"angle": 22.5, "axis": "x", "origin": [1, -6, 0]},
			"faces": {
				"north": {"uv": [1.5, 3, 2.5, 4], "texture": "#2"},
				"east": {"uv": [3, 1.5, 4, 2.5], "texture": "#2"},
				"south": {"uv": [2.5, 3, 3.5, 4], "texture": "#2"},
				"west": {"uv": [3.5, 2.5, 4.5, 3.5], "texture": "#2"},
				"up": {"uv": [4.5, 4.5, 3.5, 3.5], "texture": "#2"},
				"down": {"uv": [2.5, 4, 1.5, 5], "texture": "#2"}
			}
		},
		{
			"from": [11, 7.75, -1.75],
			"to": [15, 11.75, 2.25],
			"rotation": {"angle": 22.5, "axis": "z", "origin": [1, -6, 0]},
			"faces": {
				"north": {"uv": [4, 1.5, 5, 2.5], "texture": "#2"},
				"east": {"uv": [2.5, 4, 3.5, 5], "texture": "#2"},
				"south": {"uv": [0, 4.5, 1, 5.5], "texture": "#2"},
				"west": {"uv": [4.5, 0, 5.5, 1], "texture": "#2"},
				"up": {"uv": [5.5, 3.5, 4.5, 2.5], "texture": "#2"},
				"down": {"uv": [4.5, 4.5, 3.5, 5.5], "texture": "#2"}
			}
		},
		{
			"from": [-11, 10.75, 5.75],
			"to": [-7, 14.75, 9.75],
			"rotation": {"angle": -22.5, "axis": "z", "origin": [1, -6, 0]},
			"faces": {
				"north": {"uv": [4.5, 3.5, 5.5, 4.5], "texture": "#2"},
				"east": {"uv": [4.5, 4.5, 5.5, 5.5], "texture": "#2"},
				"south": {"uv": [1, 5, 2, 6], "texture": "#2"},
				"west": {"uv": [5, 1, 6, 2], "texture": "#2"},
				"up": {"uv": [3, 6, 2, 5], "texture": "#2"},
				"down": {"uv": [1, 5.5, 0, 6.5], "texture": "#2"}
			}
		},
		{
			"from": [-1.5, 11.75, 14.75],
			"to": [2.5, 15.75, 18.75],
			"rotation": {"angle": 22.5, "axis": "y", "origin": [1, -6, 0]},
			"faces": {
				"north": {"uv": [5.5, 0, 6.5, 1], "texture": "#2"},
				"east": {"uv": [5.5, 2, 6.5, 3], "texture": "#2"},
				"south": {"uv": [3, 5.5, 4, 6.5], "texture": "#2"},
				"west": {"uv": [5.5, 3, 6.5, 4], "texture": "#2"},
				"up": {"uv": [5, 6.5, 4, 5.5], "texture": "#2"},
				"down": {"uv": [6.5, 4, 5.5, 5], "texture": "#2"}
			}
		},
		{
			"from": [9, -4.75, 15.25],
			"to": [11, -2.75, 17.25],
			"rotation": {"angle": 22.5, "axis": "z", "origin": [1, -6, 0]},
			"faces": {
				"north": {"uv": [3, 2.5, 3.5, 3], "texture": "#2"},
				"east": {"uv": [1, 4.5, 1.5, 5], "texture": "#2"},
				"south": {"uv": [4.5, 1, 5, 1.5], "texture": "#2"},
				"west": {"uv": [5, 2, 5.5, 2.5], "texture": "#2"},
				"up": {"uv": [3.5, 5.5, 3, 5], "texture": "#2"},
				"down": {"uv": [3, 6, 2.5, 6.5], "texture": "#2"}
			}
		},
		{
			"from": [0, 4.25, 17.75],
			"to": [3, 7.25, 20.75],
			"rotation": {"angle": -22.5, "axis": "z", "origin": [1, -6, 0]},
			"faces": {
				"north": {"uv": [5, 6.25, 5.75, 7], "texture": "#2"},
				"east": {"uv": [0, 6.5, 0.75, 7.25], "texture": "#2"},
				"south": {"uv": [6.5, 0, 7.25, 0.75], "texture": "#2"},
				"west": {"uv": [6.5, 1.75, 7.25, 2.5], "texture": "#2"},
				"up": {"uv": [3.25, 7.25, 2.5, 6.5], "texture": "#2"},
				"down": {"uv": [7.25, 2.5, 6.5, 3.25], "texture": "#2"}
			}
		},
		{
			"from": [-7, 6.25, 0.75],
			"to": [-4, 9.25, 3.75],
			"rotation": {"angle": 22.5, "axis": "x", "origin": [1, -6, 0]},
			"faces": {
				"north": {"uv": [3.25, 6.5, 4, 7.25], "texture": "#2"},
				"east": {"uv": [6.5, 3.25, 7.25, 4], "texture": "#2"},
				"south": {"uv": [4, 6.5, 4.75, 7.25], "texture": "#2"},
				"west": {"uv": [6.5, 4, 7.25, 4.75], "texture": "#2"},
				"up": {"uv": [7.25, 5.5, 6.5, 4.75], "texture": "#2"},
				"down": {"uv": [7.25, 5.5, 6.5, 6.25], "texture": "#2"}
			}
		},
		{
			"from": [4, 3.25, -0.5],
			"to": [7, 6.25, 2.5],
			"rotation": {"angle": -22.5, "axis": "x", "origin": [1, -6, 0]},
			"faces": {
				"north": {"uv": [5.75, 6.5, 6.5, 7.25], "texture": "#2"},
				"east": {"uv": [6.5, 6.25, 7.25, 7], "texture": "#2"},
				"south": {"uv": [0.75, 6.75, 1.5, 7.5], "texture": "#2"},
				"west": {"uv": [6.75, 0.75, 7.5, 1.5], "texture": "#2"},
				"up": {"uv": [2.25, 7.5, 1.5, 6.75], "texture": "#2"},
				"down": {"uv": [5.5, 7, 4.75, 7.75], "texture": "#2"}
			}
		},
		{
			"from": [5.25, -4.75, -4.75],
			"to": [7.25, -2.75, -2.75],
			"rotation": {"angle": 22.5, "axis": "z", "origin": [1, -6, 0]},
			"faces": {
				"north": {"uv": [7.25, 7.5, 7.75, 8], "texture": "#2"},
				"east": {"uv": [4.5, 7.75, 5, 8.25], "texture": "#2"},
				"south": {"uv": [5, 7.75, 5.5, 8.25], "texture": "#2"},
				"west": {"uv": [6.25, 7.75, 6.75, 8.25], "texture": "#2"},
				"up": {"uv": [7.25, 8.25, 6.75, 7.75], "texture": "#2"},
				"down": {"uv": [8.25, 7.5, 7.75, 8], "texture": "#2"}
			}
		},
		{
			"from": [6.5, -5.75, 2.25],
			"to": [9.5, -2.75, 5.25],
			"rotation": {"angle": -22.5, "axis": "x", "origin": [1, -6, 0]},
			"faces": {
				"north": {"uv": [6.5, 7, 7.25, 7.75], "texture": "#2"},
				"east": {"uv": [0, 7.25, 0.75, 8], "texture": "#2"},
				"south": {"uv": [7.25, 0, 8, 0.75], "texture": "#2"},
				"west": {"uv": [7.25, 1.5, 8, 2.25], "texture": "#2"},
				"up": {"uv": [3, 8, 2.25, 7.25], "texture": "#2"},
				"down": {"uv": [8, 2.25, 7.25, 3], "texture": "#2"}
			}
		},
		{
			"from": [12.5, -9.75, 2.25],
			"to": [15.5, -6.75, 5.25],
			"rotation": {"angle": -45, "axis": "x", "origin": [1, -6, 0]},
			"faces": {
				"north": {"uv": [3, 7.25, 3.75, 8], "texture": "#2"},
				"east": {"uv": [7.25, 3, 8, 3.75], "texture": "#2"},
				"south": {"uv": [3.75, 7.25, 4.5, 8], "texture": "#2"},
				"west": {"uv": [7.25, 3.75, 8, 4.5], "texture": "#2"},
				"up": {"uv": [8, 5.25, 7.25, 4.5], "texture": "#2"},
				"down": {"uv": [8, 5.25, 7.25, 6], "texture": "#2"}
			}
		},
		{
			"from": [0, -15.75, 8.25],
			"to": [3, -12.75, 11.25],
			"rotation": {"angle": -45, "axis": "x", "origin": [1, -6, 0]},
			"faces": {
				"north": {"uv": [5.5, 7.25, 6.25, 8], "texture": "#2"},
				"east": {"uv": [7.25, 6, 8, 6.75], "texture": "#2"},
				"south": {"uv": [7.25, 6.75, 8, 7.5], "texture": "#2"},
				"west": {"uv": [0.75, 7.5, 1.5, 8.25], "texture": "#2"},
				"up": {"uv": [8.25, 1.5, 7.5, 0.75], "texture": "#2"},
				"down": {"uv": [2.25, 7.5, 1.5, 8.25], "texture": "#2"}
			}
		},
		{
			"from": [1.75, -11.5, -10],
			"to": [3.75, -9.5, -8],
			"rotation": {"angle": -45, "axis": "x", "origin": [-9.25, 5.75, -11.25]},
			"faces": {
				"north": {"uv": [0, 8, 0.5, 8.5], "texture": "#2"},
				"east": {"uv": [8, 0, 8.5, 0.5], "texture": "#2"},
				"south": {"uv": [8, 1.5, 8.5, 2], "texture": "#2"},
				"west": {"uv": [8, 2, 8.5, 2.5], "texture": "#2"},
				"up": {"uv": [2.75, 8.5, 2.25, 8], "texture": "#2"},
				"down": {"uv": [8.5, 2.5, 8, 3], "texture": "#2"}
			}
		},
		{
			"from": [10.75, -6.75, 14],
			"to": [12.75, -4.75, 16],
			"rotation": {"angle": -45, "axis": "x", "origin": [10.75, -2.75, 14]},
			"faces": {
				"north": {"uv": [2.75, 8, 3.25, 8.5], "texture": "#2"},
				"east": {"uv": [8, 3, 8.5, 3.5], "texture": "#2"},
				"south": {"uv": [3.25, 8, 3.75, 8.5], "texture": "#2"},
				"west": {"uv": [8, 3.5, 8.5, 4], "texture": "#2"},
				"up": {"uv": [4.25, 8.5, 3.75, 8], "texture": "#2"},
				"down": {"uv": [8.5, 4, 8, 4.5], "texture": "#2"}
			}
		},
		{
			"from": [15.5, -4.5, 6.75],
			"to": [17.5, -2.5, 8.75],
			"rotation": {"angle": -22.5, "axis": "x", "origin": [1, -6, 0]},
			"faces": {
				"north": {"uv": [8, 4.5, 8.5, 5], "texture": "#2"},
				"east": {"uv": [8, 5, 8.5, 5.5], "texture": "#2"},
				"south": {"uv": [5.5, 8, 6, 8.5], "texture": "#2"},
				"west": {"uv": [8, 5.5, 8.5, 6], "texture": "#2"},
				"up": {"uv": [8.5, 6.5, 8, 6], "texture": "#2"},
				"down": {"uv": [8.5, 6.5, 8, 7], "texture": "#2"}
			}
		},
		{
			"from": [-1, -5.75, 10],
			"to": [1, -3.75, 12],
			"rotation": {"angle": -22.5, "axis": "x", "origin": [1, -6, 0]},
			"faces": {
				"north": {"uv": [8, 7, 8.5, 7.5], "texture": "#2"},
				"east": {"uv": [7.25, 8, 7.75, 8.5], "texture": "#2"},
				"south": {"uv": [7.75, 8, 8.25, 8.5], "texture": "#2"},
				"west": {"uv": [0.5, 8.25, 1, 8.75], "texture": "#2"},
				"up": {"uv": [8.75, 1, 8.25, 0.5], "texture": "#2"},
				"down": {"uv": [1.5, 8.25, 1, 8.75], "texture": "#2"}
			}
		},
		{
			"from": [4.25, 14.75, 4.5],
			"to": [10.25, 20.75, 10.5],
			"rotation": {"angle": 0, "axis": "x", "origin": [1, -6, 0]},
			"faces": {
				"north": {"uv": [0, 0, 1.5, 1.5], "texture": "#2"},
				"east": {"uv": [0, 1.5, 1.5, 3], "texture": "#2"},
				"south": {"uv": [1.5, 0, 3, 1.5], "texture": "#2"},
				"west": {"uv": [1.5, 1.5, 3, 3], "texture": "#2"},
				"up": {"uv": [1.5, 4.5, 0, 3], "texture": "#2"},
				"down": {"uv": [4.5, 0, 3, 1.5], "texture": "#2"}
			}
		},
		{
			"from": [4, -5, 5],
			"to": [10, 3, 11],
			"rotation": {"angle": 0, "axis": "y", "origin": [7, -4, 8]},
			"faces": {
				"north": {"uv": [0, 0, 1.5, 2], "texture": "#3"},
				"east": {"uv": [1.5, 0, 3, 2], "texture": "#3"},
				"south": {"uv": [0, 2, 1.5, 4], "texture": "#3"},
				"west": {"uv": [1.5, 2, 3, 4], "texture": "#3"},
				"up": {"uv": [1.5, 5.5, 0, 4], "texture": "#3"},
				"down": {"uv": [3, 4, 1.5, 5.5], "texture": "#3"}
			}
		},
		{
			"from": [7, -9.5, 3.5],
			"to": [9, -5.5, 5.5],
			"rotation": {"angle": -45, "axis": "x", "origin": [1, -6, 0]},
			"faces": {
				"north": {"uv": [8.5, 8.75, 9, 9.75], "texture": "#3"},
				"east": {"uv": [9, 5, 9.5, 6], "texture": "#3"},
				"south": {"uv": [9, 8.75, 9.5, 9.75], "texture": "#3"},
				"west": {"uv": [9.25, 6, 9.75, 7], "texture": "#3"},
				"down": {"uv": [10, 5.5, 9.5, 6], "texture": "#3"}
			}
		},
		{
			"from": [4.5, -4, -4.75],
			"to": [5.5, -3, 5.5],
			"rotation": {"angle": 22.5, "axis": "x", "origin": [0, -6, 0]},
			"faces": {
				"north": {"uv": [8.75, 6, 9, 6.25], "texture": "#3"},
				"east": {"uv": [6.5, 5, 9, 5.25], "texture": "#3"},
				"west": {"uv": [6.5, 5.25, 9, 5.5], "texture": "#3"},
				"up": {"uv": [7.75, 9.25, 7.5, 6.75], "texture": "#3"},
				"down": {"uv": [8, 6.75, 7.75, 9.25], "texture": "#3"}
			}
		},
		{
			"from": [9.5, -8, 5.5],
			"to": [17.75, -7, 6.5],
			"rotation": {"angle": 22.5, "axis": "z", "origin": [0, -6, 0]},
			"faces": {
				"north": {"uv": [8.75, 1.25, 10.75, 1.5], "texture": "#3"},
				"east": {"uv": [9, 6, 9.25, 6.25], "texture": "#3"},
				"south": {"uv": [8.75, 1.5, 10.75, 1.75], "texture": "#3"},
				"up": {"uv": [10.75, 2, 8.75, 1.75], "texture": "#3"},
				"down": {"uv": [11.25, 7, 9.25, 7.25], "texture": "#3"}
			}
		},
		{
			"from": [8.25, -8, 9.5],
			"to": [9.25, -7, 17.75],
			"rotation": {"angle": -22.5, "axis": "x", "origin": [0, -6, 0]},
			"faces": {
				"east": {"uv": [9.25, 7.25, 11.25, 7.5], "texture": "#3"},
				"south": {"uv": [2.75, 9.75, 3, 10], "texture": "#3"},
				"west": {"uv": [9.25, 7.5, 11.25, 7.75], "texture": "#3"},
				"up": {"uv": [7.75, 11.25, 7.5, 9.25], "texture": "#3"},
				"down": {"uv": [8, 9.25, 7.75, 11.25], "texture": "#3"}
			}
		},
		{
			"from": [-12.5, -2.5, 6],
			"to": [2.5, -0.5, 8],
			"rotation": {"angle": -45, "axis": "z", "origin": [0, -6, 0]},
			"faces": {
				"north": {"uv": [5.5, 6.25, 9.25, 6.75], "texture": "#3"},
				"east": {"uv": [0.25, 9.75, 0.75, 10.25], "texture": "#3"},
				"south": {"uv": [6.5, 2, 10.25, 2.5], "texture": "#3"},
				"west": {"uv": [0.75, 9.75, 1.25, 10.25], "texture": "#3"},
				"up": {"uv": [10.25, 3, 6.5, 2.5], "texture": "#3"},
				"down": {"uv": [10.25, 3, 6.5, 3.5], "texture": "#3"}
			}
		},
		{
			"from": [11.5, -1.5, 8],
			"to": [28.5, 0.5, 10],
			"rotation": {"angle": 45, "axis": "z", "origin": [16, -6, 0]},
			"faces": {
				"north": {"uv": [4.5, 0, 8.75, 0.5], "texture": "#3"},
				"east": {"uv": [1.25, 9.75, 1.75, 10.25], "texture": "#3"},
				"south": {"uv": [4.5, 0.5, 8.75, 1], "texture": "#3"},
				"up": {"uv": [8.75, 1.5, 4.5, 1], "texture": "#3"},
				"down": {"uv": [8.75, 1.5, 4.5, 2], "texture": "#3"}
			}
		},
		{
			"from": [5, -13.25, 8],
			"to": [7, -11.25, 21],
			"rotation": {"angle": -45, "axis": "x", "origin": [16, -6, 0]},
			"faces": {
				"north": {"uv": [1.75, 9.75, 2.25, 10.25], "texture": "#3"},
				"east": {"uv": [6.5, 3.5, 9.75, 4], "texture": "#3"},
				"south": {"uv": [2.25, 9.75, 2.75, 10.25], "texture": "#3"},
				"west": {"uv": [6.5, 4, 9.75, 4.5], "texture": "#3"},
				"up": {"uv": [6.5, 10, 6, 6.75], "texture": "#3"},
				"down": {"uv": [7, 6.75, 6.5, 10], "texture": "#3"}
			}
		},
		{
			"from": [5, -1.5, -10.5],
			"to": [6, -0.5, 3.5],
			"rotation": {"angle": 45, "axis": "x", "origin": [0, -6, 0]},
			"faces": {
				"east": {"uv": [6.5, 4.5, 10, 4.75], "texture": "#3"},
				"south": {"uv": [9.75, 8.75, 10, 9], "texture": "#3"},
				"west": {"uv": [6.5, 4.75, 10, 5], "texture": "#3"},
				"up": {"uv": [7.25, 10.25, 7, 6.75], "texture": "#3"},
				"down": {"uv": [7.5, 6.75, 7.25, 10.25], "texture": "#3"}
			}
		},
		{
			"from": [-4.5, -2.75, 9.25],
			"to": [2.5, -1.75, 10.25],
			"rotation": {"angle": -45, "axis": "z", "origin": [0, -6, 0]},
			"faces": {
				"north": {"uv": [9.25, 7.75, 11, 8], "texture": "#3"},
				"east": {"uv": [9, 9.75, 9.25, 10], "texture": "#3"},
				"south": {"uv": [9.25, 8, 11, 8.25], "texture": "#3"},
				"west": {"uv": [9.75, 9, 10, 9.25], "texture": "#3"},
				"up": {"uv": [11, 8.5, 9.25, 8.25], "texture": "#3"},
				"down": {"uv": [11, 8.5, 9.25, 8.75], "texture": "#3"}
			}
		},
		{
			"from": [1, -6, 11.5],
			"to": [6, -4, 13.5],
			"rotation": {"angle": 45, "axis": "y", "origin": [2, -5, 12]},
			"faces": {
				"north": {"uv": [6.5, 5.5, 7.75, 6], "texture": "#3"},
				"south": {"uv": [7.75, 5.5, 9, 6], "texture": "#3"},
				"west": {"uv": [9.75, 3.5, 10.25, 4], "texture": "#3"},
				"up": {"uv": [9.25, 7.25, 8, 6.75], "texture": "#3"},
				"down": {"uv": [9.25, 7.25, 8, 7.75], "texture": "#3"}
			}
		},
		{
			"from": [8.5, -6, 4.25],
			"to": [13.5, -4, 6.25],
			"rotation": {"angle": 22.5, "axis": "y", "origin": [11, -5, 4]},
			"faces": {
				"north": {"uv": [8, 7.75, 9.25, 8.25], "texture": "#3"},
				"east": {"uv": [9.75, 4, 10.25, 4.5], "texture": "#3"},
				"south": {"uv": [8, 8.25, 9.25, 8.75], "texture": "#3"},
				"up": {"uv": [10, 0.5, 8.75, 0], "texture": "#3"},
				"down": {"uv": [10, 0.5, 8.75, 1], "texture": "#3"}
			}
		},
		{
			"from": [6.25, -4.75, 2.5],
			"to": [7.25, -3.75, 7.5],
			"rotation": {"angle": 22.5, "axis": "y", "origin": [2, -5, 12]},
			"faces": {
				"north": {"uv": [9.25, 9.75, 9.5, 10], "texture": "#3"},
				"east": {"uv": [9.5, 5, 10.75, 5.25], "texture": "#3"},
				"west": {"uv": [9.5, 5.25, 10.75, 5.5], "texture": "#3"},
				"up": {"uv": [9.75, 10, 9.5, 8.75], "texture": "#3"},
				"down": {"uv": [0.25, 9.75, 0, 11], "texture": "#3"}
			}
		},
		{
			"from": [9, -4.25, 11.5],
			"to": [10, -3.25, 20.5],
			"rotation": {"angle": 22.5, "axis": "y", "origin": [2, -5, 12]},
			"faces": {
				"east": {"uv": [6.5, 6, 8.75, 6.25], "texture": "#3"},
				"south": {"uv": [9.75, 9.25, 10, 9.5], "texture": "#3"},
				"west": {"uv": [8.75, 1, 11, 1.25], "texture": "#3"},
				"up": {"uv": [8.25, 11, 8, 8.75], "texture": "#3"},
				"down": {"uv": [8.5, 8.75, 8.25, 11], "texture": "#3"}
			}
		},
		{
			"from": [6.5, -7.5, 6],
			"to": [8.5, 9.5, 8],
			"rotation": {"angle": -22.5, "axis": "z", "origin": [16, -6, 0]},
			"faces": {
				"north": {"uv": [4.5, 2, 5, 6.25], "texture": "#3"},
				"east": {"uv": [5, 2, 5.5, 6.25], "texture": "#3"},
				"south": {"uv": [0, 5.5, 0.5, 9.75], "texture": "#3"},
				"west": {"uv": [0.5, 5.5, 1, 9.75], "texture": "#3"},
				"up": {"uv": [10.25, 6.5, 9.75, 6], "texture": "#3"}
			}
		},
		{
			"from": [6, 2.5, 5.5],
			"to": [8, 19.5, 7.5],
			"rotation": {"angle": 22.5, "axis": "x", "origin": [16, -6, 0]},
			"faces": {
				"north": {"uv": [1, 5.5, 1.5, 9.75], "texture": "#3"},
				"east": {"uv": [1.5, 5.5, 2, 9.75], "texture": "#3"},
				"south": {"uv": [2, 5.5, 2.5, 9.75], "texture": "#3"},
				"west": {"uv": [5.5, 2, 6, 6.25], "texture": "#3"},
				"up": {"uv": [10.25, 7, 9.75, 6.5], "texture": "#3"}
			}
		},
		{
			"from": [7.5, 2.5, 7],
			"to": [9.5, 19.5, 9],
			"rotation": {"angle": 22.5, "axis": "z", "origin": [16, -6, 0]},
			"faces": {
				"north": {"uv": [2.5, 5.5, 3, 9.75], "texture": "#3"},
				"east": {"uv": [6, 2, 6.5, 6.25], "texture": "#3"},
				"south": {"uv": [4.5, 6.25, 5, 10.5], "texture": "#3"},
				"west": {"uv": [5, 6.25, 5.5, 10.5], "texture": "#3"}
			}
		},
		{
			"from": [5.75, 2.5, 6.25],
			"to": [8.75, 15.5, 9.25],
			"rotation": {"angle": 0, "axis": "z", "origin": [16, -6, 0]},
			"faces": {
				"north": {"uv": [3, 0, 3.75, 3.25], "texture": "#3"},
				"east": {"uv": [3, 3.25, 3.75, 6.5], "texture": "#3"},
				"south": {"uv": [3.75, 0, 4.5, 3.25], "texture": "#3"},
				"west": {"uv": [3.75, 3.25, 4.5, 6.5], "texture": "#3"}
			}
		},
		{
			"from": [5, -3.5, 6.5],
			"to": [7, 10.5, 8.5],
			"rotation": {"angle": -22.5, "axis": "x", "origin": [16, -6, 0]},
			"faces": {
				"north": {"uv": [3, 6.5, 3.5, 10], "texture": "#3"},
				"east": {"uv": [3.5, 6.5, 4, 10], "texture": "#3"},
				"south": {"uv": [4, 6.5, 4.5, 10], "texture": "#3"},
				"west": {"uv": [5.5, 6.75, 6, 10.25], "texture": "#3"},
				"up": {"uv": [9, 10.25, 8.5, 9.75], "texture": "#3"}
			}
		}
	],
	"display": {},
	"groups": [
		{
			"name": "group",
			"origin": [1, 0, 0],
			"color": 0,
			"children": [0, 1, 2, 3, 4, 5, 6, 7, 8, 9, 10, 11, 12, 13, 14, 15, 16, 17]
		},
		{
			"name": "group",
			"origin": [0, 0, 0],
			"color": 0,
			"children": [18, 19, 20, 21, 22, 23, 24, 25, 26, 27, 28, 29, 30, 31, 32, 33, 34, 35, 36]
		}
	]
}