{
	"credit": "Made with Blockbench",
	"textures": {
		"0": "beyondtheveil:blocks/arboreal_generator/arboreal_generator_base",
		"particle": "beyondtheveil:blocks/arboreal_generator/arboreal_generator_base"
	},
	"elements": [
		{
			"from": [4, 0, 5],
			"to": [10, 12, 11],
			"rotation": {"angle": 0, "axis": "y", "origin": [-2, 0, -2.5]},
			"faces": {
				"north": {"uv": [10, 2, 16, 14], "texture": "#0"},
				"east": {"uv": [6, 2, 12, 14], "texture": "#0"},
				"south": {"uv": [7, 0, 13, 12], "texture": "#0"},
				"west": {"uv": [0, 0, 6, 12], "texture": "#0"},
				"up": {"uv": [5, 2, 11, 8], "texture": "#0"},
				"down": {"uv": [8, 6, 14, 12], "texture": "#0"}
			}
		},
		{
			"from": [5.25, -1.25, 8.75],
			"to": [8.75, 8, 13.5],
			"rotation": {"angle": -45, "axis": "x", "origin": [7, 3.25, 11]},
			"faces": {
				"north": {"uv": [0, 0, 3.5, 9.25], "texture": "#0"},
				"east": {"uv": [0, 0, 4.75, 9.25], "texture": "#0"},
				"south": {"uv": [0, 0, 3.5, 9.25], "texture": "#0"},
				"west": {"uv": [0, 0, 4.75, 9.25], "texture": "#0"},
				"down": {"uv": [0, 0, 3.5, 4.75], "rotation": 180, "texture": "#0"}
			}
		},
		{
			"from": [5.25, -1.25, 2.5],
			"to": [8.75, 8, 7.25],
			"rotation": {"angle": 45, "axis": "x", "origin": [7, 3.25, 5]},
			"faces": {
				"north": {"uv": [3.5, 0, 0, 9.25], "texture": "#0"},
				"east": {"uv": [4.75, 0, 0, 9.25], "texture": "#0"},
				"south": {"uv": [3.5, 0, 0, 9.25], "texture": "#0"},
				"west": {"uv": [4.75, 0, 0, 9.25], "texture": "#0"},
				"down": {"uv": [0, 4.75, 3.5, 0], "rotation": 180, "texture": "#0"}
			}
		},
		{
			"from": [1.75, -1.25, 6.25],
			"to": [6.5, 8, 9.75],
			"rotation": {"angle": -45, "axis": "z", "origin": [4.25, 3.25, 8]},
			"faces": {
				"north": {"uv": [0, 0, 4.75, 9.25], "texture": "#0"},
				"east": {"uv": [0, 0, 3.5, 9.25], "texture": "#0"},
				"south": {"uv": [0, 0, 4.75, 9.25], "texture": "#0"},
				"west": {"uv": [0, 0, 3.5, 9.25], "texture": "#0"},
				"down": {"uv": [0, 0, 3.5, 4.75], "rotation": 90, "texture": "#0"}
			}
		},
		{
			"from": [8, -1.25, 6.25],
			"to": [12.75, 8, 9.75],
			"rotation": {"angle": 45, "axis": "z", "origin": [10.5, 3.25, 8]},
			"faces": {
				"north": {"uv": [4.75, 0, 0, 9.25], "texture": "#0"},
				"east": {"uv": [3.5, 0, 0, 9.25], "texture": "#0"},
				"south": {"uv": [4.75, 0, 0, 9.25], "texture": "#0"},
				"west": {"uv": [3.5, 0, 0, 9.25], "texture": "#0"},
				"down": {"uv": [0, 4.75, 3.5, 0], "rotation": 90, "texture": "#0"}
			}
		},
		{
			"from": [-4, -0.75, 7.25],
			"to": [2, 2, 8.75],
			"rotation": {"angle": 22.5, "axis": "z", "origin": [-2.75, 4, 18.5]},
			"faces": {
				"north": {"uv": [0, 0, 6, 2.75], "texture": "#0"},
				"south": {"uv": [0, 0, 6, 2.75], "texture": "#0"},
				"west": {"uv": [0, 0, 1.5, 2.75], "texture": "#0"},
				"up": {"uv": [0, 0, 6, 1.5], "texture": "#0"},
				"down": {"uv": [0, 0, 6, 1.5], "texture": "#0"}
			}
		},
		{
			"from": [6.5, -5.5, 14],
			"to": [7.75, -3, 20.25],
			"rotation": {"angle": 22.5, "axis": "x", "origin": [17.75, 4, 28.75]},
			"faces": {
				"east": {"uv": [0, 0, 6.25, 2.5], "texture": "#0"},
				"south": {"uv": [0, 0, 1.25, 2.5], "texture": "#0"},
				"west": {"uv": [0, 0, 6.25, 2.5], "texture": "#0"},
				"up": {"uv": [0, 0, 1.25, 6.25], "texture": "#0"},
				"down": {"uv": [0, 0, 1.25, 6.25], "texture": "#0"}
			}
		},
		{
			"from": [12.5, -0.75, 7.25],
			"to": [18.5, 2, 8.75],
			"rotation": {"angle": -22.5, "axis": "z", "origin": [17, 4, -2.5]},
			"faces": {
				"north": {"uv": [0, 0, 6, 2.75], "texture": "#0"},
				"east": {"uv": [0, 0, 1.5, 2.75], "texture": "#0"},
				"south": {"uv": [0, 0, 6, 2.75], "texture": "#0"},
				"up": {"uv": [0, 0, 6, 1.5], "texture": "#0"},
				"down": {"uv": [0, 0, 6, 1.5], "texture": "#0"}
			}
		},
		{
			"from": [6.5, -5.5, -4.25],
			"to": [7.75, -3, 2],
			"rotation": {"angle": -22.5, "axis": "x", "origin": [-3.5, 4, -12.75]},
			"faces": {
				"north": {"uv": [0, 0, 1.25, 2.5], "texture": "#0"},
				"east": {"uv": [0, 0, 6.25, 2.5], "texture": "#0"},
				"west": {"uv": [0, 0, 6.25, 2.5], "texture": "#0"},
				"up": {"uv": [0, 0, 1.25, 6.25], "texture": "#0"},
				"down": {"uv": [0, 0, 1.25, 6.25], "texture": "#0"}
			}
		},
		{
			"from": [-3, -0.5, 8],
			"to": [-1.5, 0.75, 12.25],
			"rotation": {"angle": -22.5, "axis": "y", "origin": [-1.25, 0.5, 9.5]},
			"faces": {
				"north": {"uv": [0, 0, 1.5, 1.25], "texture": "#0"},
				"east": {"uv": [0, 0, 4.25, 1.25], "texture": "#0"},
				"south": {"uv": [0, 0, 1.5, 1.25], "texture": "#0"},
				"west": {"uv": [0, 0, 4.25, 1.25], "texture": "#0"},
				"up": {"uv": [0, 0, 1.5, 4.25], "texture": "#0"},
				"down": {"uv": [0, 0, 1.5, 4.25], "texture": "#0"}
			}
		},
		{
			"from": [10.5, -0.75, 11],
			"to": [11.75, 0.75, 15.25],
			"rotation": {"angle": 22.5, "axis": "y", "origin": [-2, 0, -2.5]},
			"faces": {
				"north": {"uv": [0, 0, 1.25, 1.5], "texture": "#0"},
				"east": {"uv": [0, 0, 4.25, 1.5], "texture": "#0"},
				"south": {"uv": [0, 0, 1.25, 1.5], "texture": "#0"},
				"west": {"uv": [0, 0, 4.25, 1.5], "texture": "#0"},
				"up": {"uv": [0, 0, 1.25, 4.25], "texture": "#0"},
				"down": {"uv": [0, 0, 1.25, 4.25], "texture": "#0"}
			}
		},
		{
			"from": [-4.25, -0.35, 3.75],
			"to": [-1.75, 1.75, 20.25],
			"rotation": {"angle": 45, "axis": "y", "origin": [-2, 0, -2.5]},
			"faces": {
				"north": {"uv": [0, 0, 2.5, 2], "texture": "#0"},
				"east": {"uv": [0, 0, 16, 2], "texture": "#0"},
				"south": {"uv": [0, 0, 2.5, 2], "texture": "#0"},
				"west": {"uv": [0, 0, 16, 2], "texture": "#0"},
				"up": {"uv": [0, 0, 2.5, 16], "texture": "#0"},
				"down": {"uv": [0, 0, 2.5, 16], "texture": "#0"}
			}
		},
		{
			"from": [-3.75, -0.25, 1],
			"to": [-2.5, 1, 21.5],
			"rotation": {"angle": 45, "axis": "y", "origin": [-2, 0, -2.5]},
			"faces": {
				"north": {"uv": [0, 0, 1.25, 1.25], "texture": "#0"},
				"east": {"uv": [0, 0, 16, 1.25], "texture": "#0"},
				"south": {"uv": [0, 0, 1.25, 1.25], "texture": "#0"},
				"west": {"uv": [0, 0, 16, 1.25], "texture": "#0"},
				"up": {"uv": [0, 0, 1.25, 16], "texture": "#0"},
				"down": {"uv": [0, 0, 1.25, 16], "texture": "#0"}
			}
		},
		{
			"from": [-10.25, -0.45, 10.25],
			"to": [6.25, 1.75, 13],
			"rotation": {"angle": 45, "axis": "y", "origin": [-2, 0, -2.5]},
			"faces": {
				"north": {"uv": [0, 0, 16, 2], "texture": "#0"},
				"east": {"uv": [0, 0, 2.75, 2], "texture": "#0"},
				"south": {"uv": [0, 0, 16, 2], "texture": "#0"},
				"west": {"uv": [0, 0, 2.75, 2], "texture": "#0"},
				"up": {"uv": [0, 0, 2.75, 16], "rotation": 270, "texture": "#0"},
				"down": {"uv": [0, 0, 2.75, 16], "rotation": 90, "texture": "#0"}
			}
		},
		{
			"from": [-12, -0.25, 11],
			"to": [7.5, 1, 12.25],
			"rotation": {"angle": 45, "axis": "y", "origin": [-2, 0, -2.5]},
			"faces": {
				"north": {"uv": [0, 0, 16, 1.25], "texture": "#0"},
				"east": {"uv": [0, 0, 1.25, 1.25], "texture": "#0"},
				"south": {"uv": [0, 0, 16, 1.25], "texture": "#0"},
				"west": {"uv": [0, 0, 1.25, 1.25], "texture": "#0"},
				"up": {"uv": [0, 0, 1.25, 16], "rotation": 270, "texture": "#0"},
				"down": {"uv": [0, 0, 1.25, 16], "rotation": 90, "texture": "#0"}
			}
		}
	],
	"groups": [
		0,
		{
			"name": "group",
			"origin": [15.21099, 2.79192, 17.59046],
			"color": 0,
			"children": [
				1,
				2,
				3,
				4,
				{
					"name": "group",
					"origin": [-0.80094, 2.94752, -6.92844],
					"color": 0,
					"children": [5, 6, 7, 8]
				},
				{
					"name": "group",
					"origin": [15.21099, 2.79192, 17.59046],
					"color": 0,
					"children": [9, 10, 11, 12, 13, 14]
				}
			]
		}
	]
}