{
	"credit": "Made with Blockbench",
	"textures": {
		"0": "beyondtheveil:blocks/beanstalk/beanstalk",
		"2": "beyondtheveil:blocks/beanstalk/leaf",
		"particle": "beyondtheveil:blocks/beanstalk/beanstalk"
	},
	"elements": [
		{
			"from": [4.00704, 11.29259, 6.38013],
			"to": [11.20704, 19.98371, 13.58013],
			"rotation": {"angle": 0, "axis": "z", "origin": [10.77409, 9.53703, 6.9841]},
			"faces": {
				"north": {"uv": [7.2, 0, 0, 8.69112], "texture": "#0"},
				"east": {"uv": [7.2, 0, 0, 8.69112], "texture": "#0"},
				"south": {"uv": [7.2, 0, 0, 8.69112], "texture": "#0"},
				"west": {"uv": [7.2, 0, 0, 8.69112], "texture": "#0"},
				"up": {"uv": [7.2, 0, 0, 7.2], "rotation": 90, "texture": "#0"},
				"down": {"uv": [7.2, 0, 0, 7.2], "rotation": 270, "texture": "#0"}
			}
		},
		{
			"from": [4.03104, 9.55022, 2.42833],
			"to": [11.23104, 18.95738, 5.98033],
			"rotation": {"angle": 22.5, "axis": "x", "origin": [10.77409, 9.53703, 6.9841]},
			"faces": {
				"north": {"uv": [7.2, 0, 0, 9.40716], "texture": "#0"},
				"east": {"uv": [3.552, 0, 0, 9.40716], "texture": "#0"},
				"south": {"uv": [7.2, 0, 0, 9.40716], "texture": "#0"},
				"west": {"uv": [3.552, 0, 0, 9.40716], "texture": "#0"},
				"up": {"uv": [3.552, 0, 0, 7.2], "rotation": 90, "texture": "#0"},
				"down": {"uv": [3.552, 0, 0, 7.2], "rotation": 270, "texture": "#0"}
			}
		},
		{
			"from": [11.31988, 9.61562, 6.36813],
			"to": [15.17188, 19.02278, 13.56813],
			"rotation": {"angle": 22.5, "axis": "z", "origin": [10.77409, 9.53703, 6.9841]},
			"faces": {
				"north": {"uv": [3.852, 0, 0, 9.40716], "texture": "#0"},
				"east": {"uv": [7.2, 0, 0, 9.40716], "texture": "#0"},
				"south": {"uv": [3.852, 0, 0, 9.40716], "texture": "#0"},
				"west": {"uv": [7.2, 0, 0, 9.40716], "texture": "#0"},
				"up": {"uv": [0, 7.2, 3.852, 0], "texture": "#0"},
				"down": {"uv": [0, 7.2, 3.852, 0], "texture": "#0"}
			}
		},
		{
			"from": [4.01904, 16.49693, -0.82985],
			"to": [11.19504, 21.58805, 4.26127],
			"rotation": {"angle": 45, "axis": "x", "origin": [10.77409, 9.53703, 6.9841]},
			"faces": {
				"north": {"uv": [7.176, 0, 0, 5.09112], "texture": "#0"},
				"east": {"uv": [5.09112, 0, 0, 5.09112], "texture": "#0"},
				"south": {"uv": [7.176, 0, 0, 5.09112], "texture": "#0"},
				"west": {"uv": [5.09112, 0, 0, 5.09112], "texture": "#0"},
				"up": {"uv": [5.09112, 0, 0, 7.176], "rotation": 90, "texture": "#0"}
			}
		},
		{
			"from": [3.40704, 2.59259, 2.78013],
			"to": [14.80704, 16.29259, 14.18013],
			"rotation": {"angle": 0, "axis": "z", "origin": [10.77409, 9.53703, 6.9841]},
			"faces": {
				"north": {"uv": [11.4, 0, 0, 13.7], "texture": "#0"},
				"east": {"uv": [11.4, 0, 0, 13.7], "texture": "#0"},
				"south": {"uv": [11.4, 0, 0, 13.7], "texture": "#0"},
				"west": {"uv": [11.4, 0, 0, 13.7], "texture": "#0"},
				"up": {"uv": [11.4, 0, 0, 11.4], "rotation": 90, "texture": "#0"},
				"down": {"uv": [11.4, 0, 0, 11.4], "rotation": 270, "texture": "#0"}
			}
		},
		{
			"from": [1.20704, 0.19259, 1.18013],
			"to": [15.40704, 11.59259, 15.38013],
			"rotation": {"angle": 0, "axis": "z", "origin": [10.77409, 9.53703, 6.9841]},
			"faces": {
				"north": {"uv": [14.2, 0, 0, 11.4], "texture": "#0"},
				"east": {"uv": [14.2, 0, 0, 11.4], "texture": "#0"},
				"south": {"uv": [14.2, 0, 0, 11.4], "texture": "#0"},
				"west": {"uv": [14.2, 0, 0, 11.4], "texture": "#0"},
				"up": {"uv": [14.2, 0, 0, 14.2], "rotation": 90, "texture": "#0"},
				"down": {"uv": [14.2, 0, 0, 14.2], "rotation": 270, "texture": "#0"}
			}
		},
		{
			"from": [2.47814, 0.19259, 1.60896],
			"to": [16.87814, 1.99259, 16.00896],
			"rotation": {"angle": -45, "axis": "y", "origin": [9.77409, 9.53703, 6.9841]},
			"faces": {
				"north": {"uv": [14.4, 0, 0, 1.8], "texture": "#0"},
				"east": {"uv": [14.4, 0, 0, 1.8], "texture": "#0"},
				"south": {"uv": [14.4, 0, 0, 1.8], "texture": "#0"},
				"west": {"uv": [14.4, 0, 0, 1.8], "texture": "#0"},
				"up": {"uv": [14.4, 0, 0, 14.4], "rotation": 90, "texture": "#0"},
				"down": {"uv": [14.4, 0, 0, 14.4], "rotation": 270, "texture": "#0"}
			}
		},
		{
			"from": [6.2774, 10.8, 16.84489],
			"to": [7.4774, 10.8, 18.04489],
			"rotation": {"angle": 22.5, "axis": "y", "origin": [2.1774, 3, 15.44489]},
			"faces": {
				"north": {"uv": [1, 0, 0, 1], "texture": "#2"},
				"east": {"uv": [1, 0, 0, 1], "texture": "#2"},
				"south": {"uv": [1, 0, 0, 1], "texture": "#2"},
				"west": {"uv": [1, 0, 0, 1], "texture": "#2"},
				"up": {"uv": [12, 10, 13, 9], "texture": "#2"},
				"down": {"uv": [12, 10, 13, 9], "texture": "#2"}
			}
		},
		{
			"from": [7.4774, 10.8, 18.04489],
			"to": [8.6774, 10.8, 19.24489],
			"rotation": {"angle": 22.5, "axis": "y", "origin": [2.1774, 3, 15.44489]},
			"faces": {
				"north": {"uv": [1, 0, 0, 1], "texture": "#2"},
				"east": {"uv": [1, 0, 0, 1], "texture": "#2"},
				"south": {"uv": [1, 0, 0, 1], "texture": "#2"},
				"west": {"uv": [1, 0, 0, 1], "texture": "#2"},
				"up": {"uv": [13, 9, 14, 8], "texture": "#2"},
				"down": {"uv": [13, 9, 14, 8], "texture": "#2"}
			}
		},
		{
			"from": [6.2774, 10.8, 19.24489],
			"to": [8.6774, 10.8, 20.44489],
			"rotation": {"angle": 22.5, "axis": "y", "origin": [2.1774, 3, 15.44489]},
			"faces": {
				"north": {"uv": [1, 0, 0, 1], "texture": "#2"},
				"east": {"uv": [1, 0, 0, 1], "texture": "#2"},
				"south": {"uv": [1, 0, 0, 1], "texture": "#2"},
				"west": {"uv": [1, 0, 0, 1], "texture": "#2"},
				"up": {"uv": [12, 8, 14, 7], "texture": "#2"},
				"down": {"uv": [12, 8, 14, 7], "texture": "#2"}
			}
		},
		{
			"from": [6.2774, 10.8, 20.44489],
			"to": [9.8774, 10.8, 24.04489],
			"rotation": {"angle": 22.5, "axis": "y", "origin": [2.1774, 3, 15.44489]},
			"faces": {
				"north": {"uv": [1, 0, 0, 1], "texture": "#2"},
				"east": {"uv": [1, 0, 0, 1], "texture": "#2"},
				"south": {"uv": [1, 0, 0, 1], "texture": "#2"},
				"west": {"uv": [1, 0, 0, 1], "texture": "#2"},
				"up": {"uv": [12, 7, 15, 4], "texture": "#2"},
				"down": {"uv": [12, 7, 15, 4], "texture": "#2"}
			}
		},
		{
			"from": [7.4774, 10.8, 24.04489],
			"to": [9.8774, 10.8, 27.64489],
			"rotation": {"angle": 22.5, "axis": "y", "origin": [2.1774, 3, 15.44489]},
			"faces": {
				"north": {"uv": [1, 0, 0, 1], "texture": "#2"},
				"east": {"uv": [1, 0, 0, 1], "texture": "#2"},
				"south": {"uv": [1, 0, 0, 1], "texture": "#2"},
				"west": {"uv": [1, 0, 0, 1], "texture": "#2"},
				"up": {"uv": [13, 4, 15, 1], "texture": "#2"},
				"down": {"uv": [13, 4, 15, 1], "texture": "#2"}
			}
		},
		{
			"from": [8.6774, 10.8, 27.64489],
			"to": [9.8774, 10.8, 28.84489],
			"rotation": {"angle": 22.5, "axis": "y", "origin": [2.1774, 3, 15.44489]},
			"faces": {
				"north": {"uv": [1, 0, 0, 1], "texture": "#2"},
				"east": {"uv": [1, 0, 0, 1], "texture": "#2"},
				"south": {"uv": [1, 0, 0, 1], "texture": "#2"},
				"west": {"uv": [1, 0, 0, 1], "texture": "#2"},
				"up": {"uv": [14, 0, 15, 1], "texture": "#2"},
				"down": {"uv": [14, 0, 15, 1], "texture": "#2"}
			}
		},
		{
			"from": [11.5274, 18.8, 8.09489],
			"to": [12.5274, 19, 9.09489],
			"rotation": {"angle": 45, "axis": "z", "origin": [18.7774, 0.5, 1.34489]},
			"faces": {
				"north": {"uv": [4, 9, 3, 10], "texture": "#2"},
				"east": {"uv": [4, 9, 3, 10], "texture": "#2"},
				"south": {"uv": [4, 9, 3, 10], "texture": "#2"},
				"west": {"uv": [4, 9, 3, 10], "texture": "#2"},
				"up": {"uv": [4, 9, 3, 10], "rotation": 90, "texture": "#2"},
				"down": {"uv": [4, 9, 3, 10], "rotation": 270, "texture": "#2"}
			}
		},
		{
			"from": [10.5274, 18.9, 9.09489],
			"to": [11.5274, 19, 10.09489],
			"rotation": {"angle": 45, "axis": "z", "origin": [18.7774, 0.5, 1.34489]},
			"faces": {
				"north": {"uv": [2, 8, 3, 9], "rotation": 180, "texture": "#2"},
				"east": {"uv": [2, 8, 3, 9], "rotation": 180, "texture": "#2"},
				"south": {"uv": [2, 8, 3, 9], "rotation": 180, "texture": "#2"},
				"west": {"uv": [2, 8, 3, 9], "rotation": 180, "texture": "#2"},
				"up": {"uv": [2, 8, 3, 9], "rotation": 270, "texture": "#2"},
				"down": {"uv": [2, 8, 3, 9], "rotation": 90, "texture": "#2"}
			}
		},
		{
			"from": [5.5274, 19, 8.09489],
			"to": [9.5274, 19, 12.09489],
			"rotation": {"angle": 45, "axis": "z", "origin": [18.7774, 0.5, 1.34489]},
			"faces": {
				"north": {"uv": [1, 0, 0, 1], "texture": "#2"},
				"east": {"uv": [1, 0, 0, 1], "texture": "#2"},
				"south": {"uv": [1, 0, 0, 1], "texture": "#2"},
				"west": {"uv": [1, 0, 0, 1], "texture": "#2"},
				"up": {"uv": [0, 3, 4, 7], "rotation": 270, "texture": "#2"},
				"down": {"uv": [4, 3, 0, 7], "rotation": 90, "texture": "#2"}
			}
		},
		{
			"from": [4.5274, 19, 9.09489],
			"to": [5.5274, 19, 11.09489],
			"rotation": {"angle": 45, "axis": "z", "origin": [18.7774, 0.5, 1.34489]},
			"faces": {
				"north": {"uv": [1, 0, 0, 1], "texture": "#2"},
				"east": {"uv": [1, 0, 0, 1], "texture": "#2"},
				"south": {"uv": [1, 0, 0, 1], "texture": "#2"},
				"west": {"uv": [1, 0, 0, 1], "texture": "#2"},
				"up": {"uv": [1, 2, 3, 3], "rotation": 270, "texture": "#2"},
				"down": {"uv": [3, 2, 1, 3], "rotation": 90, "texture": "#2"}
			}
		},
		{
			"from": [3.5274, 19, 10.09489],
			"to": [4.5274, 19, 11.09489],
			"rotation": {"angle": 45, "axis": "z", "origin": [18.7774, 0.5, 1.34489]},
			"faces": {
				"north": {"uv": [1, 0, 0, 1], "texture": "#2"},
				"east": {"uv": [1, 0, 0, 1], "texture": "#2"},
				"south": {"uv": [1, 0, 0, 1], "texture": "#2"},
				"west": {"uv": [1, 0, 0, 1], "texture": "#2"},
				"up": {"uv": [1, 1, 2, 2], "rotation": 270, "texture": "#2"},
				"down": {"uv": [2, 1, 1, 2], "rotation": 90, "texture": "#2"}
			}
		},
		{
			"from": [9.5274, 19, 9.09489],
			"to": [10.5274, 19, 11.09489],
			"rotation": {"angle": 45, "axis": "z", "origin": [18.7774, 0.5, 1.34489]},
			"faces": {
				"north": {"uv": [1, 0, 0, 1], "texture": "#2"},
				"east": {"uv": [1, 0, 0, 1], "texture": "#2"},
				"south": {"uv": [1, 0, 0, 1], "texture": "#2"},
				"west": {"uv": [1, 0, 0, 1], "texture": "#2"},
				"up": {"uv": [1, 7, 3, 8], "rotation": 270, "texture": "#2"},
				"down": {"uv": [3, 7, 1, 8], "rotation": 90, "texture": "#2"}
			}
		},
		{
			"from": [7.7774, 8.05, -0.80511],
			"to": [9.2774, 8.5, 2.19489],
			"rotation": {"angle": -22.5, "axis": "y", "origin": [3.7774, 3, 13.84489]},
			"faces": {
				"north": {"uv": [9, 8, 8, 8.2], "texture": "#2"},
				"east": {"uv": [9, 8, 8, 8.2], "texture": "#2"},
				"south": {"uv": [9, 8, 8, 8.2], "texture": "#2"},
				"west": {"uv": [9, 8, 8, 8.2], "texture": "#2"},
				"up": {"uv": [8, 10, 9, 8], "rotation": 180, "texture": "#2"},
				"down": {"uv": [8, 10, 9, 8], "rotation": 180, "texture": "#2"}
			}
		},
		{
			"from": [7.7774, 8.2, -2.30511],
			"to": [10.7774, 8.35, -0.80511],
			"rotation": {"angle": -22.5, "axis": "y", "origin": [3.7774, 3, 13.84489]},
			"faces": {
				"north": {"uv": [9, 7, 7, 7.1], "texture": "#2"},
				"east": {"uv": [8, 7, 7, 7.1], "texture": "#2"},
				"south": {"uv": [9, 7, 7, 7.1], "texture": "#2"},
				"west": {"uv": [8, 7, 7, 7.1], "texture": "#2"},
				"up": {"uv": [7, 8, 9, 7], "rotation": 180, "texture": "#2"},
				"down": {"uv": [7, 8, 9, 7], "rotation": 180, "texture": "#2"}
			}
		},
		{
			"from": [6.2774, 8.35, -8.30511],
			"to": [12.2774, 8.35, -2.30511],
			"rotation": {"angle": -22.5, "axis": "y", "origin": [3.7774, 3, 13.84489]},
			"faces": {
				"north": {"uv": [1, 0, 0, 0], "texture": "#2"},
				"east": {"uv": [2, 0, 0, 0], "texture": "#2"},
				"south": {"uv": [1, 0, 0, 0], "texture": "#2"},
				"west": {"uv": [2, 0, 0, 0], "texture": "#2"},
				"up": {"uv": [6, 7, 10, 3], "rotation": 180, "texture": "#2"},
				"down": {"uv": [6, 7, 10, 3], "rotation": 180, "texture": "#2"}
			}
		},
		{
			"from": [6.2774, 8.35, -9.80511],
			"to": [10.7774, 8.35, -8.30511],
			"rotation": {"angle": -22.5, "axis": "y", "origin": [3.7774, 3, 13.84489]},
			"faces": {
				"north": {"uv": [1, 0, 0, 0], "texture": "#2"},
				"east": {"uv": [2, 0, 0, 0], "texture": "#2"},
				"south": {"uv": [1, 0, 0, 0], "texture": "#2"},
				"west": {"uv": [2, 0, 0, 0], "texture": "#2"},
				"up": {"uv": [7, 3, 10, 2], "rotation": 180, "texture": "#2"},
				"down": {"uv": [7, 3, 10, 2], "rotation": 180, "texture": "#2"}
			}
		},
		{
			"from": [7.7774, 8.35, -11.30511],
			"to": [10.7774, 8.35, -9.80511],
			"rotation": {"angle": -22.5, "axis": "y", "origin": [3.7774, 3, 13.84489]},
			"faces": {
				"north": {"uv": [1, 0, 0, 0], "texture": "#2"},
				"east": {"uv": [2, 0, 0, 0], "texture": "#2"},
				"south": {"uv": [1, 0, 0, 0], "texture": "#2"},
				"west": {"uv": [2, 0, 0, 0], "texture": "#2"},
				"up": {"uv": [7, 2, 9, 1], "rotation": 180, "texture": "#2"},
				"down": {"uv": [7, 2, 9, 1], "rotation": 180, "texture": "#2"}
			}
		},
		{
			"from": [7.7774, 8.35, -12.80511],
			"to": [9.2774, 8.35, -11.30511],
			"rotation": {"angle": -22.5, "axis": "y", "origin": [3.7774, 3, 13.84489]},
			"faces": {
				"north": {"uv": [1, 0, 0, 0], "texture": "#2"},
				"east": {"uv": [2, 0, 0, 0], "texture": "#2"},
				"south": {"uv": [1, 0, 0, 0], "texture": "#2"},
				"west": {"uv": [2, 0, 0, 0], "texture": "#2"},
				"up": {"uv": [8, 1, 9, 0], "rotation": 180, "texture": "#2"},
				"down": {"uv": [8, 1, 9, 0], "rotation": 180, "texture": "#2"}
			}
		}
	],
	"groups": [
		{
			"name": "group",
			"origin": [9.77409, 7.78703, 9.0159],
			"color": 0,
			"children": [0, 1, 2, 3, 4, 5, 6]
		},
		{
			"name": "group",
			"origin": [0, 0, 0],
			"color": 0,
			"children": [7, 8, 9, 10, 11, 12]
		},
		{
			"name": "group",
			"origin": [15, 0.5, 12.5],
			"color": 0,
			"children": [13, 14, 15, 16, 17, 18]
		},
		{
			"name": "group",
			"origin": [0, 0, 0],
			"color": 0,
			"children": [19, 20, 21, 22, 23, 24]
		}
	]
}