{
	"credit": "Made with Blockbench",
	"texture_size": [64, 64],
	"textures": {
		"0": "beyondtheveil:blocks/beanstalk/beanstalk",
		"3": "beyondtheveil:blocks/beanstalk/beanstalk_trunk",
		"particle": "beyondtheveil:blocks/beanstalk/beanstalk"
	},
	"elements": [
		{
			"from": [5, 0, 3],
			"to": [11, 10.3, 9],
			"rotation": {"angle": -45, "axis": "x", "origin": [-3, 1.9, 3]},
			"faces": {
				"north": {"uv": [0, 0, 1.5, 2.5], "texture": "#3"},
				"east": {"uv": [1.5, 0, 3, 2.5], "texture": "#3"},
				"south": {"uv": [0, 2.5, 1.5, 5], "texture": "#3"},
				"west": {"uv": [1.5, 2.5, 3, 5], "texture": "#3"},
				"up": {"uv": [12.5, 1.5, 11, 0], "texture": "#3"}
			}
		},
		{
			"from": [1.2, 7.2, -4.2],
			"to": [11.4, 13.2, 1.8],
			"rotation": {"angle": -22.5, "axis": "z", "origin": [7.5, 13.2, -14.2]},
			"faces": {
				"north": {"uv": [3, 0, 5.5, 1.5], "texture": "#3"},
				"south": {"uv": [3, 1.5, 5.5, 3], "texture": "#3"},
				"west": {"uv": [11, 8, 12.5, 9.5], "texture": "#3"},
				"up": {"uv": [5.5, 4.5, 3, 3], "texture": "#3"},
				"down": {"uv": [5.5, 4.5, 3, 3], "texture": "#3"}
			}
		},
		{
			"from": [-4.2, 12.3, -3.5],
			"to": [1.8, 18.3, 6.7],
			"rotation": {"angle": -22.5, "axis": "x", "origin": [0.8, 15.3, 3.1]},
			"faces": {
				"east": {"uv": [0, 5, 2.5, 6.5], "texture": "#3"},
				"south": {"uv": [0, 11.5, 1.5, 13], "texture": "#3"},
				"west": {"uv": [5.5, 0, 8, 1.5], "texture": "#3"},
				"up": {"uv": [7, 4, 5.5, 1.5], "texture": "#3"},
				"down": {"uv": [7, 4, 5.5, 6.5], "texture": "#3"}
			}
		},
		{
			"from": [-0.1, 14.3, 4.1],
			"to": [9.1, 20.3, 10.1],
			"rotation": {"angle": 22.5, "axis": "z", "origin": [1.5, 18.3, 7.1]},
			"faces": {
				"north": {"uv": [2.5, 6, 4.75, 7.5], "texture": "#3"},
				"east": {"uv": [3.25, 11.5, 4.75, 13], "texture": "#3"},
				"south": {"uv": [0, 6.5, 2.25, 8], "texture": "#3"},
				"west": {"uv": [10.5, 11.5, 12, 13], "texture": "#3"},
				"up": {"uv": [7, 8, 4.75, 6.5], "texture": "#3"},
				"down": {"uv": [7, 8, 4.75, 6.5], "texture": "#3"}
			}
		},
		{
			"from": [5.18826, 19.2263, 4.2],
			"to": [9.43826, 23.5263, 10],
			"rotation": {"angle": -22.5, "axis": "z", "origin": [5.43826, 16.8263, 7.1]},
			"faces": {
				"north": {"uv": [9.25, 1.75, 10.25, 2.75], "texture": "#3"},
				"east": {"uv": [4.75, 11.75, 6.25, 12.75], "texture": "#3"},
				"south": {"uv": [8.75, 11.75, 9.75, 12.75], "texture": "#3"},
				"west": {"uv": [6.25, 11.75, 7.75, 12.75], "texture": "#3"},
				"up": {"uv": [9, 1.5, 8, 0], "texture": "#3"}
			}
		},
		{
			"from": [5.8, 6.1, -4.5],
			"to": [12.3, 12.6, 2.5],
			"rotation": {"angle": 0, "axis": "y", "origin": [0, 3, -2]},
			"faces": {
				"north": {"uv": [7, 3, 8.75, 4.75], "texture": "#3"},
				"east": {"uv": [7, 4.75, 8.75, 6.5], "texture": "#3"},
				"south": {"uv": [7, 6.5, 8.75, 8.25], "texture": "#3"},
				"west": {"uv": [2.25, 7.5, 4, 9.25], "texture": "#3"},
				"up": {"uv": [1.75, 9.75, 0, 8], "texture": "#3"},
				"down": {"uv": [5.75, 8, 4, 9.75], "texture": "#3"}
			}
		},
		{
			"from": [-4.5, 9.35, -5],
			"to": [2.25, 15.85, 1.9],
			"rotation": {"angle": 22.5, "axis": "y", "origin": [-1.25, 12.35, -1.35]},
			"faces": {
				"north": {"uv": [5.75, 8.25, 7.4375, 9.875], "texture": "#3"},
				"east": {"uv": [7.5, 8.25, 9.225, 9.875], "texture": "#3"},
				"south": {"uv": [8.75, 3, 10.4375, 4.625], "texture": "#3"},
				"west": {"uv": [8.75, 4.75, 10.475, 6.375], "texture": "#3"},
				"up": {"uv": [10.4375, 8.225, 8.75, 6.5], "texture": "#3"},
				"down": {"uv": [10.9375, 0, 9.25, 1.725], "texture": "#3"}
			}
		},
		{
			"from": [-5, 13.9, 4.05],
			"to": [1.5, 20.4, 10.55],
			"rotation": {"angle": 0, "axis": "y", "origin": [-4, 0.5, 0.3]},
			"faces": {
				"north": {"uv": [10.5, 3.5, 12.25, 5], "texture": "#3"},
				"east": {"uv": [10.5, 5, 12.25, 6.5], "texture": "#3"},
				"south": {"uv": [10.5, 6.5, 12.25, 8], "texture": "#3"},
				"west": {"uv": [10.5, 10, 12.25, 11.5], "texture": "#3"},
				"up": {"uv": [3.5, 11, 1.75, 9.25], "texture": "#3"},
				"down": {"uv": [11, 8.25, 9.25, 10], "texture": "#3"}
			}
		},
		{
			"from": [4.5, 0, 4],
			"to": [11.3, 6.8, 10.8],
			"rotation": {"angle": 0, "axis": "y", "origin": [0, 5, 0]},
			"faces": {
				"north": {"uv": [0, 9.75, 1.75, 11.5], "texture": "#3"},
				"east": {"uv": [3.5, 9.75, 5.25, 11.5], "texture": "#3"},
				"south": {"uv": [5.25, 10, 7, 11.75], "texture": "#3"},
				"west": {"uv": [7, 10, 8.75, 11.75], "texture": "#3"},
				"up": {"uv": [10.5, 11.75, 8.75, 10], "texture": "#3"},
				"down": {"uv": [12.25, 1.75, 10.5, 3.5], "texture": "#3"}
			}
		},
		{
			"from": [6.8, 3, 6.8],
			"to": [8.3, 3.4, 9.8],
			"rotation": {"angle": -22.5, "axis": "y", "origin": [-1.2, 5.4, 2.1]},
			"faces": {
				"east": {"uv": [8, 8, 9, 8.2], "texture": "#0"},
				"south": {"uv": [8, 8, 9, 8.2], "texture": "#0"},
				"west": {"uv": [8, 8, 9, 8.2], "texture": "#0"},
				"up": {"uv": [8, 8, 9, 10], "rotation": 180, "texture": "#0"},
				"down": {"uv": [8, 8, 9, 10], "rotation": 180, "texture": "#0"}
			}
		},
		{
			"from": [6.8, 3, 9.8],
			"to": [9.8, 3.2, 11.3],
			"rotation": {"angle": -22.5, "axis": "y", "origin": [-1.2, 5.4, 2.1]},
			"faces": {
				"north": {"uv": [7, 7, 9, 7.1], "texture": "#0"},
				"east": {"uv": [7, 7, 8, 7.1], "texture": "#0"},
				"south": {"uv": [7, 7, 9, 7.1], "texture": "#0"},
				"west": {"uv": [7, 7, 8, 7.1], "texture": "#0"},
				"up": {"uv": [7, 7, 9, 8], "rotation": 180, "texture": "#0"},
				"down": {"uv": [7, 7, 9, 8], "rotation": 180, "texture": "#0"}
			}
		},
		{
			"from": [5.3, 3, 11.3],
			"to": [11.3, 3, 17.3],
			"rotation": {"angle": -22.5, "axis": "y", "origin": [-1.2, 5.4, 2.1]},
			"faces": {
				"up": {"uv": [6, 3, 10, 7], "rotation": 180, "texture": "#0"},
				"down": {"uv": [6, 3, 10, 7], "rotation": 180, "texture": "#0"}
			}
		},
		{
			"from": [5.3, 3, 17.3],
			"to": [9.8, 3, 18.8],
			"rotation": {"angle": -22.5, "axis": "y", "origin": [-1.2, 5.4, 2.1]},
			"faces": {
				"up": {"uv": [7, 2, 10, 3], "rotation": 180, "texture": "#0"},
				"down": {"uv": [7, 2, 10, 3], "rotation": 180, "texture": "#0"}
			}
		},
		{
			"from": [6.8, 3, 18.8],
			"to": [9.8, 3, 20.3],
			"rotation": {"angle": -22.5, "axis": "y", "origin": [-1.2, 5.4, 2.1]},
			"faces": {
				"up": {"uv": [7, 1, 9, 2], "rotation": 180, "texture": "#0"},
				"down": {"uv": [7, 1, 9, 2], "rotation": 180, "texture": "#0"}
			}
		},
		{
			"from": [6.8, 3, 20.3],
			"to": [8.3, 3, 21.8],
			"rotation": {"angle": -22.5, "axis": "y", "origin": [-1.2, 5.4, 2.1]},
			"faces": {
				"up": {"uv": [8, 0, 9, 1], "rotation": 180, "texture": "#0"},
				"down": {"uv": [8, 0, 9, 1], "rotation": 180, "texture": "#0"}
			}
		},
		{
			"from": [-7.6, 15.6, 7.2],
			"to": [-6.6, 15.8, 8.2],
			"rotation": {"angle": 45, "axis": "z", "origin": [-7.4, 18.8, 4.2]},
			"faces": {
				"north": {"uv": [3, 9, 4, 10], "texture": "#0"},
				"south": {"uv": [3, 9, 4, 10], "texture": "#0"},
				"west": {"uv": [3, 9, 4, 10], "texture": "#0"},
				"up": {"uv": [3, 9, 4, 10], "rotation": 90, "texture": "#0"},
				"down": {"uv": [3, 9, 4, 10], "rotation": 270, "texture": "#0"}
			}
		},
		{
			"from": [-8.6, 15.7, 6.1],
			"to": [-7.6, 15.8, 7.2],
			"rotation": {"angle": 45, "axis": "z", "origin": [-7.4, 18.8, 4.2]},
			"faces": {
				"north": {"uv": [3, 8, 2, 9], "rotation": 180, "texture": "#0"},
				"east": {"uv": [3, 8, 2, 9], "rotation": 180, "texture": "#0"},
				"south": {"uv": [3, 8, 2, 9], "rotation": 180, "texture": "#0"},
				"west": {"uv": [3, 8, 2, 9], "rotation": 180, "texture": "#0"},
				"up": {"uv": [3, 8, 2, 9], "rotation": 270, "texture": "#0"},
				"down": {"uv": [3, 8, 2, 9], "rotation": 90, "texture": "#0"}
			}
		},
		{
			"from": [-9.6, 15.8, 5.1],
			"to": [-8.6, 15.8, 7.2],
			"rotation": {"angle": 45, "axis": "z", "origin": [-7.4, 18.8, 4.2]},
			"faces": {
				"up": {"uv": [3, 7, 1, 8], "rotation": 270, "texture": "#0"},
				"down": {"uv": [1, 7, 3, 8], "rotation": 90, "texture": "#0"}
			}
		},
		{
			"from": [-13.6, 15.8, 4.1],
			"to": [-9.6, 15.8, 8.2],
			"rotation": {"angle": 45, "axis": "z", "origin": [-7.4, 18.8, 4.2]},
			"faces": {
				"up": {"uv": [4, 3, 0, 7], "rotation": 270, "texture": "#0"},
				"down": {"uv": [0, 3, 4, 7], "rotation": 90, "texture": "#0"}
			}
		},
		{
			"from": [-14.6, 15.8, 5.1],
			"to": [-13.6, 15.8, 7.2],
			"rotation": {"angle": 45, "axis": "z", "origin": [-7.4, 18.8, 4.2]},
			"faces": {
				"up": {"uv": [3, 2, 1, 3], "rotation": 270, "texture": "#0"},
				"down": {"uv": [1, 2, 3, 3], "rotation": 90, "texture": "#0"}
			}
		},
		{
			"from": [-15.6, 15.8, 5.1],
			"to": [-14.6, 15.8, 6.1],
			"rotation": {"angle": 45, "axis": "z", "origin": [-7.4, 18.8, 4.2]},
			"faces": {
				"up": {"uv": [2, 1, 1, 2], "rotation": 270, "texture": "#0"},
				"down": {"uv": [1, 1, 2, 2], "rotation": 90, "texture": "#0"}
			}
		},
		{
			"from": [12.2, 8.2, -4.2],
			"to": [13.4, 8.2, -3],
			"rotation": {"angle": -22.5, "axis": "y", "origin": [11, 8.2, -4.2]},
			"faces": {
				"up": {"uv": [12, 9, 13, 10], "texture": "#0"},
				"down": {"uv": [12, 9, 13, 10], "texture": "#0"}
			}
		},
		{
			"from": [13.4, 8.2, -5.4],
			"to": [14.6, 8.2, -4.2],
			"rotation": {"angle": -22.5, "axis": "y", "origin": [11, 8.2, -4.2]},
			"faces": {
				"up": {"uv": [13, 8, 14, 9], "texture": "#0"},
				"down": {"uv": [13, 8, 14, 9], "texture": "#0"}
			}
		},
		{
			"from": [12.2, 8.2, -6.6],
			"to": [14.6, 8.2, -5.4],
			"rotation": {"angle": -22.5, "axis": "y", "origin": [11, 8.2, -4.2]},
			"faces": {
				"up": {"uv": [12, 7, 14, 8], "texture": "#0"},
				"down": {"uv": [12, 7, 14, 8], "texture": "#0"}
			}
		},
		{
			"from": [12.2, 8.2, -10.2],
			"to": [15.8, 8.2, -6.6],
			"rotation": {"angle": -22.5, "axis": "y", "origin": [11, 8.2, -4.2]},
			"faces": {
				"up": {"uv": [12, 4, 15, 7], "texture": "#0"},
				"down": {"uv": [12, 4, 15, 7], "texture": "#0"}
			}
		},
		{
			"from": [13.4, 8.2, -13.8],
			"to": [15.8, 8.2, -10.2],
			"rotation": {"angle": -22.5, "axis": "y", "origin": [11, 8.2, -4.2]},
			"faces": {
				"up": {"uv": [13, 1, 15, 4], "texture": "#0"},
				"down": {"uv": [13, 1, 15, 4], "texture": "#0"}
			}
		},
		{
			"from": [14.6, 8.2, -15],
			"to": [15.8, 8.2, -13.8],
			"rotation": {"angle": -22.5, "axis": "y", "origin": [11, 8.2, -4.2]},
			"faces": {
				"up": {"uv": [14, 1, 15, 0], "texture": "#0"},
				"down": {"uv": [14, 1, 15, 0], "texture": "#0"}
			}
		}
	],
	"groups": [
		0,
		1,
		2,
		3,
		4,
		5,
		6,
		7,
		8,
		{
			"name": "group",
			"origin": [0, 0, 0],
			"color": 0,
			"children": [9, 10, 11, 12, 13, 14]
		},
		{
			"name": "group",
			"origin": [15, 0.5, 12.5],
			"color": 0,
			"children": [15, 16, 17, 18, 19, 20]
		},
		{
			"name": "group",
			"origin": [0, 0, 0],
			"color": 0,
			"children": [21, 22, 23, 24, 25, 26]
		}
	]
}