{
	"credit": "Made with Blockbench",
	"textures": {
		"0": "beyondtheveil:blocks/beanstalk/beanstalk",
		"2": "beyondtheveil:blocks/beanstalk/leaf",
		"particle": "beyondtheveil:blocks/beanstalk/beanstalk"
	},
	"elements": [
		{
			"from": [7, 3, 2.01],
			"to": [12.5, 10.25, 7.99],
			"rotation": {"angle": 22.5, "axis": "z", "origin": [0, 0, 0]},
			"faces": {
				"north": {"uv": [0, 0, 5.5, 7.25], "texture": "#0"},
				"east": {"uv": [0, 0, 6, 7.25], "texture": "#0"},
				"south": {"uv": [0, 0, 5.5, 7.25], "texture": "#0"},
				"west": {"uv": [0, 0, 6, 7.25], "texture": "#0"},
				"down": {"uv": [0, 0, 5.5, 6], "texture": "#0"}
			}
		},
		{
			"from": [15.25358, -2.75304, 2],
			"to": [20.35358, 2.99696, 8],
			"rotation": {"angle": 45, "axis": "z", "origin": [7.35358, -7.75304, 0]},
			"faces": {
				"north": {"uv": [0, 0, 5.1, 5.75], "texture": "#0"},
				"east": {"uv": [0, 0, 6, 5.75], "texture": "#0"},
				"south": {"uv": [0, 0, 5.1, 5.75], "texture": "#0"},
				"west": {"uv": [0, 0, 6, 5.75], "texture": "#0"},
				"up": {"uv": [0, 0, 5.1, 6], "texture": "#0"}
			}
		},
		{
			"from": [2.54465, 12.14855, 2],
			"to": [8.54465, 18.39855, 8],
			"rotation": {"angle": 0, "axis": "z", "origin": [-4.45535, 6.14855, 0.1]},
			"faces": {
				"north": {"uv": [0, 0, 6, 6.25], "texture": "#0"},
				"east": {"uv": [0, 0, 6, 6.25], "texture": "#0"},
				"south": {"uv": [0, 0, 6, 6.25], "texture": "#0"},
				"west": {"uv": [0, 0, 6, 6.25], "texture": "#0"},
				"up": {"uv": [0, 0, 6, 6], "texture": "#0"},
				"down": {"uv": [0, 0, 6, 6], "texture": "#0"}
			}
		},
		{
			"from": [12.36996, 10.92816, 2.01],
			"to": [16.60996, 15.16816, 7.99],
			"rotation": {"angle": 45, "axis": "z", "origin": [3.56996, 4.92816, 0.01]},
			"faces": {
				"north": {"uv": [0, 0, 4.2, 4.25], "texture": "#0"},
				"east": {"uv": [0, 0, 6, 4.25], "texture": "#0"},
				"south": {"uv": [0, 0, 4.2, 4.25], "texture": "#0"},
				"west": {"uv": [0, 0, 6, 4.25], "texture": "#0"},
				"up": {"uv": [0, 0, 4.2, 6], "texture": "#0"}
			}
		},
		{
			"from": [7.01043, -1.27512, 1.99],
			"to": [13.01043, 4.97488, 8.01],
			"rotation": {"angle": 0, "axis": "z", "origin": [-0.98957, -7.27512, 0]},
			"faces": {
				"north": {"uv": [0, 0, 6, 6.25], "texture": "#0"},
				"east": {"uv": [0, 0, 6, 6.25], "texture": "#0"},
				"south": {"uv": [0, 0, 6, 6.25], "texture": "#0"},
				"west": {"uv": [0, 0, 6, 6.25], "texture": "#0"},
				"down": {"uv": [0, 0, 6, 6], "texture": "#0"}
			}
		},
		{
			"from": [6.21297, -5.32069, 1],
			"to": [14.21297, -0.82069, 9],
			"rotation": {"angle": 22.5, "axis": "z", "origin": [6.21297, 0.67931, -5]},
			"faces": {
				"north": {"uv": [0, 0, 8, 4.5], "texture": "#0"},
				"east": {"uv": [0, 0, 8, 4.5], "texture": "#0"},
				"south": {"uv": [0, 0, 8, 4.5], "texture": "#0"},
				"west": {"uv": [0, 0, 8, 4.5], "texture": "#0"},
				"up": {"uv": [0, 0, 8, 8], "texture": "#0"},
				"down": {"uv": [0, 0, 8, 8], "texture": "#0"}
			}
		},
		{
			"from": [3, 13.05, 9.65],
			"to": [4.5, 13.5, 12.65],
			"rotation": {"angle": 22.5, "axis": "y", "origin": [0, 0, 0]},
			"faces": {
				"east": {"uv": [8, 8, 9, 8.2], "texture": "#2"},
				"south": {"uv": [8, 8, 9, 8.2], "texture": "#2"},
				"west": {"uv": [8, 8, 9, 8.2], "texture": "#2"},
				"up": {"uv": [8, 8, 9, 10], "rotation": 180, "texture": "#2"},
				"down": {"uv": [8, 8, 9, 10], "rotation": 180, "texture": "#2"}
			}
		},
		{
			"from": [3, 13.2, 12.65],
			"to": [6, 13.35, 14.15],
			"rotation": {"angle": 22.5, "axis": "y", "origin": [0, 0, 0]},
			"faces": {
				"north": {"uv": [7, 7, 9, 7.1], "texture": "#2"},
				"east": {"uv": [7, 7, 8, 7.1], "texture": "#2"},
				"south": {"uv": [7, 7, 9, 7.1], "texture": "#2"},
				"west": {"uv": [7, 7, 8, 7.1], "texture": "#2"},
				"up": {"uv": [7, 7, 9, 8], "rotation": 180, "texture": "#2"},
				"down": {"uv": [7, 7, 9, 8], "rotation": 180, "texture": "#2"}
			}
		},
		{
			"from": [1.5, 13.35, 14.15],
			"to": [7.5, 13.35, 20.15],
			"rotation": {"angle": 22.5, "axis": "y", "origin": [0, 0, 0]},
			"faces": {
				"up": {"uv": [6, 3, 10, 7], "rotation": 180, "texture": "#2"},
				"down": {"uv": [6, 3, 10, 7], "rotation": 180, "texture": "#2"}
			}
		},
		{
			"from": [1.5, 13.35, 20.15],
			"to": [6, 13.35, 21.65],
			"rotation": {"angle": 22.5, "axis": "y", "origin": [0, 0, 0]},
			"faces": {
				"up": {"uv": [7, 2, 10, 3], "rotation": 180, "texture": "#2"},
				"down": {"uv": [7, 2, 10, 3], "rotation": 180, "texture": "#2"}
			}
		},
		{
			"from": [3, 13.35, 21.65],
			"to": [6, 13.35, 23.15],
			"rotation": {"angle": 22.5, "axis": "y", "origin": [0, 0, 0]},
			"faces": {
				"up": {"uv": [7, 1, 9, 2], "rotation": 180, "texture": "#2"},
				"down": {"uv": [7, 1, 9, 2], "rotation": 180, "texture": "#2"}
			}
		},
		{
			"from": [3, 13.35, 23.15],
			"to": [4.5, 13.35, 24.65],
			"rotation": {"angle": 22.5, "axis": "y", "origin": [0, 0, 0]},
			"faces": {
				"up": {"uv": [8, 0, 9, 1], "rotation": 180, "texture": "#2"},
				"down": {"uv": [8, 0, 9, 1], "rotation": 180, "texture": "#2"}
			}
		},
		{
			"from": [11.75, 11.8, 5.75],
			"to": [12.75, 12, 6.75],
			"rotation": {"angle": 45, "axis": "z", "origin": [15, 0.5, 12.5]},
			"faces": {
				"north": {"uv": [3, 9, 4, 10], "texture": "#2"},
				"south": {"uv": [3, 9, 4, 10], "texture": "#2"},
				"west": {"uv": [3, 9, 4, 10], "texture": "#2"},
				"up": {"uv": [3, 9, 4, 10], "rotation": 90, "texture": "#2"},
				"down": {"uv": [3, 9, 4, 10], "rotation": 270, "texture": "#2"}
			}
		},
		{
			"from": [10.75, 11.9, 4.75],
			"to": [11.75, 12, 5.75],
			"rotation": {"angle": 45, "axis": "z", "origin": [15, 0.5, 12.5]},
			"faces": {
				"north": {"uv": [3, 8, 2, 9], "rotation": 180, "texture": "#2"},
				"east": {"uv": [3, 8, 2, 9], "rotation": 180, "texture": "#2"},
				"south": {"uv": [3, 8, 2, 9], "rotation": 180, "texture": "#2"},
				"west": {"uv": [3, 8, 2, 9], "rotation": 180, "texture": "#2"},
				"up": {"uv": [3, 8, 2, 9], "rotation": 270, "texture": "#2"},
				"down": {"uv": [3, 8, 2, 9], "rotation": 90, "texture": "#2"}
			}
		},
		{
			"from": [9.75, 12, 3.75],
			"to": [10.75, 12, 5.75],
			"rotation": {"angle": 45, "axis": "z", "origin": [15, 0.5, 12.5]},
			"faces": {
				"up": {"uv": [3, 7, 1, 8], "rotation": 270, "texture": "#2"},
				"down": {"uv": [1, 7, 3, 8], "rotation": 90, "texture": "#2"}
			}
		},
		{
			"from": [5.75, 12, 2.75],
			"to": [9.75, 12, 6.75],
			"rotation": {"angle": 45, "axis": "z", "origin": [15, 0.5, 12.5]},
			"faces": {
				"up": {"uv": [4, 3, 0, 7], "rotation": 270, "texture": "#2"},
				"down": {"uv": [0, 3, 4, 7], "rotation": 90, "texture": "#2"}
			}
		},
		{
			"from": [4.75, 12, 3.75],
			"to": [5.75, 12, 5.75],
			"rotation": {"angle": 45, "axis": "z", "origin": [15, 0.5, 12.5]},
			"faces": {
				"up": {"uv": [3, 2, 1, 3], "rotation": 270, "texture": "#2"},
				"down": {"uv": [1, 2, 3, 3], "rotation": 90, "texture": "#2"}
			}
		},
		{
			"from": [3.75, 12, 3.75],
			"to": [4.75, 12, 4.75],
			"rotation": {"angle": 45, "axis": "z", "origin": [15, 0.5, 12.5]},
			"faces": {
				"up": {"uv": [2, 1, 1, 2], "rotation": 270, "texture": "#2"},
				"down": {"uv": [1, 1, 2, 2], "rotation": 90, "texture": "#2"}
			}
		},
		{
			"from": [12.5, 4.8, -4.2],
			"to": [13.7, 4.8, -3],
			"rotation": {"angle": -22.5, "axis": "y", "origin": [-1.6, 0, -1.6]},
			"faces": {
				"up": {"uv": [12, 9, 13, 10], "texture": "#2"},
				"down": {"uv": [12, 9, 13, 10], "texture": "#2"}
			}
		},
		{
			"from": [13.7, 4.8, -5.4],
			"to": [14.9, 4.8, -4.2],
			"rotation": {"angle": -22.5, "axis": "y", "origin": [-1.6, 0, -1.6]},
			"faces": {
				"up": {"uv": [13, 8, 14, 9], "texture": "#2"},
				"down": {"uv": [13, 8, 14, 9], "texture": "#2"}
			}
		},
		{
			"from": [12.5, 4.8, -6.6],
			"to": [14.9, 4.8, -5.4],
			"rotation": {"angle": -22.5, "axis": "y", "origin": [-1.6, 0, -1.6]},
			"faces": {
				"up": {"uv": [12, 7, 14, 8], "texture": "#2"},
				"down": {"uv": [12, 7, 14, 8], "texture": "#2"}
			}
		},
		{
			"from": [12.5, 4.8, -10.2],
			"to": [16.1, 4.8, -6.6],
			"rotation": {"angle": -22.5, "axis": "y", "origin": [-1.6, 0, -1.6]},
			"faces": {
				"up": {"uv": [12, 4, 15, 7], "texture": "#2"},
				"down": {"uv": [12, 4, 15, 7], "texture": "#2"}
			}
		},
		{
			"from": [13.7, 4.8, -13.8],
			"to": [16.1, 4.8, -10.2],
			"rotation": {"angle": -22.5, "axis": "y", "origin": [-1.6, 0, -1.6]},
			"faces": {
				"up": {"uv": [13, 1, 15, 4], "texture": "#2"},
				"down": {"uv": [13, 1, 15, 4], "texture": "#2"}
			}
		},
		{
			"from": [14.9, 4.8, -15],
			"to": [16.1, 4.8, -13.8],
			"rotation": {"angle": -22.5, "axis": "y", "origin": [-1.6, 0, -1.6]},
			"faces": {
				"up": {"uv": [14, 1, 15, 0], "texture": "#2"},
				"down": {"uv": [14, 1, 15, 0], "texture": "#2"}
			}
		}
	],
	"groups": [
		0,
		1,
		2,
		3,
		4,
		5,
		{
			"name": "group",
			"origin": [0, 0, 0],
			"color": 0,
			"children": [6, 7, 8, 9, 10, 11]
		},
		{
			"name": "group",
			"origin": [15, 0.5, 12.5],
			"color": 0,
			"children": [12, 13, 14, 15, 16, 17]
		},
		{
			"name": "group",
			"origin": [0, 0, 0],
			"color": 0,
			"children": [18, 19, 20, 21, 22, 23]
		}
	]
}