{
	"credit": "Made with Blockbench",
	"parent": "block/cube_all",
	"textures": {
		"1": "beyondtheveil:blocks/blood",
		"particle": "beyondtheveil:blocks/blood",
		"all": "beyondtheveil:blocks/blood_bricks"
	},
	"elements": [
		{
			"from": [0, 0, 0],
			"to": [4, 9, 4],
			"faces": {
				"north": {"uv": [0, 0, 4, 9], "texture": "#all"},
				"east": {"uv": [0, 0, 4, 9], "texture": "#all"},
				"south": {"uv": [0, 0, 4, 9], "texture": "#all"},
				"west": {"uv": [0, 0, 4, 9], "texture": "#all"},
				"up": {"uv": [0, 0, 4, 4], "texture": "#all"},
				"down": {"uv": [0, 0, 4, 4], "texture": "#all"}
			}
		},
		{
			"from": [12, 0, 0],
			"to": [16, 9, 4],
			"faces": {
				"north": {"uv": [0, 0, 4, 9], "texture": "#all"},
				"east": {"uv": [0, 0, 4, 9], "texture": "#all"},
				"south": {"uv": [0, 0, 4, 9], "texture": "#all"},
				"west": {"uv": [0, 0, 4, 9], "texture": "#all"},
				"up": {"uv": [0, 0, 4, 4], "texture": "#all"},
				"down": {"uv": [0, 0, 4, 4], "texture": "#all"}
			}
		},
		{
			"from": [12, 0, 12],
			"to": [16, 9, 16],
			"faces": {
				"north": {"uv": [0, 0, 4, 9], "texture": "#all"},
				"east": {"uv": [0, 0, 4, 9], "texture": "#all"},
				"south": {"uv": [0, 0, 4, 9], "texture": "#all"},
				"west": {"uv": [0, 0, 4, 9], "texture": "#all"},
				"up": {"uv": [0, 0, 4, 4], "texture": "#all"},
				"down": {"uv": [0, 0, 4, 4], "texture": "#all"}
			}
		},
		{
			"from": [0, 0, 12],
			"to": [4, 9, 16],
			"faces": {
				"north": {"uv": [0, 0, 4, 9], "texture": "#all"},
				"east": {"uv": [0, 0, 4, 9], "texture": "#all"},
				"south": {"uv": [0, 0, 4, 9], "texture": "#all"},
				"west": {"uv": [0, 0, 4, 9], "texture": "#all"},
				"up": {"uv": [0, 0, 4, 4], "texture": "#all"},
				"down": {"uv": [0, 0, 4, 4], "texture": "#all"}
			}
		},
		{
			"from": [0, 0, 4],
			"to": [4, 5, 12],
			"faces": {
				"east": {"uv": [0, 0, 8, 5], "texture": "#all"},
				"west": {"uv": [0, 0, 8, 5], "texture": "#all"},
				"up": {"uv": [0, 0, 4, 8], "texture": "#all"},
				"down": {"uv": [0, 0, 4, 8], "texture": "#all"}
			}
		},
		{
			"from": [12, 0, 4],
			"to": [16, 5, 12],
			"faces": {
				"east": {"uv": [0, 0, 8, 5], "texture": "#all"},
				"west": {"uv": [0, 0, 8, 5], "texture": "#all"},
				"up": {"uv": [0, 0, 4, 8], "texture": "#all"},
				"down": {"uv": [0, 0, 4, 8], "texture": "#all"}
			}
		},
		{
			"from": [4, 0, 0],
			"to": [12, 5, 4],
			"faces": {
				"north": {"uv": [0, 0, 8, 5], "texture": "#all"},
				"south": {"uv": [0, 0, 8, 5], "texture": "#all"},
				"up": {"uv": [0, 0, 8, 4], "texture": "#all"},
				"down": {"uv": [0, 0, 8, 4], "texture": "#all"}
			}
		},
		{
			"from": [4, 0, 12],
			"to": [12, 5, 16],
			"faces": {
				"north": {"uv": [0, 0, 8, 5], "texture": "#all"},
				"south": {"uv": [0, 0, 8, 5], "texture": "#all"},
				"up": {"uv": [0, 0, 8, 4], "texture": "#all"},
				"down": {"uv": [0, 0, 8, 4], "texture": "#all"}
			}
		},
		{
			"from": [4, 0, 4],
			"to": [12, 4, 12],
			"faces": {
				"down": {"uv": [0, 0, 8, 8], "texture": "#all"}
			}
		},
		{
			"from": [4, 4, 4],
			"to": [12, 4, 12],
			"faces": {
				"up": {"uv": [0, 0, 8, 8], "texture": "#1"}
			}
		}
	],
	"gui_light": "front",
	"display": {
		"thirdperson_righthand": {
			"rotation": [75, 45, 0],
			"translation": [0, 2.5, 0],
			"scale": [0.375, 0.375, 0.375]
		},
		"thirdperson_lefthand": {
			"rotation": [75, 45, 0],
			"translation": [0, 2.5, 0],
			"scale": [0.375, 0.375, 0.375]
		},
		"firstperson_righthand": {
			"rotation": [0, 45, 0],
			"scale": [0.4, 0.4, 0.4]
		},
		"firstperson_lefthand": {
			"rotation": [0, 225, 0],
			"scale": [0.4, 0.4, 0.4]
		},
		"ground": {
			"translation": [0, 3, 0],
			"scale": [0.25, 0.25, 0.25]
		},
		"gui": {
			"rotation": [-130.75, -45, -180],
			"translation": [0, 1.75, 0],
			"scale": [0.8, 0.8, 0.8]
		},
		"head": {
			"rotation": [0, 180, 0],
			"translation": [0, 13, 7]
		},
		"fixed": {
			"scale": [0.5, 0.5, 0.5]
		}
	}
}