{
	"credit": "Made with Blockbench",
	"textures": {
		"0": "beyondtheveil:blocks/chamber_base_4",
		"1": "beyondtheveil:blocks/whiteglass",
		"2": "beyondtheveil:blocks/chamber_base_3",
		"particle": "beyondtheveil:blocks/whiteglass"
	},
	"elements": [
		{
			"name": "cube",
			"from": [1, 0, 15],
			"to": [15, 4, 16],
			"faces": {
				"north": {"uv": [2, 0, 16, 4], "texture": "#2"},
				"east": {"uv": [13, 4, 14, 8], "texture": "#0"},
				"south": {"uv": [0, 4, 14, 8], "texture": "#0"},
				"west": {"uv": [0, 4, 1, 8], "texture": "#0"},
				"up": {"uv": [13, 0, 14, 14], "texture": "#0", "rotation": 90},
				"down": {"uv": [0, 2, 1, 16], "texture": "#0", "rotation": 270}
			}
		},
		{
			"name": "cube",
			"from": [1, 8, 1],
			"to": [15, 12, 2],
			"faces": {
				"north": {"uv": [1, 8, 15, 12], "texture": "#1"},
				"east": {"uv": [1, 1, 2, 5], "texture": "#1"},
				"south": {"uv": [1, 6, 15, 10], "texture": "#1"},
				"west": {"uv": [1, 1, 2, 5], "texture": "#1"},
				"up": {"uv": [1, 2, 15, 3], "texture": "#1"}
			}
		},
		{
			"name": "cube",
			"from": [1, 8, 14],
			"to": [15, 12, 15],
			"faces": {
				"north": {"uv": [1, 7, 15, 11], "texture": "#1"},
				"east": {"uv": [1, 1, 2, 5], "texture": "#1"},
				"south": {"uv": [1, 1, 15, 5], "texture": "#1"},
				"west": {"uv": [2, 1, 3, 5], "texture": "#1"},
				"up": {"uv": [1, 7, 15, 8], "texture": "#1"}
			}
		},
		{
			"name": "cube",
			"from": [1, 8, 2],
			"to": [2, 12, 14],
			"faces": {
				"east": {"uv": [3, 8, 15, 12], "texture": "#1"},
				"west": {"uv": [3, 3, 15, 7], "texture": "#1"},
				"up": {"uv": [13, 1, 14, 13], "texture": "#1"}
			}
		},
		{
			"name": "cube",
			"from": [14, 8, 2],
			"to": [15, 12, 14],
			"faces": {
				"east": {"uv": [3, 11, 15, 15], "texture": "#1"},
				"west": {"uv": [3, 10, 15, 14], "texture": "#1"},
				"up": {"uv": [4, 2, 5, 14], "texture": "#1"}
			}
		},
		{
			"name": "cube",
			"from": [2, 12, 2],
			"to": [14, 15, 3],
			"faces": {
				"north": {"uv": [3, 11, 15, 14], "texture": "#1"},
				"east": {"uv": [11, 11, 12, 14], "texture": "#1"},
				"south": {"uv": [2, 4, 14, 7], "texture": "#1"},
				"west": {"uv": [11, 4, 12, 7], "texture": "#1"},
				"up": {"uv": [3, 13, 15, 14], "texture": "#1"}
			}
		},
		{
			"name": "cube",
			"from": [2, 12, 13],
			"to": [14, 15, 14],
			"faces": {
				"north": {"uv": [2, 3, 14, 6], "texture": "#1"},
				"east": {"uv": [2, 4, 3, 7], "texture": "#1"},
				"south": {"uv": [3, 4, 15, 7], "texture": "#1"},
				"west": {"uv": [5, 3, 6, 6], "texture": "#1"},
				"up": {"uv": [2, 13, 14, 14], "texture": "#1"}
			}
		},
		{
			"name": "cube",
			"from": [2, 12, 3],
			"to": [3, 15, 13],
			"faces": {
				"east": {"uv": [4, 7, 14, 10], "texture": "#1"},
				"west": {"uv": [4, 7, 14, 10], "texture": "#1"},
				"up": {"uv": [11, 5, 12, 15], "texture": "#1"}
			}
		},
		{
			"name": "cube",
			"from": [13, 12, 3],
			"to": [14, 15, 13],
			"faces": {
				"east": {"uv": [5, 11, 15, 14], "texture": "#1"},
				"west": {"uv": [1, 11, 11, 14], "texture": "#1"},
				"up": {"uv": [14, 5, 15, 15], "texture": "#1"}
			}
		},
		{
			"name": "cube",
			"from": [3, 15, 3],
			"to": [13, 16, 13],
			"faces": {
				"north": {"uv": [3, 13, 13, 14], "texture": "#1"},
				"east": {"uv": [3, 2, 13, 3], "texture": "#1"},
				"south": {"uv": [4, 12, 14, 13], "texture": "#1"},
				"west": {"uv": [5, 9, 15, 10], "texture": "#1"},
				"up": {"uv": [5, 1, 15, 11], "texture": "#1"},
				"down": {"uv": [3, 5, 13, 15], "texture": "#1"}
			}
		},
		{
			"name": "cube",
			"from": [1, 4, 15],
			"to": [15, 8, 16],
			"faces": {
				"north": {"uv": [1, 1, 15, 5], "texture": "#1"},
				"east": {"uv": [0, 1, 1, 5], "texture": "#1"},
				"south": {"uv": [1, 1, 15, 5], "texture": "#1"},
				"west": {"uv": [0, 1, 1, 5], "texture": "#1"},
				"up": {"uv": [6, 1, 7, 15], "texture": "#1", "rotation": 90},
				"down": {"uv": [1, 1, 15, 5], "texture": "#1", "rotation": 270}
			}
		},
		{
			"name": "cube",
			"from": [1, 0, 0],
			"to": [15, 4, 1],
			"faces": {
				"north": {"uv": [1, 12, 15, 16], "texture": "#0"},
				"east": {"uv": [13, 4, 14, 8], "texture": "#0"},
				"south": {"uv": [0, 9, 14, 13], "texture": "#2"},
				"west": {"uv": [0, 4, 1, 8], "texture": "#0"},
				"up": {"uv": [13, 0, 14, 14], "texture": "#0", "rotation": 90},
				"down": {"uv": [0, 2, 1, 16], "texture": "#0", "rotation": 270}
			}
		},
		{
			"name": "cube",
			"from": [15, 0, 1],
			"to": [16, 4, 15],
			"faces": {
				"north": {"uv": [0, 4, 1, 8], "texture": "#0"},
				"east": {"uv": [2, 0, 16, 4], "texture": "#0"},
				"south": {"uv": [13, 4, 14, 8], "texture": "#0"},
				"west": {"uv": [2, 12, 16, 16], "texture": "#2"},
				"up": {"uv": [13, 0, 14, 14], "texture": "#0", "rotation": 180},
				"down": {"uv": [0, 2, 1, 16], "texture": "#0", "rotation": 180}
			}
		},
		{
			"name": "cube",
			"from": [0, 0, 1],
			"to": [1, 4, 15],
			"faces": {
				"north": {"uv": [0, 4, 1, 8], "texture": "#0"},
				"east": {"uv": [2, 8, 16, 12], "texture": "#2"},
				"south": {"uv": [13, 4, 14, 8], "texture": "#0"},
				"west": {"uv": [2, 12, 16, 16], "texture": "#0"},
				"up": {"uv": [13, 0, 14, 14], "texture": "#0", "rotation": 180},
				"down": {"uv": [0, 2, 1, 16], "texture": "#0", "rotation": 180}
			}
		},
		{
			"name": "cube",
			"from": [1, 4, 0],
			"to": [15, 8, 1],
			"faces": {
				"north": {"uv": [1, 1, 15, 5], "texture": "#1"},
				"east": {"uv": [0, 1, 1, 5], "texture": "#1"},
				"south": {"uv": [1, 1, 15, 5], "texture": "#1"},
				"west": {"uv": [0, 1, 1, 5], "texture": "#1"},
				"up": {"uv": [6, 1, 7, 15], "texture": "#1", "rotation": 90},
				"down": {"uv": [1, 1, 15, 5], "texture": "#1", "rotation": 270}
			}
		},
		{
			"name": "cube",
			"from": [15, 4, 1],
			"to": [16, 8, 15],
			"faces": {
				"north": {"uv": [0, 1, 1, 5], "texture": "#1"},
				"east": {"uv": [1, 1, 15, 5], "texture": "#1"},
				"south": {"uv": [0, 1, 1, 5], "texture": "#1"},
				"west": {"uv": [1, 1, 15, 5], "texture": "#1"},
				"up": {"uv": [6, 1, 7, 15], "texture": "#1", "rotation": 180},
				"down": {"uv": [1, 1, 15, 5], "texture": "#1", "rotation": 180}
			}
		},
		{
			"name": "cube",
			"from": [0, 4, 1],
			"to": [1, 8, 15],
			"faces": {
				"north": {"uv": [0, 1, 1, 5], "texture": "#1"},
				"east": {"uv": [1, 1, 15, 5], "texture": "#1"},
				"south": {"uv": [0, 1, 1, 5], "texture": "#1"},
				"west": {"uv": [1, 1, 15, 5], "texture": "#1"},
				"up": {"uv": [6, 1, 7, 15], "texture": "#1", "rotation": 180},
				"down": {"uv": [1, 1, 15, 5], "texture": "#1", "rotation": 180}
			}
		}
	]
}