{
	"credit": "Made with Blockbench",
	"textures": {
		"0": "beyondtheveil:blocks/city_mapper",
		"particle": "beyondtheveil:blocks/city_mapper"
	},
	"elements": [
		{
			"from": [3, 0, 3],
			"to": [13, 1, 13],
			"faces": {
				"north": {"uv": [7, 6, 12, 6.5], "texture": "#0"},
				"east": {"uv": [7, 6, 12, 6.5], "texture": "#0"},
				"south": {"uv": [7, 6, 12, 6.5], "texture": "#0"},
				"west": {"uv": [7, 6, 12, 6.5], "texture": "#0"},
				"up": {"uv": [7, 6, 12, 11], "texture": "#0"},
				"down": {"uv": [7, 6, 12, 11], "texture": "#0"}
			}
		},
		{
			"from": [5, 1, 5],
			"to": [11, 13, 11],
			"faces": {
				"north": {"uv": [7, 0, 10, 6], "texture": "#0"},
				"east": {"uv": [7, 0, 10, 6], "texture": "#0"},
				"south": {"uv": [7, 0, 10, 6], "texture": "#0"},
				"west": {"uv": [7, 0, 10, 6], "texture": "#0"},
				"up": {"uv": [2, 8, 5, 11], "texture": "#0"},
				"down": {"uv": [0, 0, 3, 3], "texture": "#missing"}
			}
		},
		{
			"from": [1, 12, 3],
			"to": [15, 14, 17],
			"rotation": {"angle": -22.5, "axis": "x", "origin": [8, 8, 8]},
			"faces": {
				"north": {"uv": [0, 7, 7, 8], "texture": "#0"},
				"east": {"uv": [0, 7, 7, 8], "texture": "#0"},
				"south": {"uv": [0, 7, 7, 8], "texture": "#0"},
				"west": {"uv": [0, 13, 7, 14], "texture": "#0"},
				"up": {"uv": [0, 0, 7, 7], "texture": "#0"},
				"down": {"uv": [0, 7, 7, 14], "texture": "#0"}
			}
		}
	]
}