{
	"credit": "Made with Blockbench",
	"textures": {
		"0": "beyondtheveil:blocks/cradle_sides",
		"1": "beyondtheveil:blocks/whiteglass",
		"2": "beyondtheveil:blocks/water",
		"particle": "beyondtheveil:blocks/cradle_sides"
	},
	"elements": [
		{
			"from": [0, 1, 4],
			"to": [2, 14, 16],
			"faces": {
				"north": {"uv": [0, 0, 2, 13], "texture": "#missing"},
				"east": {"uv": [6.5, 1, 0.5, 7.5], "texture": "#0"},
				"west": {"uv": [2, 1, 8, 7.5], "texture": "#0"},
				"up": {"uv": [14.5, 9, 8.5, 10], "rotation": 270, "texture": "#0"},
				"down": {"uv": [0, 0, 2, 12], "texture": "#missing"}
			}
		},
		{
			"from": [0, 0, 0],
			"to": [16, 1, 16],
			"faces": {
				"north": {"uv": [0, 7.5, 8, 8], "texture": "#0"},
				"east": {"uv": [0, 7.5, 8, 8], "texture": "#0"},
				"west": {"uv": [0, 7.5, 8, 8], "texture": "#0"},
				"up": {"uv": [0, 7.5, 8, 8], "texture": "#0"},
				"down": {"uv": [0, 7.5, 8, 8], "texture": "#0"}
			}
		},
		{
			"from": [14, 1, 4],
			"to": [16, 14, 16],
			"faces": {
				"north": {"uv": [0, 0, 2, 13], "texture": "#missing"},
				"east": {"uv": [8, 1, 2, 7.5], "texture": "#0"},
				"west": {"uv": [0.5, 1, 6.5, 7.5], "texture": "#0"},
				"up": {"uv": [8, 10, 14, 9], "rotation": 270, "texture": "#0"},
				"down": {"uv": [0, 0, 2, 12], "texture": "#missing"}
			}
		},
		{
			"from": [0, 1, 0],
			"to": [16, 14, 4],
			"faces": {
				"north": {"uv": [8, 9, 16, 15.5], "texture": "#0"},
				"east": {"uv": [2, 1, 0, 7.5], "texture": "#0"},
				"south": {"uv": [8, 9, 16, 15.5], "texture": "#0"},
				"west": {"uv": [0, 1, 2, 7.5], "texture": "#0"},
				"up": {"uv": [8, 9, 16, 11], "texture": "#0"},
				"down": {"uv": [0, 0, 16, 4], "texture": "#missing"}
			}
		},
		{
			"from": [-1, 9, 9],
			"to": [0, 10, 10],
			"rotation": {"angle": 45, "axis": "x", "origin": [-1, 9, 6.5]},
			"faces": {
				"north": {"uv": [0, 6, 0.5, 6.5], "texture": "#0"},
				"east": {"uv": [0, 6, 0.5, 6.5], "texture": "#0"},
				"south": {"uv": [0, 6, 0.5, 6.5], "texture": "#0"},
				"west": {"uv": [0, 6, 0.5, 6.5], "texture": "#0"},
				"up": {"uv": [0, 6, 0.5, 6.5], "texture": "#0"},
				"down": {"uv": [0, 6, 0.5, 6.5], "texture": "#0"}
			}
		},
		{
			"from": [-2, 9, 9],
			"to": [-1, 13, 10],
			"rotation": {"angle": 45, "axis": "x", "origin": [-1, 9, 6.5]},
			"faces": {
				"north": {"uv": [2.5, 6, 3, 6.5], "texture": "#0"},
				"east": {"uv": [2.5, 6, 3, 6.5], "texture": "#0"},
				"south": {"uv": [2.5, 6, 3, 6.5], "texture": "#0"},
				"west": {"uv": [2.5, 6, 3, 6.5], "texture": "#0"},
				"up": {"uv": [2.5, 6, 3, 6.5], "texture": "#0"},
				"down": {"uv": [2.5, 6, 3, 6.5], "texture": "#0"}
			}
		},
		{
			"from": [-1, 12, 9],
			"to": [0, 13, 10],
			"rotation": {"angle": 45, "axis": "x", "origin": [-1, 9, 6.5]},
			"faces": {
				"north": {"uv": [0, 6, 0.5, 6.5], "texture": "#0"},
				"east": {"uv": [0, 6, 0.5, 6.5], "texture": "#0"},
				"south": {"uv": [0, 6, 0.5, 6.5], "texture": "#0"},
				"west": {"uv": [0, 6, 0.5, 6.5], "texture": "#0"},
				"up": {"uv": [0, 6, 0.5, 6.5], "texture": "#0"},
				"down": {"uv": [0, 6, 0.5, 6.5], "texture": "#0"}
			}
		},
		{
			"from": [2, 6, 4],
			"to": [14, 6, 16],
			"faces": {
				"north": {"uv": [0, 0, 12, 0], "texture": "#missing"},
				"east": {"uv": [0, 0, 12, 0], "texture": "#missing"},
				"south": {"uv": [0, 0, 12, 0], "texture": "#missing"},
				"west": {"uv": [0, 0, 12, 0], "texture": "#missing"},
				"up": {"uv": [1, 0, 13, 12], "texture": "#2"},
				"down": {"uv": [0, 0, 12, 12], "texture": "#2"}
			}
		},
		{
			"from": [2, 13, 4],
			"to": [14, 14, 16],
			"faces": {
				"north": {"uv": [2, 3, 4, 4], "texture": "#1"},
				"east": {"uv": [5, 4, 14, 5], "texture": "#1"},
				"west": {"uv": [2.5, 4, 11.5, 5], "texture": "#1"},
				"up": {"uv": [1, 1, 13, 13], "rotation": 90, "texture": "#1"},
				"down": {"uv": [1.5, 3, 10.5, 5], "rotation": 270, "texture": "#1"}
			}
		}
	],
	"groups": [
		{
			"name": "ActualModelHead3",
			"origin": [8, 8, 8],
			"color": 0,
			"children": [0, 1, 2, 3,
				{
					"name": "group",
					"origin": [8, 8, 8],
					"color": 0,
					"children": [4, 5, 6]
				}, 7, 8]
		}
	]
}