{
	"credit": "Made with Blockbench",
	"textures": {
		"0": "beyondtheveil:blocks/cradle_sides",
		"1": "beyondtheveil:blocks/whiteglass",
		"2": "beyondtheveil:blocks/water",
		"particle": "beyondtheveil:blocks/cradle_sides"
	},
	"elements": [
		{
			"from": [0, 1, 0],
			"to": [2, 14, 16],
			"faces": {
				"east": {"uv": [0.5, 1, 6.5, 7.5], "texture": "#0"},
				"west": {"uv": [16, 1, 8, 7.5], "texture": "#0"},
				"up": {"uv": [14.5, 9, 8.5, 10], "rotation": 270, "texture": "#0"},
				"down": {"uv": [0, 0, 2, 12], "texture": "#missing"}
			}
		},
		{
			"from": [0, 0, 0],
			"to": [16, 1, 16],
			"faces": {
				"east": {"uv": [0, 7.5, 8, 8], "texture": "#0"},
				"west": {"uv": [0, 7.5, 8, 8], "texture": "#0"},
				"up": {"uv": [0, 7.5, 8, 8], "texture": "#0"},
				"down": {"uv": [0, 7.5, 8, 8], "texture": "#0"}
			}
		},
		{
			"from": [14, 1, 0],
			"to": [16, 14, 16],
			"faces": {
				"east": {"uv": [8, 1, 16, 7.5], "texture": "#0"},
				"west": {"uv": [6.5, 1, 0.5, 7.5], "texture": "#0"},
				"up": {"uv": [8, 10, 14, 9], "rotation": 270, "texture": "#0"},
				"down": {"uv": [0, 0, 2, 12], "texture": "#missing"}
			}
		},
		{
			"from": [-1, 5.5, 3.5],
			"to": [0, 6.5, 4.5],
			"rotation": {"angle": 45, "axis": "x", "origin": [-1, 9, 6.5]},
			"faces": {
				"north": {"uv": [0, 6, 0.5, 6.5], "rotation": 180, "texture": "#0"},
				"east": {"uv": [0, 6, 0.5, 6.5], "rotation": 270, "texture": "#0"},
				"south": {"uv": [0, 6, 0.5, 6.5], "texture": "#0"},
				"west": {"uv": [0, 6, 0.5, 6.5], "rotation": 90, "texture": "#0"},
				"up": {"uv": [0, 6, 0.5, 6.5], "rotation": 180, "texture": "#0"},
				"down": {"uv": [0, 6, 0.5, 6.5], "texture": "#0"}
			}
		},
		{
			"from": [-2, 5.5, 3.5],
			"to": [-1, 6.5, 10.5],
			"rotation": {"angle": 45, "axis": "x", "origin": [-1, 9, 6.5]},
			"faces": {
				"north": {"uv": [2.5, 6, 3, 6.5], "rotation": 180, "texture": "#0"},
				"east": {"uv": [2.5, 6, 3, 6.5], "rotation": 270, "texture": "#0"},
				"south": {"uv": [2.5, 6, 3, 6.5], "texture": "#0"},
				"west": {"uv": [2.5, 6, 3, 6.5], "rotation": 90, "texture": "#0"},
				"up": {"uv": [2.5, 6, 3, 6.5], "rotation": 180, "texture": "#0"},
				"down": {"uv": [2.5, 6, 3, 6.5], "texture": "#0"}
			}
		},
		{
			"from": [-1, 5.5, 9.5],
			"to": [0, 6.5, 10.5],
			"rotation": {"angle": 45, "axis": "x", "origin": [-1, 9, 6.5]},
			"faces": {
				"north": {"uv": [0, 6, 0.5, 6.5], "rotation": 180, "texture": "#0"},
				"east": {"uv": [0, 6, 0.5, 6.5], "rotation": 270, "texture": "#0"},
				"south": {"uv": [0, 6, 0.5, 6.5], "texture": "#0"},
				"west": {"uv": [0, 6, 0.5, 6.5], "rotation": 90, "texture": "#0"},
				"up": {"uv": [0, 6, 0.5, 6.5], "rotation": 180, "texture": "#0"},
				"down": {"uv": [0, 6, 0.5, 6.5], "texture": "#0"}
			}
		},
		{
			"from": [-1, 4.5, 7.5],
			"to": [0, 5.5, 8.5],
			"rotation": {"angle": -45, "axis": "x", "origin": [-1, 9, 6.5]},
			"faces": {
				"north": {"uv": [0, 6, 0.5, 6.5], "rotation": 180, "texture": "#0"},
				"east": {"uv": [0, 6, 0.5, 6.5], "rotation": 270, "texture": "#0"},
				"south": {"uv": [0, 6, 0.5, 6.5], "texture": "#0"},
				"west": {"uv": [0, 6, 0.5, 6.5], "rotation": 90, "texture": "#0"},
				"up": {"uv": [0, 6, 0.5, 6.5], "rotation": 180, "texture": "#0"},
				"down": {"uv": [0, 6, 0.5, 6.5], "texture": "#0"}
			}
		},
		{
			"from": [-2, 4.5, 7.5],
			"to": [-1, 5.5, 14.5],
			"rotation": {"angle": -45, "axis": "x", "origin": [-1, 9, 6.5]},
			"faces": {
				"north": {"uv": [2.5, 6, 3, 6.5], "rotation": 180, "texture": "#0"},
				"east": {"uv": [2.5, 6, 3, 6.5], "rotation": 270, "texture": "#0"},
				"south": {"uv": [2.5, 6, 3, 6.5], "texture": "#0"},
				"west": {"uv": [2.5, 6, 3, 6.5], "rotation": 90, "texture": "#0"},
				"up": {"uv": [2.5, 6, 3, 6.5], "rotation": 180, "texture": "#0"},
				"down": {"uv": [2.5, 6, 3, 6.5], "texture": "#0"}
			}
		},
		{
			"from": [-1, 4.5, 13.5],
			"to": [0, 5.5, 14.5],
			"rotation": {"angle": -45, "axis": "x", "origin": [-1, 9, 6.5]},
			"faces": {
				"north": {"uv": [0, 6, 0.5, 6.5], "rotation": 180, "texture": "#0"},
				"east": {"uv": [0, 6, 0.5, 6.5], "rotation": 270, "texture": "#0"},
				"south": {"uv": [0, 6, 0.5, 6.5], "texture": "#0"},
				"west": {"uv": [0, 6, 0.5, 6.5], "rotation": 90, "texture": "#0"},
				"up": {"uv": [0, 6, 0.5, 6.5], "rotation": 180, "texture": "#0"},
				"down": {"uv": [0, 6, 0.5, 6.5], "texture": "#0"}
			}
		},
		{
			"from": [16, 6.5, 11.5],
			"to": [17, 7.5, 12.5],
			"rotation": {"angle": 22.5, "axis": "x", "origin": [35, 5, 6.5]},
			"faces": {
				"north": {"uv": [0, 6, 0.5, 6.5], "texture": "#0"},
				"east": {"uv": [0, 6, 0.5, 6.5], "rotation": 90, "texture": "#0"},
				"south": {"uv": [0, 6, 0.5, 6.5], "rotation": 180, "texture": "#0"},
				"west": {"uv": [0, 6, 0.5, 6.5], "rotation": 270, "texture": "#0"},
				"up": {"uv": [0, 6, 0.5, 6.5], "texture": "#0"},
				"down": {"uv": [0, 6, 0.5, 6.5], "rotation": 180, "texture": "#0"}
			}
		},
		{
			"from": [17, 6.5, 2.5],
			"to": [18, 7.5, 12.5],
			"rotation": {"angle": 22.5, "axis": "x", "origin": [35, 5, 6.5]},
			"faces": {
				"north": {"uv": [2.5, 6, 3, 6.5], "texture": "#0"},
				"east": {"uv": [2.5, 6, 3, 6.5], "rotation": 90, "texture": "#0"},
				"south": {"uv": [2.5, 6, 3, 6.5], "rotation": 180, "texture": "#0"},
				"west": {"uv": [2.5, 6, 3, 6.5], "rotation": 270, "texture": "#0"},
				"up": {"uv": [2.5, 6, 3, 6.5], "texture": "#0"},
				"down": {"uv": [2.5, 6, 3, 6.5], "rotation": 180, "texture": "#0"}
			}
		},
		{
			"from": [16, 6.5, 2.5],
			"to": [17, 7.5, 3.5],
			"rotation": {"angle": 22.5, "axis": "x", "origin": [35, 5, 6.5]},
			"faces": {
				"north": {"uv": [0, 6, 0.5, 6.5], "texture": "#0"},
				"east": {"uv": [0, 6, 0.5, 6.5], "rotation": 90, "texture": "#0"},
				"south": {"uv": [0, 6, 0.5, 6.5], "rotation": 180, "texture": "#0"},
				"west": {"uv": [0, 6, 0.5, 6.5], "rotation": 270, "texture": "#0"},
				"up": {"uv": [0, 6, 0.5, 6.5], "texture": "#0"},
				"down": {"uv": [0, 6, 0.5, 6.5], "rotation": 180, "texture": "#0"}
			}
		},
		{
			"from": [2, 6, 0],
			"to": [14, 6, 16],
			"faces": {
				"north": {"uv": [0, 0, 12, 0], "texture": "#missing"},
				"east": {"uv": [0, 0, 12, 0], "texture": "#missing"},
				"south": {"uv": [0, 0, 12, 0], "texture": "#missing"},
				"west": {"uv": [0, 0, 12, 0], "texture": "#missing"},
				"up": {"uv": [1, 0, 13, 16], "texture": "#2"},
				"down": {"uv": [0, 0, 12, 12], "texture": "#2"}
			}
		},
		{
			"from": [2, 13, 0],
			"to": [14, 14, 16],
			"faces": {
				"east": {"uv": [5, 4, 14, 5], "texture": "#1"},
				"west": {"uv": [2.5, 4, 11.5, 5], "texture": "#1"},
				"up": {"uv": [1, 2, 15, 14], "rotation": 90, "texture": "#1"},
				"down": {"uv": [1.5, 3, 10.5, 5], "rotation": 270, "texture": "#1"}
			}
		}
	],
	"groups": [0, 1, 2,
		{
			"name": "group",
			"origin": [8, 8, 8],
			"color": 0,
			"children": [3, 4, 5]
		},
		{
			"name": "group2",
			"origin": [8, 8, 8],
			"color": 0,
			"children": [6, 7, 8]
		},
		{
			"name": "group3",
			"origin": [8, 8, 8],
			"color": 0,
			"children": [9, 10, 11]
		}, 12, 13]
}