{
	"credit": "Made with Blockbench",
	"parent": "block/cube",
	"textures": {
		"0": "beyondtheveil:blocks/cradle_sides",
		"1": "beyondtheveil:blocks/whiteglass",
		"2": "beyondtheveil:blocks/water",
		"particle": "beyondtheveil:blocks/cradle_sides"
	},
	"elements": [
		{
			"from": [0, 1, 2],
			"to": [2, 14, 14],
			"faces": {
				"north": {"uv": [15, 1, 16, 7.5], "texture": "#0"},
				"east": {"uv": [6.5, 1, 0.5, 7.5], "texture": "#0"},
				"south": {"uv": [0, 1, 1, 7.5], "texture": "#0"},
				"west": {"uv": [0, 9, 6, 15.5], "texture": "#0"},
				"up": {"uv": [14.5, 9, 9.5, 9.5], "rotation": 270, "texture": "#0"},
				"down": {"uv": [0, 0, 2, 12], "texture": "#missing"}
			}
		},
		{
			"from": [0, 0, 0],
			"to": [16, 1, 16],
			"faces": {
				"north": {"uv": [0, 7.5, 8, 8], "texture": "#0"},
				"east": {"uv": [0, 7.5, 8, 8], "texture": "#0"},
				"south": {"uv": [0, 7.5, 8, 8], "texture": "#0"},
				"west": {"uv": [0, 7.5, 8, 8], "texture": "#0"},
				"up": {"uv": [0, 7.5, 8, 8], "texture": "#0"},
				"down": {"uv": [0, 7.5, 8, 8], "texture": "#0"}
			}
		},
		{
			"from": [14, 1, 2],
			"to": [16, 14, 14],
			"faces": {
				"north": {"uv": [15, 1, 16, 7.5], "texture": "#0"},
				"east": {"uv": [7, 9, 1, 15.5], "texture": "#0"},
				"south": {"uv": [1, 1, 0, 7.5], "texture": "#0"},
				"west": {"uv": [0.5, 1, 6.5, 7.5], "texture": "#0"},
				"up": {"uv": [8, 9.5, 15, 9], "rotation": 270, "texture": "#0"},
				"down": {"uv": [0, 0, 2, 12], "texture": "#missing"}
			}
		},
		{
			"from": [2, 13, 2],
			"to": [14, 14, 14],
			"faces": {
				"north": {"uv": [2, 3, 4, 4], "texture": "#1"},
				"east": {"uv": [5, 4, 14, 5], "texture": "#1"},
				"south": {"uv": [5, 2, 7, 3], "texture": "#1"},
				"west": {"uv": [2.5, 4, 11.5, 5], "texture": "#1"},
				"up": {"uv": [1, 1, 13, 13], "rotation": 90, "texture": "#1"},
				"down": {"uv": [1.5, 3, 10.5, 5], "rotation": 270, "texture": "#1"}
			}
		},
		{
			"from": [2, 6, 2],
			"to": [14, 6, 14],
			"faces": {
				"north": {"uv": [0, 0, 12, 0], "texture": "#missing"},
				"east": {"uv": [0, 0, 12, 0], "texture": "#missing"},
				"south": {"uv": [0, 0, 12, 0], "texture": "#missing"},
				"west": {"uv": [0, 0, 12, 0], "texture": "#missing"},
				"up": {"uv": [1, 0, 13, 15], "texture": "#2"},
				"down": {"uv": [0, 0, 12, 12], "texture": "#2"}
			}
		},
		{
			"from": [0, 1, 14],
			"to": [16, 14, 16],
			"faces": {
				"north": {"uv": [8, 9, 16, 15.5], "texture": "#0"},
				"east": {"uv": [8, 9, 7, 15.5], "texture": "#0"},
				"south": {"uv": [8, 9, 16, 15.5], "texture": "#0"},
				"west": {"uv": [7, 9, 8, 15.5], "texture": "#0"},
				"up": {"uv": [0.5, 1.5, 8.5, 2.5], "texture": "#0"},
				"down": {"uv": [0, 0, 16, 2], "texture": "#missing"}
			}
		},
		{
			"from": [0, 1, 0],
			"to": [16, 14, 2],
			"faces": {
				"north": {"uv": [8, 9, 16, 15.5], "texture": "#0"},
				"east": {"uv": [7, 9, 8, 15.5], "texture": "#0"},
				"south": {"uv": [8, 9, 16, 15.5], "texture": "#0"},
				"west": {"uv": [8, 9, 7, 15.5], "texture": "#0"},
				"up": {"uv": [0.5, 1.5, 8.5, 2.5], "texture": "#0"},
				"down": {"uv": [0, 0, 16, 2], "texture": "#missing"}
			}
		}
	]
}