{
	"credit": "Made with Blockbench",
	"textures": {
		"0": "beyondtheveil:blocks/curtain",
		"particle": "beyondtheveil:blocks/curtain"
	},
	"elements": [
		{
			"from": [0, 0, 7],
			"to": [16, 16, 9],
			"faces": {
				"north": {"uv": [0, 0, 16, 16], "texture": "#0"},
				"east": {"uv": [0, 0, 2, 16], "texture": "#0"},
				"south": {"uv": [0, 0, 16, 16], "texture": "#0"},
				"west": {"uv": [0, 0, 2, 16], "texture": "#0"},
				"up": {"uv": [0, 3, 16, 5], "texture": "#0"},
				"down": {"uv": [0, 1, 16, 3], "texture": "#0"}
			}
		}
	]
}