{
	"credit": "Made with Blockbench",
	"parent": "block/cube",
	"ambientocclusion": false,
	"textures": {
		"0": "beyondtheveil:blocks/damp_canopy_wood",
		"1": "beyondtheveil:blocks/damp_canopy",
		"2": "beyondtheveil:blocks/damp_canopy_wood_rotated",
		"particle": "beyondtheveil:blocks/damp_canopy"
	},
	"elements": [
		{
			"from": [0, 0, 2],
			"to": [16, 2, 16],
			"faces": {
				"east": {"uv": [16, 14, 0, 16], "texture": "#2", "cullface": "east"},
				"south": {"uv": [0, 14, 16, 16], "texture": "#0", "cullface": "south"},
				"west": {"uv": [0, 14, 16, 16], "texture": "#2", "cullface": "west"},
				"down": {"uv": [0, 16, 16, 0], "texture": "#0", "cullface": "down"}
			}
		},
		{
			"from": [0, 2, 4],
			"to": [16, 4, 16],
			"faces": {
				"east": {"uv": [14, 12, 0, 14], "texture": "#2", "cullface": "east"},
				"south": {"uv": [0, 12, 16, 14], "texture": "#0", "cullface": "south"},
				"west": {"uv": [0, 12, 16, 14], "texture": "#2", "cullface": "west"}
			}
		},
		{
			"from": [0, 4, 6],
			"to": [16, 6, 16],
			"faces": {
				"east": {"uv": [12, 10, 0, 12], "texture": "#2", "cullface": "east"},
				"south": {"uv": [0, 10, 16, 12], "texture": "#0", "cullface": "south"},
				"west": {"uv": [0, 10, 12, 12], "texture": "#2", "cullface": "west"}
			}
		},
		{
			"from": [0, 6, 8],
			"to": [16, 8, 16],
			"faces": {
				"east": {"uv": [10, 8, 0, 10], "texture": "#2", "cullface": "east"},
				"south": {"uv": [0, 8, 16, 10], "texture": "#0", "cullface": "south"},
				"west": {"uv": [0, 8, 10, 10], "texture": "#2", "cullface": "west"}
			}
		},
		{
			"from": [0, 8, 10],
			"to": [16, 10, 16],
			"faces": {
				"east": {"uv": [8, 6, 0, 8], "texture": "#2", "cullface": "east"},
				"south": {"uv": [0, 6, 16, 8], "texture": "#0", "cullface": "south"},
				"west": {"uv": [0, 6, 8, 8], "texture": "#2", "cullface": "west"}
			}
		},
		{
			"from": [0, 10, 12],
			"to": [16, 12, 16],
			"faces": {
				"east": {"uv": [6, 4, 0, 6], "texture": "#2", "cullface": "east"},
				"south": {"uv": [0, 4, 16, 6], "texture": "#0", "cullface": "south"},
				"west": {"uv": [0, 4, 6, 6], "texture": "#2", "cullface": "west"}
			}
		},
		{
			"from": [-0.5, 1, 1],
			"to": [16.5, 3, 3],
			"rotation": {"angle": 0, "axis": "x", "origin": [0, -3, 5]},
			"faces": {
				"north": {"uv": [0, 2, 16, 4], "texture": "#1"},
				"east": {"uv": [0, 2, 2, 4], "texture": "#1", "cullface": "east"},
				"south": {"uv": [0, 2, 16, 4], "texture": "#1"},
				"west": {"uv": [0, 2, 2, 4], "texture": "#1", "cullface": "west"},
				"up": {"uv": [0, 2, 16, 4], "texture": "#1"},
				"down": {"uv": [0, 2, 16, 4], "texture": "#1"}
			}
		},
		{
			"from": [-0.5, 5, 5],
			"to": [16.5, 7, 7],
			"rotation": {"angle": 0, "axis": "x", "origin": [0, -3, 5]},
			"faces": {
				"north": {"uv": [0, 2, 16, 4], "texture": "#1"},
				"east": {"uv": [0, 2, 2, 4], "texture": "#1", "cullface": "east"},
				"south": {"uv": [0, 2, 16, 4], "texture": "#1"},
				"west": {"uv": [0, 2, 2, 4], "texture": "#1", "cullface": "west"},
				"up": {"uv": [0, 2, 16, 4], "texture": "#1"},
				"down": {"uv": [0, 2, 16, 4], "texture": "#1"}
			}
		},
		{
			"from": [-0.5, 9, 9],
			"to": [16.5, 11, 11],
			"rotation": {"angle": 0, "axis": "x", "origin": [0, -3, 5]},
			"faces": {
				"north": {"uv": [0, 2, 16, 4], "texture": "#1"},
				"east": {"uv": [0, 2, 2, 4], "texture": "#1", "cullface": "east"},
				"south": {"uv": [0, 2, 16, 4], "texture": "#1"},
				"west": {"uv": [0, 2, 2, 4], "texture": "#1", "cullface": "west"},
				"up": {"uv": [0, 2, 16, 4], "texture": "#1"},
				"down": {"uv": [0, 2, 16, 4], "texture": "#1"}
			}
		},
		{
			"from": [-0.5, 13, 13],
			"to": [16.5, 15, 15],
			"rotation": {"angle": 0, "axis": "x", "origin": [0, -2, 2]},
			"faces": {
				"north": {"uv": [0, 2, 16, 4], "texture": "#1"},
				"east": {"uv": [0, 2, 2, 4], "texture": "#1", "cullface": "east"},
				"south": {"uv": [0, 2, 16, 4], "texture": "#1"},
				"west": {"uv": [0, 2, 2, 4], "texture": "#1", "cullface": "west"},
				"up": {"uv": [0, 2, 16, 4], "texture": "#1"},
				"down": {"uv": [0, 2, 16, 4], "texture": "#1"}
			}
		},
		{
			"from": [-0.01, -2, 0],
			"to": [16.01, 14, 2],
			"rotation": {"angle": 45, "axis": "x", "origin": [-0.01, -2, 2], "rescale": true},
			"faces": {
				"north": {"uv": [0, 0, 16, 16], "texture": "#1"},
				"east": {"uv": [0, 0, 2, 16], "texture": "#1"},
				"south": {"uv": [0, 0, 16, 16], "texture": "#1"},
				"west": {"uv": [0, 0, 2, 16], "texture": "#1"},
				"up": {"uv": [0, 0, 16, 2], "texture": "#1"},
				"down": {"uv": [0, 0, 16, 2], "texture": "#1"}
			}
		}
	]
}