{
	"credit": "Made with Blockbench",
	"ambientocclusion": false,
	"textures": {
		"0": "beyondtheveil:blocks/damp_canopy",
		"particle": "beyondtheveil:blocks/damp_canopy"
	},
	"elements": [
		{
			"from": [1.99, -2, 0],
			"to": [16.01, 1, 2],
			"rotation": {"angle": 45, "axis": "x", "origin": [-0.01, -2, 2], "rescale": true},
			"faces": {
				"north": {"uv": [0, 0, 14.02, 3], "texture": "#0"},
				"east": {"uv": [0, 0, 2, 3], "texture": "#0"},
				"south": {"uv": [0, 0, 14.02, 3], "texture": "#0"},
				"west": {"uv": [0, 0, 2, 3], "texture": "#0"},
				"down": {"uv": [0, 0, 14.02, 2], "texture": "#0"}
			}
		},
		{
			"from": [5.99, 1, 0],
			"to": [16.01, 4, 2],
			"rotation": {"angle": 45, "axis": "x", "origin": [-0.01, -2, 2], "rescale": true},
			"faces": {
				"north": {"uv": [0, 0, 10.02, 3], "texture": "#0"},
				"east": {"uv": [0, 0, 2, 3], "texture": "#0"},
				"south": {"uv": [0, 0, 10.02, 3], "texture": "#0"},
				"west": {"uv": [0, 0, 2, 3], "texture": "#0"}
			}
		},
		{
			"from": [8.99, 4, 0],
			"to": [16.01, 7, 2],
			"rotation": {"angle": 45, "axis": "x", "origin": [-0.01, -2, 2], "rescale": true},
			"faces": {
				"north": {"uv": [0, 0, 7.02, 3], "texture": "#0"},
				"east": {"uv": [0, 0, 2, 3], "texture": "#0"},
				"south": {"uv": [0, 0, 7.02, 3], "texture": "#0"},
				"west": {"uv": [0, 0, 2, 3], "texture": "#0"}
			}
		},
		{
			"from": [11.99, 7, 0],
			"to": [16.01, 10, 2],
			"rotation": {"angle": 45, "axis": "x", "origin": [-0.01, -2, 2], "rescale": true},
			"faces": {
				"north": {"uv": [0, 0, 4.02, 3], "texture": "#0"},
				"east": {"uv": [0, 0, 2, 3], "texture": "#0"},
				"south": {"uv": [0, 0, 4.02, 3], "texture": "#0"},
				"west": {"uv": [0, 0, 2, 3], "texture": "#0"}
			}
		},
		{
			"from": [13.99, 10, 0],
			"to": [16.01, 13, 2],
			"rotation": {"angle": 45, "axis": "x", "origin": [-0.01, -2, 2], "rescale": true},
			"faces": {
				"north": {"uv": [0, 0, 2.02, 3], "texture": "#0"},
				"east": {"uv": [0, 0, 2, 3], "texture": "#0"},
				"south": {"uv": [0, 0, 2.02, 3], "texture": "#0"},
				"west": {"uv": [0, 0, 2, 3], "texture": "#0"},
				"up": {"uv": [0, 0, 2.02, 2], "texture": "#0"}
			}
		},
		{
			"from": [13, 13, 13],
			"to": [16.5, 15, 15],
			"rotation": {"angle": 0, "axis": "x", "origin": [0, -2, 2]},
			"faces": {
				"north": {"uv": [0, 2, 3.5, 4], "texture": "#0"},
				"east": {"uv": [0, 2, 2, 4], "texture": "#0"},
				"south": {"uv": [0, 2, 3.5, 4], "texture": "#0"},
				"up": {"uv": [0, 2, 3.5, 4], "texture": "#0"},
				"down": {"uv": [0, 2, 3.5, 4], "texture": "#0"}
			}
		},
		{
			"from": [9, 9, 9],
			"to": [16.5, 11, 11],
			"rotation": {"angle": 0, "axis": "x", "origin": [0, -3, 5]},
			"faces": {
				"north": {"uv": [0, 2, 7.5, 4], "texture": "#0"},
				"east": {"uv": [0, 2, 2, 4], "texture": "#0"},
				"south": {"uv": [0, 2, 7.5, 4], "texture": "#0"},
				"up": {"uv": [0, 2, 7.5, 4], "texture": "#0"},
				"down": {"uv": [0, 2, 7.5, 4], "texture": "#0"}
			}
		},
		{
			"from": [5, 5, 5],
			"to": [16.5, 7, 7],
			"rotation": {"angle": 0, "axis": "x", "origin": [0, -3, 5]},
			"faces": {
				"north": {"uv": [0, 2, 11.5, 4], "texture": "#0"},
				"east": {"uv": [0, 2, 2, 4], "texture": "#0"},
				"south": {"uv": [0, 2, 11.5, 4], "texture": "#0"},
				"up": {"uv": [0, 2, 11.5, 4], "texture": "#0"},
				"down": {"uv": [0, 2, 11.5, 4], "texture": "#0"}
			}
		},
		{
			"from": [1, 1, 1],
			"to": [16.5, 3, 3],
			"rotation": {"angle": 0, "axis": "x", "origin": [0, -3, 5]},
			"faces": {
				"north": {"uv": [0, 2, 15.5, 4], "texture": "#0"},
				"east": {"uv": [0, 2, 2, 4], "texture": "#0"},
				"south": {"uv": [0, 2, 15.5, 4], "texture": "#0"},
				"west": {"uv": [0, 2, 2, 4], "texture": "#0"},
				"up": {"uv": [0, 2, 15.5, 4], "texture": "#0"},
				"down": {"uv": [0, 2, 15.5, 4], "texture": "#0"}
			}
		},
		{
			"from": [-0.01, -2, 1.98],
			"to": [1.99, 1, 16],
			"rotation": {"angle": -45, "axis": "z", "origin": [1.99, -2, 16], "rescale": true},
			"faces": {
				"north": {"uv": [0, 0, 2, 3], "texture": "#0"},
				"east": {"uv": [0, 0, 14.02, 3], "texture": "#0"},
				"south": {"uv": [0, 0, 2, 3], "texture": "#0"},
				"west": {"uv": [0, 0, 14.02, 3], "texture": "#0"},
				"down": {"uv": [0, 0, 14.02, 2], "rotation": 90, "texture": "#0"}
			}
		},
		{
			"from": [-0.01, 1, 5.98],
			"to": [1.99, 4, 16],
			"rotation": {"angle": -45, "axis": "z", "origin": [1.99, -2, 16], "rescale": true},
			"faces": {
				"north": {"uv": [0, 0, 2, 3], "texture": "#0"},
				"east": {"uv": [0, 0, 10.02, 3], "texture": "#0"},
				"south": {"uv": [0, 0, 2, 3], "texture": "#0"},
				"west": {"uv": [0, 0, 10.02, 3], "texture": "#0"}
			}
		},
		{
			"from": [-0.01, 4, 8.98],
			"to": [1.99, 7, 16],
			"rotation": {"angle": -45, "axis": "z", "origin": [1.99, -2, 16], "rescale": true},
			"faces": {
				"north": {"uv": [0, 0, 2, 3], "texture": "#0"},
				"east": {"uv": [0, 0, 7.02, 3], "texture": "#0"},
				"south": {"uv": [0, 0, 2, 3], "texture": "#0"},
				"west": {"uv": [0, 0, 7.02, 3], "texture": "#0"}
			}
		},
		{
			"from": [-0.01, 7, 11.98],
			"to": [1.99, 10, 16],
			"rotation": {"angle": -45, "axis": "z", "origin": [1.99, -2, 16], "rescale": true},
			"faces": {
				"north": {"uv": [0, 0, 2, 3], "texture": "#0"},
				"east": {"uv": [0, 0, 4.02, 3], "texture": "#0"},
				"south": {"uv": [0, 0, 2, 3], "texture": "#0"},
				"west": {"uv": [0, 0, 4.02, 3], "texture": "#0"}
			}
		},
		{
			"from": [-0.01, 10, 13.98],
			"to": [1.99, 13, 16],
			"rotation": {"angle": -45, "axis": "z", "origin": [1.99, -2, 16], "rescale": true},
			"faces": {
				"north": {"uv": [0, 0, 2, 3], "texture": "#0"},
				"east": {"uv": [0, 0, 2.02, 3], "texture": "#0"},
				"south": {"uv": [0, 0, 2, 3], "texture": "#0"},
				"west": {"uv": [0, 0, 2.02, 3], "texture": "#0"},
				"up": {"uv": [0, 0, 2.02, 2], "rotation": 270, "texture": "#0"}
			}
		},
		{
			"from": [12.99, 13, 12.99],
			"to": [14.99, 15.01, 16.49],
			"rotation": {"angle": 0, "axis": "x", "origin": [1.99, -2, 15.99]},
			"faces": {
				"north": {"uv": [0, 2, 2, 4.01], "texture": "#0"},
				"east": {"uv": [0, 2, 3.5, 4.01], "texture": "#0"},
				"south": {"uv": [0, 2, 2, 4.01], "texture": "#0"},
				"west": {"uv": [0, 2, 3.5, 4.01], "texture": "#0"},
				"up": {"uv": [0, 2, 3.5, 4], "rotation": 270, "texture": "#0"},
				"down": {"uv": [0, 2, 3.5, 4], "rotation": 90, "texture": "#0"}
			}
		},
		{
			"from": [8.99, 9, 8.99],
			"to": [10.99, 11.01, 16.49],
			"rotation": {"angle": 0, "axis": "x", "origin": [4.99, -3, 15.99]},
			"faces": {
				"north": {"uv": [0, 2, 2, 4.01], "texture": "#0"},
				"east": {"uv": [0, 2, 7.5, 4.01], "texture": "#0"},
				"south": {"uv": [0, 2, 2, 4.01], "texture": "#0"},
				"west": {"uv": [0, 2, 7.5, 4.01], "texture": "#0"},
				"up": {"uv": [0, 2, 7.5, 4], "rotation": 270, "texture": "#0"},
				"down": {"uv": [0, 2, 7.5, 4], "rotation": 90, "texture": "#0"}
			}
		},
		{
			"from": [4.99, 5, 4.99],
			"to": [6.99, 7.01, 16.49],
			"rotation": {"angle": 0, "axis": "x", "origin": [4.99, -3, 15.99]},
			"faces": {
				"north": {"uv": [0, 2, 2, 4.01], "texture": "#0"},
				"east": {"uv": [0, 2, 11.5, 4.01], "texture": "#0"},
				"south": {"uv": [0, 2, 2, 4.01], "texture": "#0"},
				"west": {"uv": [0, 2, 11.5, 4.01], "texture": "#0"},
				"up": {"uv": [0, 2, 11.5, 4], "rotation": 270, "texture": "#0"},
				"down": {"uv": [0, 2, 11.5, 4], "rotation": 90, "texture": "#0"}
			}
		},
		{
			"from": [0.99, 1, 1.24],
			"to": [2.99, 3.01, 16.49],
			"rotation": {"angle": 0, "axis": "x", "origin": [4.99, -3, 15.99]},
			"faces": {
				"north": {"uv": [0, 2, 2, 4.01], "texture": "#0"},
				"east": {"uv": [0, 2, 15.25, 4.01], "texture": "#0"},
				"south": {"uv": [0, 2, 2, 4.01], "texture": "#0"},
				"west": {"uv": [0, 2, 15.25, 4.01], "texture": "#0"},
				"up": {"uv": [0, 2, 15.25, 4], "rotation": 270, "texture": "#0"},
				"down": {"uv": [0, 2, 15.25, 4], "rotation": 90, "texture": "#0"}
			}
		},
		{
			"from": [0, -2, 0],
			"to": [5, 1, 5],
			"rotation": {"angle": 0, "axis": "y", "origin": [0, -2, 0]},
			"faces": {
				"north": {"uv": [0, 0, 5, 3], "texture": "#0"},
				"east": {"uv": [0, 0, 5, 3], "texture": "#0"},
				"south": {"uv": [0, 0, 5, 3], "texture": "#0"},
				"west": {"uv": [0, 0, 5, 3], "texture": "#0"},
				"up": {"uv": [0, 0, 5, 5], "texture": "#0"},
				"down": {"uv": [0, 0, 5, 5], "texture": "#0"}
			}
		},
		{
			"from": [3, 2, 3],
			"to": [9, 5, 9],
			"rotation": {"angle": 0, "axis": "y", "origin": [0, -2, 0]},
			"faces": {
				"north": {"uv": [0, 0, 6, 3], "texture": "#0"},
				"east": {"uv": [0, 0, 6, 3], "texture": "#0"},
				"south": {"uv": [0, 0, 6, 3], "texture": "#0"},
				"west": {"uv": [0, 0, 6, 3], "texture": "#0"},
				"up": {"uv": [0, 0, 6, 6], "texture": "#0"},
				"down": {"uv": [0, 0, 6, 6], "texture": "#0"}
			}
		},
		{
			"from": [7, 6, 7],
			"to": [12, 9, 12],
			"rotation": {"angle": 0, "axis": "y", "origin": [0, -2, 0]},
			"faces": {
				"north": {"uv": [0, 0, 5, 3], "texture": "#0"},
				"east": {"uv": [0, 0, 5, 3], "texture": "#0"},
				"south": {"uv": [0, 0, 5, 3], "texture": "#0"},
				"west": {"uv": [0, 0, 5, 3], "texture": "#0"},
				"up": {"uv": [0, 0, 5, 5], "texture": "#0"},
				"down": {"uv": [0, 0, 5, 5], "texture": "#0"}
			}
		},
		{
			"from": [11, 10, 11],
			"to": [15, 13, 15],
			"rotation": {"angle": 0, "axis": "y", "origin": [0, -2, 0]},
			"faces": {
				"north": {"uv": [0, 0, 4, 3], "texture": "#0"},
				"east": {"uv": [0, 0, 4, 3], "texture": "#0"},
				"south": {"uv": [0, 0, 4, 3], "texture": "#0"},
				"west": {"uv": [0, 0, 4, 3], "texture": "#0"},
				"up": {"uv": [0, 0, 4, 4], "texture": "#0"},
				"down": {"uv": [0, 0, 4, 4], "texture": "#0"}
			}
		}
	],
	"groups": [
		{
			"name": "damp_canopy",
			"origin": [8, 8, 8],
			"color": 0,
			"children": [0, 1, 2, 3, 4, 5, 6, 7, 8]
		},
		{
			"name": "damp_canopy",
			"origin": [8, 8, 8],
			"color": 0,
			"children": [9, 10, 11, 12, 13, 14, 15, 16, 17]
		},
		18,
		19,
		20,
		21
	]
}