{
	"credit": "Made with Blockbench",
	"textures": {
		"0": "beyondtheveil:blocks/damp_canopy",
		"particle": "beyondtheveil:blocks/damp_canopy"
	},
	"elements": [
		{
			"from": [-0.01, -2, -0.01],
			"to": [16.01, 2, 16.01],
			"rotation": {"angle": 0, "axis": "y", "origin": [-0.01, 0, -0.01]},
			"faces": {
				"north": {"uv": [0, 0, 16, 4], "texture": "#0"},
				"east": {"uv": [0, 0, 16, 4], "texture": "#0"},
				"south": {"uv": [0, 0, 16, 4], "texture": "#0"},
				"west": {"uv": [0, 0, 16, 4], "texture": "#0"},
				"up": {"uv": [0, 0, 16, 16], "texture": "#0"},
				"down": {"uv": [0, 0, 16, 16], "texture": "#0"}
			}
		}
	]
}