{
	"credit": "Made with Blockbench",
	"ambientocclusion":false,
	"textures": {
		"0": "beyondtheveil:blocks/damp_canopy",
		"particle": "beyondtheveil:blocks/damp_canopy"
	},
	"elements": [
		{
			"from": [-0.01, -2, 0],
			"to": [16.01, 14, 2],
			"rotation": {"angle": 45, "axis": "x", "origin": [-0.01, -2, 2], "rescale": true},
			"faces": {
				"north": {"uv": [0, 0, 16, 16], "texture": "#0"},
				"east": {"uv": [0, 0, 2, 16], "texture": "#0"},
				"south": {"uv": [0, 0, 16, 16], "texture": "#0"},
				"west": {"uv": [0, 0, 2, 16], "texture": "#0"},
				"up": {"uv": [0, 0, 16, 2], "texture": "#0"},
				"down": {"uv": [0, 0, 16, 2], "texture": "#0"}
			}
		},
		{
			"from": [-0.5, 13, 13],
			"to": [16.5, 15, 15],
			"rotation": {"angle": 0, "axis": "x", "origin": [0, -2, 2]},
			"faces": {
				"north": {"uv": [0, 2, 16, 4], "texture": "#0"},
				"east": {"uv": [0, 2, 2, 4], "texture": "#0"},
				"south": {"uv": [0, 2, 16, 4], "texture": "#0"},
				"west": {"uv": [0, 2, 2, 4], "texture": "#0"},
				"up": {"uv": [0, 2, 16, 4], "texture": "#0"},
				"down": {"uv": [0, 2, 16, 4], "texture": "#0"}
			}
		},
		{
			"from": [-0.5, 9, 9],
			"to": [16.5, 11, 11],
			"rotation": {"angle": 0, "axis": "x", "origin": [0, -3, 5]},
			"faces": {
				"north": {"uv": [0, 2, 16, 4], "texture": "#0"},
				"east": {"uv": [0, 2, 2, 4], "texture": "#0"},
				"south": {"uv": [0, 2, 16, 4], "texture": "#0"},
				"west": {"uv": [0, 2, 2, 4], "texture": "#0"},
				"up": {"uv": [0, 2, 16, 4], "texture": "#0"},
				"down": {"uv": [0, 2, 16, 4], "texture": "#0"}
			}
		},
		{
			"from": [-0.5, 5, 5],
			"to": [16.5, 7, 7],
			"rotation": {"angle": 0, "axis": "x", "origin": [0, -3, 5]},
			"faces": {
				"north": {"uv": [0, 2, 16, 4], "texture": "#0"},
				"east": {"uv": [0, 2, 2, 4], "texture": "#0"},
				"south": {"uv": [0, 2, 16, 4], "texture": "#0"},
				"west": {"uv": [0, 2, 2, 4], "texture": "#0"},
				"up": {"uv": [0, 2, 16, 4], "texture": "#0"},
				"down": {"uv": [0, 2, 16, 4], "texture": "#0"}
			}
		},
		{
			"from": [-0.5, 1, 1],
			"to": [16.5, 3, 3],
			"rotation": {"angle": 0, "axis": "x", "origin": [0, -3, 5]},
			"faces": {
				"north": {"uv": [0, 2, 16, 4], "texture": "#0"},
				"east": {"uv": [0, 2, 2, 4], "texture": "#0"},
				"south": {"uv": [0, 2, 16, 4], "texture": "#0"},
				"west": {"uv": [0, 2, 2, 4], "texture": "#0"},
				"up": {"uv": [0, 2, 16, 4], "texture": "#0"},
				"down": {"uv": [0, 2, 16, 4], "texture": "#0"}
			}
		}
	]
}