{
	"credit": "Made with Blockbench",
	"ambientocclusion": false,
	"textures": {
		"0": "beyondtheveil:blocks/damp_canopy",
		"particle": "beyondtheveil:blocks/damp_canopy"
	},
	"elements": [
		{
			"from": [0.99, 1, -0.51],
			"to": [2.99, 3, 16.49],
			"rotation": {"angle": 0, "axis": "x", "origin": [4.99, -3, 15.99]},
			"faces": {
				"north": {"uv": [0, 2, 2, 4], "texture": "#0"},
				"east": {"uv": [0, 2, 16, 4], "texture": "#0"},
				"south": {"uv": [0, 2, 2, 4], "texture": "#0"},
				"west": {"uv": [0, 2, 16, 4], "texture": "#0"},
				"up": {"uv": [0, 2, 16, 4], "rotation": 270, "texture": "#0"},
				"down": {"uv": [0, 2, 16, 4], "rotation": 90, "texture": "#0"}
			}
		},
		{
			"from": [-0.01, -2, -0.02],
			"to": [1.99, 14, 16],
			"rotation": {"angle": -45, "axis": "z", "origin": [1.99, -2, 16], "rescale": true},
			"faces": {
				"north": {"uv": [0, 0, 2, 16], "texture": "#0"},
				"east": {"uv": [0, 0, 16, 16], "texture": "#0"},
				"south": {"uv": [0, 0, 2, 16], "texture": "#0"},
				"west": {"uv": [0, 0, 16, 16], "texture": "#0"},
				"up": {"uv": [0, 0, 16, 2], "rotation": 270, "texture": "#0"},
				"down": {"uv": [0, 0, 16, 2], "rotation": 90, "texture": "#0"}
			}
		},
		{
			"from": [12.99, 13, -0.51],
			"to": [14.99, 15, 16.49],
			"rotation": {"angle": 0, "axis": "x", "origin": [1.99, -2, 15.99]},
			"faces": {
				"north": {"uv": [0, 2, 2, 4], "texture": "#0"},
				"east": {"uv": [0, 2, 16, 4], "texture": "#0"},
				"south": {"uv": [0, 2, 2, 4], "texture": "#0"},
				"west": {"uv": [0, 2, 16, 4], "texture": "#0"},
				"up": {"uv": [0, 2, 16, 4], "rotation": 270, "texture": "#0"},
				"down": {"uv": [0, 2, 16, 4], "rotation": 90, "texture": "#0"}
			}
		},
		{
			"from": [8.99, 9, -0.51],
			"to": [10.99, 11, 16.49],
			"rotation": {"angle": 0, "axis": "x", "origin": [4.99, -3, 15.99]},
			"faces": {
				"north": {"uv": [0, 2, 2, 4], "texture": "#0"},
				"east": {"uv": [0, 2, 16, 4], "texture": "#0"},
				"south": {"uv": [0, 2, 2, 4], "texture": "#0"},
				"west": {"uv": [0, 2, 16, 4], "texture": "#0"},
				"up": {"uv": [0, 2, 16, 4], "rotation": 270, "texture": "#0"},
				"down": {"uv": [0, 2, 16, 4], "rotation": 90, "texture": "#0"}
			}
		},
		{
			"from": [4.99, 5, -0.51],
			"to": [6.99, 7, 16.49],
			"rotation": {"angle": 0, "axis": "x", "origin": [4.99, -3, 15.99]},
			"faces": {
				"north": {"uv": [0, 2, 2, 4], "texture": "#0"},
				"east": {"uv": [0, 2, 16, 4], "texture": "#0"},
				"south": {"uv": [0, 2, 2, 4], "texture": "#0"},
				"west": {"uv": [0, 2, 16, 4], "texture": "#0"},
				"up": {"uv": [0, 2, 16, 4], "rotation": 270, "texture": "#0"},
				"down": {"uv": [0, 2, 16, 4], "rotation": 90, "texture": "#0"}
			}
		},
		{
			"from": [-0.51, 1, 0.99],
			"to": [16.49, 3.01, 2.99],
			"rotation": {"angle": 0, "axis": "x", "origin": [-0.01, -3, 4.99]},
			"faces": {
				"north": {"uv": [0, 2, 16, 4], "texture": "#0"},
				"east": {"uv": [0, 2, 2, 4], "texture": "#0"},
				"south": {"uv": [0, 2, 16, 4], "texture": "#0"},
				"west": {"uv": [0, 2, 2, 4], "texture": "#0"},
				"up": {"uv": [0, 2, 16, 4], "texture": "#0"},
				"down": {"uv": [0, 2, 16, 4], "texture": "#0"}
			}
		},
		{
			"from": [-0.02, -2, -0.01],
			"to": [16, 14, 1.99],
			"rotation": {"angle": 45, "axis": "x", "origin": [-0.02, -2, 1.99], "rescale": true},
			"faces": {
				"north": {"uv": [0, 0, 16, 16], "texture": "#0"},
				"east": {"uv": [0, 0, 2, 16], "texture": "#0"},
				"south": {"uv": [0, 0, 16, 16], "texture": "#0"},
				"west": {"uv": [0, 0, 2, 16], "texture": "#0"},
				"up": {"uv": [0, 0, 16, 2], "texture": "#0"},
				"down": {"uv": [0, 0, 16, 2], "texture": "#0"}
			}
		},
		{
			"from": [-0.51, 13, 12.99],
			"to": [16.49, 15.01, 14.99],
			"rotation": {"angle": 0, "axis": "x", "origin": [-0.01, -2, 1.99]},
			"faces": {
				"north": {"uv": [0, 2, 16, 4], "texture": "#0"},
				"east": {"uv": [0, 2, 2, 4], "texture": "#0"},
				"south": {"uv": [0, 2, 16, 4], "texture": "#0"},
				"west": {"uv": [0, 2, 2, 4], "texture": "#0"},
				"up": {"uv": [0, 2, 16, 4], "texture": "#0"},
				"down": {"uv": [0, 2, 16, 4], "texture": "#0"}
			}
		},
		{
			"from": [-0.51, 9, 8.99],
			"to": [16.49, 11.01, 10.99],
			"rotation": {"angle": 0, "axis": "x", "origin": [-0.01, -3, 4.99]},
			"faces": {
				"north": {"uv": [0, 2, 16, 4], "texture": "#0"},
				"east": {"uv": [0, 2, 2, 4], "texture": "#0"},
				"south": {"uv": [0, 2, 16, 4], "texture": "#0"},
				"west": {"uv": [0, 2, 2, 4], "texture": "#0"},
				"up": {"uv": [0, 2, 16, 4], "texture": "#0"},
				"down": {"uv": [0, 2, 16, 4], "texture": "#0"}
			}
		},
		{
			"from": [-0.51, 5, 4.99],
			"to": [16.49, 7.01, 6.99],
			"rotation": {"angle": 0, "axis": "x", "origin": [-0.01, -3, 4.99]},
			"faces": {
				"north": {"uv": [0, 2, 16, 4], "texture": "#0"},
				"east": {"uv": [0, 2, 2, 4], "texture": "#0"},
				"south": {"uv": [0, 2, 16, 4], "texture": "#0"},
				"west": {"uv": [0, 2, 2, 4], "texture": "#0"},
				"up": {"uv": [0, 2, 16, 4], "texture": "#0"},
				"down": {"uv": [0, 2, 16, 4], "texture": "#0"}
			}
		}
	],
	"groups": [
		{
			"name": "group",
			"origin": [0, -3, 5],
			"color": 0,
			"children": [0, 1, 2, 3, 4]
		},
		{
			"name": "group",
			"origin": [0, -3, 5],
			"color": 0,
			"children": [5, 6, 7, 8, 9]
		}
	]
}