{
	"credit": "Made with Blockbench",
	"textures": {
		"0": "minecraft:blocks/quartz_block_bottom",
		"1": "minecraft:blocks/quartz_block_chiseled_top",
		"2": "beyondtheveil:blocks/dream_focus_airways",
		"particle": "minecraft:blocks/quartz_block_bottom"
	},
	"elements": [
		{
			"from": [0, 0, 0],
			"to": [16, 1, 16],
			"faces": {
				"north": {"uv": [0, 0, 16, 1], "texture": "#0"},
				"east": {"uv": [0, 0, 16, 1], "texture": "#0"},
				"south": {"uv": [0, 0, 16, 1], "texture": "#0"},
				"west": {"uv": [0, 0, 16, 1], "texture": "#0"},
				"up": {"uv": [0, 0, 16, 16], "texture": "#1"},
				"down": {"uv": [0, 0, 16, 16], "texture": "#0"}
			}
		},
		{
			"from": [15, 1, 0],
			"to": [16, 14, 1],
			"faces": {
				"north": {"uv": [15, 0, 16, 13], "texture": "#0"},
				"east": {"uv": [1, 3, 2, 16], "texture": "#0"},
				"south": {"uv": [4, 3, 5, 16], "texture": "#0"},
				"west": {"uv": [10, 0, 11, 13], "texture": "#0"},
				"up": {"uv": [0, 12, 1, 13], "texture": "#0"},
				"down": {"uv": [0, 0, 1, 1], "texture": "#0"}
			}
		},
		{
			"from": [0, 1, 0],
			"to": [1, 14, 1],
			"faces": {
				"north": {"uv": [9, 1, 10, 14], "texture": "#0"},
				"east": {"uv": [4, 3, 5, 16], "texture": "#0"},
				"south": {"uv": [4, 3, 5, 16], "texture": "#0"},
				"west": {"uv": [8, 0, 9, 13], "texture": "#0"},
				"up": {"uv": [0, 12, 1, 13], "texture": "#0"},
				"down": {"uv": [0, 0, 1, 1], "texture": "#0"}
			}
		},
		{
			"from": [0, 1, 15],
			"to": [1, 14, 16],
			"faces": {
				"north": {"uv": [7, 0, 8, 13], "texture": "#0"},
				"east": {"uv": [0, 0, 1, 13], "texture": "#0"},
				"south": {"uv": [1, 2, 2, 15], "texture": "#0"},
				"west": {"uv": [2, 2, 3, 15], "texture": "#0"},
				"up": {"uv": [0, 12, 1, 13], "texture": "#0"},
				"down": {"uv": [0, 0, 1, 1], "texture": "#0"}
			}
		},
		{
			"from": [15, 1, 15],
			"to": [16, 14, 16],
			"faces": {
				"north": {"uv": [0, 0, 1, 13], "texture": "#0"},
				"east": {"uv": [5, 3, 6, 16], "texture": "#0"},
				"south": {"uv": [7, 3, 8, 16], "texture": "#0"},
				"west": {"uv": [15, 0, 16, 13], "texture": "#0"},
				"up": {"uv": [0, 12, 1, 13], "texture": "#0"},
				"down": {"uv": [0, 0, 1, 1], "texture": "#0"}
			}
		},
		{
			"from": [6, 1, 6],
			"to": [10, 14, 10],
			"faces": {
				"north": {"uv": [0, 0, 4, 13], "texture": "#0"},
				"east": {"uv": [12, 2, 16, 15], "texture": "#0"},
				"south": {"uv": [8, 2, 12, 15], "texture": "#0"},
				"west": {"uv": [3, 3, 7, 16], "texture": "#0"},
				"up": {"uv": [5, 7, 9, 11], "texture": "#0"},
				"down": {"uv": [2, 10, 6, 14], "texture": "#0"}
			}
		},
		{
			"from": [0, 14, 0],
			"to": [16, 15, 16],
			"faces": {
				"north": {"uv": [0, 0, 16, 1], "texture": "#0"},
				"east": {"uv": [0, 4, 16, 5], "texture": "#0"},
				"south": {"uv": [0, 1, 16, 2], "texture": "#0"},
				"west": {"uv": [0, 2, 16, 3], "texture": "#0"},
				"up": {"uv": [0, 0, 16, 16], "texture": "#0"},
				"down": {"uv": [0, 0, 16, 16], "texture": "#1"}
			}
		},
		{
			"from": [7, 7, 1],
			"to": [9, 9, 6],
			"faces": {
				"north": {"uv": [8, 9, 10, 11], "texture": "#0"},
				"east": {"uv": [6, 7, 11, 9], "texture": "#0"},
				"south": {"uv": [9, 12, 11, 14], "texture": "#0"},
				"west": {"uv": [2, 1, 7, 3], "texture": "#0"},
				"up": {"uv": [10, 8, 12, 13], "texture": "#0"},
				"down": {"uv": [6, 5, 8, 10], "texture": "#0"}
			}
		},
		{
			"from": [6, 6, 10],
			"to": [10, 10, 15],
			"faces": {
				"north": {"uv": [9, 11, 13, 15], "texture": "#0"},
				"east": {"uv": [8, 10, 13, 14], "texture": "#0"},
				"south": {"uv": [5, 9, 9, 13], "texture": "#0"},
				"west": {"uv": [5, 7, 10, 11], "texture": "#0"},
				"up": {"uv": [7, 11, 11, 16], "texture": "#0"},
				"down": {"uv": [3, 11, 7, 16], "texture": "#0"}
			}
		},
		{
			"from": [3, 3, 15],
			"to": [13, 13, 16],
			"faces": {
				"north": {"uv": [0, 0, 10, 10], "texture": "#0"},
				"east": {"uv": [9, 0, 10, 10], "texture": "#0"},
				"south": {"uv": [6, 0, 16, 10], "texture": "#2"},
				"west": {"uv": [6, 0, 7, 10], "texture": "#0"},
				"up": {"uv": [0, 0, 10, 1], "texture": "#0"},
				"down": {"uv": [0, 6, 10, 7], "texture": "#0"}
			}
		},
		{
			"from": [5, 5, 0],
			"to": [11, 11, 1],
			"faces": {
				"north": {"uv": [0, 0, 6, 6], "texture": "#2"},
				"east": {"uv": [6, 5, 7, 11], "texture": "#0"},
				"south": {"uv": [0, 0, 6, 6], "texture": "#0"},
				"west": {"uv": [6, 3, 7, 9], "texture": "#0"},
				"up": {"uv": [9, 7, 15, 8], "texture": "#0"},
				"down": {"uv": [0, 8, 6, 9], "texture": "#0"}
			}
		},
		{
			"from": [0, 15, 0],
			"to": [16, 16, 1],
			"faces": {
				"north": {"uv": [0, 0, 16, 1], "texture": "#0"},
				"east": {"uv": [0, 0, 1, 1], "texture": "#0"},
				"south": {"uv": [0, 2, 16, 3], "texture": "#0"},
				"west": {"uv": [0, 0, 1, 1], "texture": "#0"},
				"up": {"uv": [0, 4, 16, 5], "texture": "#0"},
				"down": {"uv": [0, 8, 16, 9], "texture": "#0"}
			}
		},
		{
			"from": [0, 15, 15],
			"to": [16, 16, 16],
			"faces": {
				"north": {"uv": [0, 0, 16, 1], "texture": "#0"},
				"east": {"uv": [0, 0, 1, 1], "texture": "#0"},
				"south": {"uv": [0, 2, 16, 3], "texture": "#0"},
				"west": {"uv": [0, 0, 1, 1], "texture": "#0"},
				"up": {"uv": [0, 4, 16, 5], "texture": "#0"},
				"down": {"uv": [0, 8, 16, 9], "texture": "#0"}
			}
		},
		{
			"from": [0, 15, 1],
			"to": [1, 16, 15],
			"faces": {
				"north": {"uv": [0, 0, 1, 1], "texture": "#0"},
				"east": {"uv": [2, 4, 16, 5], "texture": "#0"},
				"south": {"uv": [0, 0, 1, 1], "texture": "#0"},
				"west": {"uv": [0, 0, 14, 1], "texture": "#0"},
				"up": {"uv": [10, 0, 11, 14], "texture": "#0"},
				"down": {"uv": [13, 2, 14, 16], "texture": "#0"}
			}
		},
		{
			"from": [15, 15, 1],
			"to": [16, 16, 15],
			"faces": {
				"north": {"uv": [0, 0, 1, 1], "texture": "#0"},
				"east": {"uv": [2, 4, 16, 5], "texture": "#0"},
				"south": {"uv": [0, 0, 1, 1], "texture": "#0"},
				"west": {"uv": [0, 0, 14, 1], "texture": "#0"},
				"up": {"uv": [10, 0, 11, 14], "texture": "#0"},
				"down": {"uv": [13, 2, 14, 16], "texture": "#0"}
			}
		}
	]
}