{
	"credit": "Made with Blockbench",
	"textures": {
		"0": "minecraft:blocks/water_still",
		"1": "minecraft:blocks/quartz_block_side",
		"2": "beyondtheveil:blocks/dream_focus_fluid_side",
		"3": "beyondtheveil:blocks/dream_focus_airways",
		"particle": "minecraft:blocks/quartz_block_side"
	},
	"elements": [
		{
			"from": [1, 1, 2],
			"to": [2, 15, 14],
			"faces": {
				"north": {"uv": [5, 2, 6, 16], "texture": "#1"},
				"east": {"uv": [3, 1, 15, 15], "texture": "#1"},
				"south": {"uv": [4, 0, 5, 14], "texture": "#1"},
				"west": {"uv": [2.5, 0, 14.5, 14], "texture": "#0"},
				"up": {"uv": [0, 0, 1, 12], "texture": "#1"},
				"down": {"uv": [8, 1, 9, 13], "texture": "#1"}
			}
		},
		{
			"from": [14, 1, 2],
			"to": [15, 15, 14],
			"faces": {
				"north": {"uv": [4, 2, 5, 16], "texture": "#1"},
				"east": {"uv": [2, 2, 14, 16], "texture": "#0"},
				"south": {"uv": [2, 0, 3, 14], "texture": "#1"},
				"west": {"uv": [2, 1, 16, 15], "texture": "#1"},
				"up": {"uv": [6, 0, 7, 14], "texture": "#1"},
				"down": {"uv": [0, 0, 1, 14], "texture": "#1"}
			}
		},
		{
			"from": [1, 1, 1],
			"to": [15, 15, 2],
			"faces": {
				"north": {"uv": [0, 2, 14, 16], "texture": "#0"},
				"east": {"uv": [14, 2, 15, 16], "texture": "#0"},
				"south": {"uv": [0, 0, 14, 14], "texture": "#1"},
				"west": {"uv": [1.5, 0, 2.5, 14], "texture": "#0"},
				"up": {"uv": [0, 0, 14, 1], "texture": "#1"},
				"down": {"uv": [1, 5, 15, 6], "texture": "#1"}
			}
		},
		{
			"from": [1, 1, 14],
			"to": [15, 15, 15],
			"faces": {
				"north": {"uv": [2, 1, 16, 15], "texture": "#1"},
				"east": {"uv": [1, 2, 2, 16], "texture": "#0"},
				"south": {"uv": [2, 2, 16, 16], "texture": "#0"},
				"west": {"uv": [14.5, 0, 15.5, 14], "texture": "#0"},
				"up": {"uv": [0, 0, 14, 1], "texture": "#1"},
				"down": {"uv": [2, 2, 16, 3], "texture": "#1"}
			}
		},
		{
			"from": [5, 0, 5],
			"to": [11, 1, 11],
			"faces": {
				"north": {"uv": [3, 9, 9, 10], "texture": "#1"},
				"east": {"uv": [4, 4, 10, 5], "texture": "#1"},
				"south": {"uv": [1, 4, 7, 5], "texture": "#1"},
				"west": {"uv": [4, 6, 10, 7], "texture": "#1"},
				"up": {"uv": [2, 5, 8, 11], "texture": "#1"},
				"down": {"uv": [0, 0, 6, 6], "texture": "#3"}
			}
		},
		{
			"from": [3, 15, 3],
			"to": [13, 16, 13],
			"faces": {
				"north": {"uv": [4, 12, 14, 13], "texture": "#1"},
				"east": {"uv": [3, 1, 13, 2], "texture": "#1"},
				"south": {"uv": [0, 8, 10, 9], "texture": "#1"},
				"west": {"uv": [3, 6, 13, 7], "texture": "#1"},
				"up": {"uv": [6, 0, 16, 10], "texture": "#3"},
				"down": {"uv": [4, 1, 14, 11], "texture": "#1"}
			}
		},
		{
			"from": [6, 1, 6],
			"to": [10, 15, 10],
			"faces": {
				"north": {"uv": [6, 2, 10, 16], "texture": "#1"},
				"east": {"uv": [11, 1, 15, 15], "texture": "#1"},
				"south": {"uv": [4, 0, 8, 14], "texture": "#1"},
				"west": {"uv": [0, 0, 4, 14], "texture": "#1"},
				"up": {"uv": [7, 5, 11, 9], "texture": "#1"},
				"down": {"uv": [7, 11, 11, 15], "texture": "#1"}
			}
		},
		{
			"from": [2, 7, 7],
			"to": [6, 9, 9],
			"faces": {
				"north": {"uv": [5, 8, 9, 10], "texture": "#1"},
				"east": {"uv": [7, 6, 9, 8], "texture": "#1"},
				"south": {"uv": [3, 8, 7, 10], "texture": "#1"},
				"west": {"uv": [7, 6, 9, 8], "texture": "#1"},
				"up": {"uv": [6, 2, 10, 4], "texture": "#1"},
				"down": {"uv": [10, 8, 14, 10], "texture": "#1"}
			}
		},
		{
			"from": [10, 7, 7],
			"to": [14, 9, 9],
			"faces": {
				"north": {"uv": [2, 6, 6, 8], "texture": "#1"},
				"east": {"uv": [4, 6, 6, 8], "texture": "#1"},
				"south": {"uv": [2, 9, 6, 11], "texture": "#1"},
				"west": {"uv": [3, 2, 5, 4], "texture": "#1"},
				"up": {"uv": [6, 10, 10, 12], "texture": "#1"},
				"down": {"uv": [6, 5, 10, 7], "texture": "#1"}
			}
		},
		{
			"from": [7, 7, 2],
			"to": [9, 9, 6],
			"faces": {
				"north": {"uv": [9, 7, 11, 9], "texture": "#1"},
				"east": {"uv": [5, 6, 9, 8], "texture": "#1"},
				"south": {"uv": [6, 6, 8, 8], "texture": "#1"},
				"west": {"uv": [4, 8, 8, 10], "texture": "#1"},
				"up": {"uv": [5, 2, 7, 6], "texture": "#1"},
				"down": {"uv": [7, 3, 9, 7], "texture": "#1"}
			}
		},
		{
			"from": [7, 7, 10],
			"to": [9, 9, 14],
			"faces": {
				"north": {"uv": [0, 0, 2, 2], "texture": "#1"},
				"east": {"uv": [8, 7, 12, 9], "texture": "#1"},
				"south": {"uv": [5, 3, 7, 5], "texture": "#1"},
				"west": {"uv": [5, 4, 9, 6], "texture": "#1"},
				"up": {"uv": [0, 0, 2, 4], "texture": "#1"},
				"down": {"uv": [6, 9, 8, 13], "texture": "#1"}
			}
		},
		{
			"from": [0, 0, 0],
			"to": [1, 16, 1],
			"faces": {
				"north": {"uv": [15, 0, 16, 16], "texture": "#2"},
				"east": {"uv": [0, 0, 1, 16], "texture": "#2"},
				"south": {"uv": [0, 0, 1, 16], "texture": "#2"},
				"west": {"uv": [0, 0, 1, 16], "texture": "#2"},
				"up": {"uv": [0, 0, 1, 1], "texture": "#2"},
				"down": {"uv": [0, 0, 1, 1], "texture": "#2"}
			}
		},
		{
			"from": [0, 0, 15],
			"to": [1, 16, 16],
			"faces": {
				"north": {"uv": [0, 0, 1, 16], "texture": "#2"},
				"east": {"uv": [0, 0, 1, 16], "texture": "#2"},
				"south": {"uv": [0, 0, 1, 16], "texture": "#2"},
				"west": {"uv": [15, 0, 16, 16], "texture": "#2"},
				"up": {"uv": [0, 0, 1, 1], "texture": "#2"},
				"down": {"uv": [0, 0, 1, 1], "texture": "#2"}
			}
		},
		{
			"from": [15, 0, 0],
			"to": [16, 16, 1],
			"faces": {
				"north": {"uv": [0, 0, 1, 16], "texture": "#2"},
				"east": {"uv": [0, 0, 1, 16], "texture": "#2"},
				"south": {"uv": [0, 0, 1, 16], "texture": "#2"},
				"west": {"uv": [15, 0, 16, 16], "texture": "#2"},
				"up": {"uv": [0, 0, 1, 1], "texture": "#2"},
				"down": {"uv": [0, 0, 1, 1], "texture": "#2"}
			}
		},
		{
			"from": [15, 0, 15],
			"to": [16, 16, 16],
			"faces": {
				"north": {"uv": [0, 0, 1, 16], "texture": "#2"},
				"east": {"uv": [0, 0, 1, 16], "texture": "#2"},
				"south": {"uv": [15, 0, 16, 16], "texture": "#2"},
				"west": {"uv": [0, 0, 1, 16], "texture": "#2"},
				"up": {"uv": [0, 0, 1, 1], "texture": "#2"},
				"down": {"uv": [0, 0, 1, 1], "texture": "#2"}
			}
		},
		{
			"from": [1, 0, 0],
			"to": [15, 1, 1],
			"faces": {
				"north": {"uv": [1, 15, 15, 16], "texture": "#2"},
				"east": {"uv": [0, 0, 1, 1], "texture": "#2"},
				"south": {"uv": [1, 0, 15, 1], "texture": "#2"},
				"west": {"uv": [0, 0, 1, 1], "texture": "#2"},
				"up": {"uv": [1, 0, 15, 1], "texture": "#2"},
				"down": {"uv": [1, 15, 15, 16], "texture": "#2"}
			}
		},
		{
			"from": [1, 15, 0],
			"to": [15, 16, 1],
			"faces": {
				"north": {"uv": [1, 15, 15, 16], "texture": "#2"},
				"east": {"uv": [0, 0, 1, 1], "texture": "#2"},
				"south": {"uv": [1, 0, 15, 1], "texture": "#2"},
				"west": {"uv": [0, 0, 1, 1], "texture": "#2"},
				"up": {"uv": [1, 0, 15, 1], "texture": "#2"},
				"down": {"uv": [1, 15, 15, 16], "texture": "#2"}
			}
		},
		{
			"from": [1, 15, 15],
			"to": [15, 16, 16],
			"faces": {
				"north": {"uv": [1, 15, 15, 16], "texture": "#2"},
				"east": {"uv": [0, 0, 1, 1], "texture": "#2"},
				"south": {"uv": [1, 0, 15, 1], "texture": "#2"},
				"west": {"uv": [0, 0, 1, 1], "texture": "#2"},
				"up": {"uv": [1, 0, 15, 1], "texture": "#2"},
				"down": {"uv": [1, 15, 15, 16], "texture": "#2"}
			}
		},
		{
			"from": [1, 0, 15],
			"to": [15, 1, 16],
			"faces": {
				"north": {"uv": [1, 15, 15, 16], "texture": "#2"},
				"east": {"uv": [0, 0, 1, 1], "texture": "#2"},
				"south": {"uv": [1, 0, 15, 1], "texture": "#2"},
				"west": {"uv": [0, 0, 1, 1], "texture": "#2"},
				"up": {"uv": [1, 0, 15, 1], "texture": "#2"},
				"down": {"uv": [1, 15, 15, 16], "texture": "#2"}
			}
		},
		{
			"from": [0, 0, 1],
			"to": [1, 1, 15],
			"faces": {
				"north": {"uv": [0, 0, 1, 1], "texture": "#2"},
				"east": {"uv": [1, 15, 15, 16], "texture": "#2"},
				"south": {"uv": [0, 0, 1, 1], "texture": "#2"},
				"west": {"uv": [1, 0, 15, 1], "texture": "#2"},
				"up": {"uv": [0, 1, 1, 15], "texture": "#2"},
				"down": {"uv": [15, 1, 16, 15], "texture": "#2"}
			}
		},
		{
			"from": [0, 15, 1],
			"to": [1, 16, 15],
			"faces": {
				"north": {"uv": [0, 0, 1, 1], "texture": "#2"},
				"east": {"uv": [1, 15, 15, 16], "texture": "#2"},
				"south": {"uv": [0, 0, 1, 1], "texture": "#2"},
				"west": {"uv": [1, 0, 15, 1], "texture": "#2"},
				"up": {"uv": [0, 1, 1, 15], "texture": "#2"},
				"down": {"uv": [15, 1, 16, 15], "texture": "#2"}
			}
		},
		{
			"from": [15, 15, 1],
			"to": [16, 16, 15],
			"faces": {
				"north": {"uv": [0, 0, 1, 1], "texture": "#2"},
				"east": {"uv": [1, 15, 15, 16], "texture": "#2"},
				"south": {"uv": [0, 0, 1, 1], "texture": "#2"},
				"west": {"uv": [1, 0, 15, 1], "texture": "#2"},
				"up": {"uv": [0, 1, 1, 15], "texture": "#2"},
				"down": {"uv": [15, 1, 16, 15], "texture": "#2"}
			}
		},
		{
			"from": [15, 0, 1],
			"to": [16, 1, 15],
			"faces": {
				"north": {"uv": [0, 0, 1, 1], "texture": "#2"},
				"east": {"uv": [1, 15, 15, 16], "texture": "#2"},
				"south": {"uv": [0, 0, 1, 1], "texture": "#2"},
				"west": {"uv": [1, 0, 15, 1], "texture": "#2"},
				"up": {"uv": [0, 1, 1, 15], "texture": "#2"},
				"down": {"uv": [15, 1, 16, 15], "texture": "#2"}
			}
		}
	]
}