{
	"credit": "Made with Blockbench",
	"textures": {
		"0": "minecraft:blocks/water_still",
		"1": "minecraft:blocks/quartz_block_side",
		"2": "beyondtheveil:blocks/dream_focus_fluid_side",
		"3": "beyondtheveil:blocks/dream_focus_airways",
		"particle": "minecraft:blocks/quartz_block_side"
	},
	"elements": [
		{
			"from": [0, 1, 1],
			"to": [1, 15, 15],
			"faces": {
				"north": {"uv": [12, 1, 13, 15], "texture": "#2"},
				"east": {"uv": [1, 1, 15, 15], "texture": "#2"},
				"south": {"uv": [5, 1, 6, 15], "texture": "#2"},
				"west": {"uv": [1, 1, 15, 15], "texture": "#2"},
				"up": {"uv": [0, 1, 1, 15], "texture": "#2"},
				"down": {"uv": [15, 1, 16, 15], "texture": "#2"}
			}
		},
		{
			"from": [15, 1, 1],
			"to": [16, 15, 15],
			"faces": {
				"north": {"uv": [11, 1, 12, 15], "texture": "#2"},
				"east": {"uv": [1, 1, 15, 15], "texture": "#2"},
				"south": {"uv": [4, 1, 5, 15], "texture": "#2"},
				"west": {"uv": [1, 1, 15, 15], "texture": "#2"},
				"up": {"uv": [0, 1, 1, 15], "texture": "#2"},
				"down": {"uv": [15, 1, 16, 15], "texture": "#2"}
			}
		},
		{
			"from": [1, 1, 0],
			"to": [15, 15, 1],
			"faces": {
				"north": {"uv": [1, 1, 15, 15], "texture": "#2"},
				"east": {"uv": [4, 1, 5, 15], "texture": "#2"},
				"south": {"uv": [1, 1, 15, 15], "texture": "#2"},
				"west": {"uv": [6, 1, 7, 15], "texture": "#2"},
				"up": {"uv": [1, 15, 15, 16], "texture": "#2"},
				"down": {"uv": [1, 0, 15, 1], "texture": "#2"}
			}
		},
		{
			"from": [1, 1, 15],
			"to": [15, 15, 16],
			"faces": {
				"north": {"uv": [1, 1, 15, 15], "texture": "#2"},
				"east": {"uv": [4, 1, 5, 15], "texture": "#2"},
				"south": {"uv": [1, 1, 15, 15], "texture": "#2"},
				"west": {"uv": [7, 1, 8, 15], "texture": "#2"},
				"up": {"uv": [1, 15, 15, 16], "texture": "#2"},
				"down": {"uv": [1, 0, 15, 1], "texture": "#2"}
			}
		}
	]
}