{
	"credit": "Made with Blockbench",
	"textures": {
		"0": "minecraft:blocks/water_still",
		"particle": "minecraft:blocks/water_still"
	},
	"elements": [
		{
			"from": [1, 16, 1],
			"to": [15, 16, 15],
			"faces": {
				"north": {"uv": [0, 0, 14, 0], "texture": "#0"},
				"east": {"uv": [0, 0, 14, 0], "texture": "#0"},
				"south": {"uv": [0, 0, 14, 0], "texture": "#0"},
				"west": {"uv": [0, 0, 14, 0], "texture": "#0"},
				"up": {"uv": [0, 0, 14, 14], "texture": "#0"},
				"down": {"uv": [0, 0, 14, 14], "texture": "#0"}
			}
		}
	]
}