{
	"credit": "Made with Blockbench",
	"textures": {
		"0": "beyondtheveil:blocks/dream_focus_fluid_side",
		"1": "minecraft:blocks/water_still",
		"2": "minecraft:blocks/quartz_block_chiseled",
		"3": "beyondtheveil:blocks/dream_focus_villagers_top",
		"particle": "beyondtheveil:blocks/dream_focus_fluid_side"
	},
	"elements": [
		{
			"from": [0, 0, 0],
			"to": [16, 1, 1],
			"faces": {
				"north": {"uv": [0, 15, 16, 16], "texture": "#2"},
				"east": {"uv": [15, 15, 16, 16], "texture": "#2"},
				"south": {"uv": [0, 0, 16, 1], "texture": "#2"},
				"west": {"uv": [0, 15, 1, 16], "texture": "#2"},
				"up": {"uv": [0, 0, 16, 1], "texture": "#2"},
				"down": {"uv": [0, 15, 16, 16], "texture": "#0"}
			}
		},
		{
			"from": [0, 0, 15],
			"to": [16, 1, 16],
			"faces": {
				"north": {"uv": [0, 0, 16, 1], "texture": "#2"},
				"east": {"uv": [0, 15, 1, 16], "texture": "#2"},
				"south": {"uv": [0, 15, 16, 16], "texture": "#2"},
				"west": {"uv": [15, 15, 16, 16], "texture": "#2"},
				"up": {"uv": [0, 0, 16, 1], "texture": "#2"},
				"down": {"uv": [0, 0, 16, 1], "texture": "#0"}
			}
		},
		{
			"from": [0, 0, 1],
			"to": [1, 1, 15],
			"faces": {
				"north": {"uv": [0, 0, 1, 1], "texture": "#2"},
				"east": {"uv": [1, 0, 15, 1], "texture": "#2"},
				"south": {"uv": [0, 0, 1, 1], "texture": "#2"},
				"west": {"uv": [1, 15, 15, 16], "texture": "#2"},
				"up": {"uv": [0, 0, 1, 14], "texture": "#2"},
				"down": {"uv": [0, 1, 1, 15], "texture": "#0"}
			}
		},
		{
			"from": [15, 0, 1],
			"to": [16, 1, 15],
			"faces": {
				"north": {"uv": [0, 0, 1, 1], "texture": "#2"},
				"east": {"uv": [1, 15, 15, 16], "texture": "#2"},
				"south": {"uv": [0, 0, 1, 1], "texture": "#2"},
				"west": {"uv": [1, 0, 15, 1], "texture": "#2"},
				"up": {"uv": [0, 1, 1, 15], "texture": "#2"},
				"down": {"uv": [15, 1, 16, 15], "texture": "#0"}
			}
		},
		{
			"from": [0, 2, 0],
			"to": [16, 16, 16],
			"faces": {
				"north": {"uv": [0, 1, 16, 15], "texture": "#2"},
				"east": {"uv": [0, 1, 16, 15], "texture": "#2"},
				"south": {"uv": [0, 1, 16, 15], "texture": "#2"},
				"west": {"uv": [0, 1, 16, 15], "texture": "#2"},
				"up": {"uv": [0, 0, 16, 16], "texture": "#3"},
				"down": {"uv": [0, 0, 16, 16], "texture": "#2"}
			}
		},
		{
			"from": [1, 1, 1],
			"to": [15, 2, 15],
			"faces": {
				"north": {"uv": [0, 0, 14, 0], "texture": "#0"},
				"east": {"uv": [0, 0, 14, 0], "texture": "#0"},
				"south": {"uv": [0, 0, 14, 0], "texture": "#0"},
				"west": {"uv": [0, 0, 14, 0], "texture": "#0"},
				"up": {"uv": [1, 1, 15, 15], "texture": "#2"},
				"down": {"uv": [1, 1, 15, 15], "texture": "#1"}
			}
		}
	]
}