{
	"credit": "Made with Blockbench",
	"textures": {
		"0": "beyondtheveil:blocks/dream_focus_fluid_side",
		"1": "minecraft:blocks/water_still",
		"2": "minecraft:blocks/quartz_block_chiseled",
		"3": "beyondtheveil:blocks/dream_focus_villagers_top",
		"particle": "beyondtheveil:blocks/dream_focus_fluid_side"
	},
	"elements": [
		{
			"from": [1, 0, 1],
			"to": [15, 1, 15],
			"faces": {
				"north": {"uv": [1, 1, 15, 2], "texture": "#0"},
				"east": {"uv": [1, 1, 15, 2], "texture": "#0"},
				"south": {"uv": [1, 2, 15, 3], "texture": "#0"},
				"west": {"uv": [1, 1, 15, 2], "texture": "#0"},
				"up": {"uv": [1, 1, 15, 15], "texture": "#0"},
				"down": {"uv": [1, 1, 15, 15], "texture": "#0"}
			}
		}
	]
}