{
	"credit": "Made with Blockbench",
	"textures": {
		"0": "beyondtheveil:blocks/barrel_side",
		"1": "beyondtheveil:blocks/barrel_bottom",
		"2": "beyondtheveil:blocks/barrel_top",
		"particle": "beyondtheveil:blocks/barrel_side"
	},
	"elements": [
		{
			"from": [3, 0, 3],
			"to": [13, 1, 13],
			"faces": {
				"north": {"uv": [3, 2, 13, 3], "texture": "#1"},
				"east": {"uv": [0, 0, 10, 1], "texture": "#1"},
				"south": {"uv": [3, 8, 13, 9], "texture": "#1"},
				"west": {"uv": [6, 12, 16, 13], "texture": "#1"},
				"up": {"uv": [3, 3, 13, 13], "texture": "#1"},
				"down": {"uv": [3, 3, 13, 13], "texture": "#1"}
			}
		},
		{
			"from": [13, 0, 4],
			"to": [14, 1, 12],
			"faces": {
				"north": {"uv": [7, 4, 8, 5], "texture": "#1"},
				"east": {"uv": [4, 1, 12, 2], "texture": "#1"},
				"south": {"uv": [5, 4, 6, 5], "texture": "#1"},
				"west": {"uv": [0, 0, 8, 1], "texture": "#missing"},
				"up": {"uv": [0, 0, 1, 8], "texture": "#missing"},
				"down": {"uv": [2, 4, 3, 12], "texture": "#1"}
			}
		},
		{
			"from": [2, 0, 4],
			"to": [3, 1, 12],
			"faces": {
				"north": {"uv": [0, 0, 1, 1], "texture": "#1"},
				"east": {"uv": [0, 0, 8, 1], "texture": "#missing"},
				"south": {"uv": [0, 0, 1, 1], "texture": "#1"},
				"west": {"uv": [8, 6, 16, 7], "texture": "#1"},
				"up": {"uv": [0, 0, 1, 8], "texture": "#missing"},
				"down": {"uv": [13, 4, 14, 12], "texture": "#1"}
			}
		},
		{
			"from": [4, 0, 13],
			"to": [12, 1, 14],
			"faces": {
				"north": {"uv": [0, 0, 8, 1], "texture": "#missing"},
				"east": {"uv": [10, 11, 11, 12], "texture": "#1"},
				"south": {"uv": [4, 14, 12, 15], "texture": "#1"},
				"west": {"uv": [10, 8, 11, 9], "texture": "#1"},
				"up": {"uv": [0, 0, 8, 1], "texture": "#missing"},
				"down": {"uv": [4, 13, 12, 14], "texture": "#1"}
			}
		},
		{
			"from": [4, 0, 2],
			"to": [12, 1, 3],
			"faces": {
				"north": {"uv": [0, 0, 8, 1], "texture": "#1"},
				"east": {"uv": [0, 0, 1, 1], "texture": "#1"},
				"south": {"uv": [0, 0, 8, 1], "texture": "#missing"},
				"west": {"uv": [11, 7, 12, 8], "texture": "#1"},
				"up": {"uv": [0, 0, 8, 1], "texture": "#missing"},
				"down": {"uv": [4, 2, 12, 3], "texture": "#1"}
			}
		},
		{
			"from": [13, 1, 4],
			"to": [14, 14, 12],
			"faces": {
				"north": {"uv": [1, 0, 2, 13], "texture": "#0"},
				"east": {"uv": [6, 0, 14, 13], "texture": "#0"},
				"south": {"uv": [6, 0, 7, 13], "texture": "#0"},
				"west": {"uv": [5, 0, 13, 13], "texture": "#0"},
				"up": {"uv": [2, 4, 3, 12], "texture": "#1"},
				"down": {"uv": [0, 0, 1, 8], "texture": "#missing"}
			}
		},
		{
			"from": [2, 1, 4],
			"to": [3, 14, 12],
			"faces": {
				"north": {"uv": [1, 0, 2, 13], "texture": "#0"},
				"east": {"uv": [7, 0, 15, 13], "texture": "#0"},
				"south": {"uv": [9, 0, 10, 13], "texture": "#0"},
				"west": {"uv": [6, 0, 14, 13], "texture": "#0"},
				"up": {"uv": [7, 2, 8, 10], "texture": "#1"},
				"down": {"uv": [0, 0, 1, 8], "texture": "#missing"}
			}
		},
		{
			"from": [4, 1, 13],
			"to": [12, 14, 14],
			"faces": {
				"north": {"uv": [6, 0, 14, 13], "texture": "#0"},
				"east": {"uv": [0, 0, 1, 13], "texture": "#0"},
				"south": {"uv": [8, 0, 16, 13], "texture": "#0"},
				"west": {"uv": [3, 0, 4, 13], "texture": "#0"},
				"up": {"uv": [4, 11, 12, 12], "texture": "#1"},
				"down": {"uv": [0, 0, 8, 1], "texture": "#missing"}
			}
		},
		{
			"from": [4, 1, 2],
			"to": [12, 14, 3],
			"faces": {
				"north": {"uv": [8, 0, 16, 13], "texture": "#0"},
				"east": {"uv": [15, 0, 16, 13], "texture": "#0"},
				"south": {"uv": [8, 0, 16, 13], "texture": "#0"},
				"west": {"uv": [6, 0, 7, 13], "texture": "#0"},
				"up": {"uv": [4, 0, 12, 1], "texture": "#1"},
				"down": {"uv": [0, 0, 8, 1], "texture": "#missing"}
			}
		},
		{
			"from": [3, 1, 12],
			"to": [4, 14, 13],
			"faces": {
				"north": {"uv": [6, 0, 7, 13], "texture": "#0"},
				"east": {"uv": [1, 0, 2, 13], "texture": "#0"},
				"south": {"uv": [7, 0, 8, 13], "texture": "#0"},
				"west": {"uv": [1, 0, 2, 13], "texture": "#0"},
				"up": {"uv": [0, 0, 1, 1], "texture": "#1"},
				"down": {"uv": [0, 0, 1, 1], "texture": "#missing"}
			}
		},
		{
			"from": [12, 1, 12],
			"to": [13, 14, 13],
			"faces": {
				"north": {"uv": [0, 0, 1, 13], "texture": "#0"},
				"east": {"uv": [5, 0, 6, 13], "texture": "#0"},
				"south": {"uv": [1, 0, 2, 13], "texture": "#0"},
				"west": {"uv": [1, 0, 2, 13], "texture": "#0"},
				"up": {"uv": [0, 0, 1, 1], "texture": "#1"},
				"down": {"uv": [0, 0, 1, 1], "texture": "#missing"}
			}
		},
		{
			"from": [12, 1, 3],
			"to": [13, 14, 4],
			"faces": {
				"north": {"uv": [7, 0, 8, 13], "texture": "#0"},
				"east": {"uv": [2, 0, 3, 13], "texture": "#0"},
				"south": {"uv": [5, 0, 6, 13], "texture": "#0"},
				"west": {"uv": [1, 0, 2, 13], "texture": "#0"},
				"up": {"uv": [0, 0, 1, 1], "texture": "#1"},
				"down": {"uv": [0, 0, 1, 1], "texture": "#missing"}
			}
		},
		{
			"from": [3, 1, 3],
			"to": [4, 14, 4],
			"faces": {
				"north": {"uv": [2, 0, 3, 13], "texture": "#0"},
				"east": {"uv": [7, 0, 8, 13], "texture": "#0"},
				"south": {"uv": [3, 0, 4, 13], "texture": "#0"},
				"west": {"uv": [0, 0, 1, 13], "texture": "#0"},
				"up": {"uv": [11, 12, 12, 13], "texture": "#1"},
				"down": {"uv": [0, 0, 1, 1], "texture": "#missing"}
			}
		}
	]
}