{
	"credit": "Made with Blockbench",
	"textures": {
		"0": "beyondtheveil:blocks/fume_glass",
		"1": "beyondtheveil:blocks/golden_base",
		"particle": "beyondtheveil:blocks/fume_glass"
	},
	"elements": [
		{
			"from": [6.3, 0, 6.3],
			"to": [9.8, 0.8, 9.8],
			"rotation": {"angle": 0, "axis": "y", "origin": [4.5, 3.9, 4.5]},
			"faces": {
				"north": {"uv": [11, 2, 14.5, 2.8], "texture": "#1"},
				"east": {"uv": [11, 3, 14.5, 3.8], "texture": "#1"},
				"south": {"uv": [4, 11, 7.5, 11.8], "texture": "#1"},
				"west": {"uv": [11, 4, 14.5, 4.8], "texture": "#1"},
				"up": {"uv": [8.5, 3.5, 5, 0], "texture": "#1"},
				"down": {"uv": [8.5, 4, 5, 7.5], "texture": "#1"}
			}
		},
		{
			"from": [7, 0.7, 7],
			"to": [9, 1.5, 9],
			"rotation": {"angle": 0, "axis": "y", "origin": [4, 3.9, 4]},
			"faces": {
				"north": {"uv": [12, 12, 14, 13], "texture": "#1"},
				"east": {"uv": [0, 13, 2, 14], "texture": "#1"},
				"south": {"uv": [2, 13, 4, 14], "texture": "#1"},
				"west": {"uv": [4, 13, 6, 14], "texture": "#1"},
				"up": {"uv": [10, 13, 8, 11], "texture": "#1"}
			}
		},
		{
			"from": [7.5, 8.5, 7.5],
			"to": [8.5, 9.3, 8.5],
			"rotation": {"angle": 0, "axis": "y", "origin": [4, 3.9, 4]},
			"faces": {
				"north": {"uv": [9, 0, 11, 3], "texture": "#1"},
				"east": {"uv": [9, 3, 11, 6], "texture": "#1"},
				"south": {"uv": [0, 10, 2, 13], "texture": "#1"},
				"west": {"uv": [2, 10, 4, 13], "texture": "#1"},
				"up": {"uv": [12, 9, 11, 8], "texture": "#1"},
				"down": {"uv": [12, 11, 10, 13], "texture": "#1"}
			}
		},
		{
			"from": [7.5, 6.5, 7.5],
			"to": [8.5, 8, 8.5],
			"rotation": {"angle": 0, "axis": "y", "origin": [4, 3.9, 4]},
			"faces": {
				"north": {"uv": [9, 0, 10, 1.5], "texture": "#1"},
				"east": {"uv": [9, 3, 10, 4.5], "texture": "#1"},
				"south": {"uv": [0, 10, 1, 11.5], "texture": "#1"},
				"west": {"uv": [2, 10, 3, 11.5], "texture": "#1"},
				"up": {"uv": [12, 9, 11, 8], "texture": "#1"},
				"down": {"uv": [11, 11, 10, 12], "texture": "#1"}
			}
		},
		{
			"from": [5.8, 1.5, 5.8],
			"to": [10.3, 2, 10.3],
			"rotation": {"angle": 0, "axis": "y", "origin": [3.9, 3.9, 6.5]},
			"faces": {
				"north": {"uv": [9, 6, 14, 7], "texture": "#1"},
				"east": {"uv": [9, 7, 14, 8], "texture": "#1"},
				"south": {"uv": [11, 0, 16, 1], "texture": "#1"},
				"west": {"uv": [11, 1, 16, 2], "texture": "#1"},
				"up": {"uv": [4.5, 4.5, 0, 0], "texture": "#1"},
				"down": {"uv": [5, 5, 0, 10], "texture": "#1"}
			}
		},
		{
			"from": [6.5, 8, 6.5],
			"to": [9.5, 8.5, 9.5],
			"rotation": {"angle": 0, "axis": "y", "origin": [3.9, 3.9, 6.5]},
			"faces": {
				"north": {"uv": [11, 5, 14, 6], "texture": "#1"},
				"east": {"uv": [11, 10, 14, 11], "texture": "#1"},
				"south": {"uv": [4, 12, 7, 13], "texture": "#1"},
				"west": {"uv": [12, 11, 15, 12], "texture": "#1"},
				"up": {"uv": [8, 11, 5, 8], "texture": "#1"},
				"down": {"uv": [11, 8, 8, 11], "texture": "#1"}
			}
		},
		{
			"from": [6.5, 3.5, 6.5],
			"to": [9.5, 6.5, 9.5],
			"rotation": {"angle": 0, "axis": "y", "origin": [6.5, 9.5, 6.5]},
			"faces": {
				"north": {"uv": [11, 4, 8, 1], "texture": "#0"},
				"east": {"uv": [11, 4, 8, 1], "texture": "#0"},
				"south": {"uv": [11, 4, 8, 1], "texture": "#0"},
				"west": {"uv": [11, 4, 8, 1], "texture": "#0"},
				"up": {"uv": [11, 4, 8, 1], "texture": "#0"},
				"down": {"uv": [11, 4, 8, 1], "texture": "#0"}
			}
		},
		{
			"from": [5, 2, 5],
			"to": [11, 8, 11],
			"rotation": {"angle": 0, "axis": "y", "origin": [5, 5.4, 5.5]},
			"faces": {
				"north": {"uv": [0, 0, 6, 6], "texture": "#0"},
				"east": {"uv": [0, 0, 6, 6], "texture": "#0"},
				"south": {"uv": [0, 0, 6, 6], "texture": "#0"},
				"west": {"uv": [0, 0, 6, 6], "texture": "#0"},
				"up": {"uv": [0, 0, 6, 6], "texture": "#0"},
				"down": {"uv": [0, 0, 6, 6], "texture": "#0"}
			}
		}
	],
	"groups": [
		0,
		1,
		2,
		3,
		4,
		5,
		{
			"name": "group",
			"origin": [5, 5.35714, 5.5],
			"color": 0,
			"children": [6, 7]
		}
	]
}