{
	"credit": "Made with Blockbench",
	"parent": "block/cube",
	"ambientocclusion": false,
	"textures": {
		"top": "blocks/log_oak_top",
		"particle": "blocks/log_oak",
		"side": "blocks/log_oak",
		"inside": "beyondtheveil:blocks/gear_bench_top"
	},
	"elements": [
		{
			"from": [0, 11, 0],
			"to": [2, 16, 16],
			"faces": {
				"north": {"uv": [14, 0, 16, 5], "texture": "#side", "cullface": "north"},
				"east": {"uv": [0, 0, 16, 5], "texture": "#side"},
				"south": {"uv": [0, 0, 2, 5], "texture": "#side", "cullface": "south"},
				"west": {"uv": [0, 0, 16, 5], "texture": "#side", "cullface": "west"},
				"up": {"uv": [0, 0, 2, 16], "texture": "#top", "cullface": "up"},
				"down": {"uv": [0, 0, 2, 16], "texture": "#top"}
			}
		},
		{
			"from": [2, 11, 2],
			"to": [14, 15, 14],
			"faces": {
				"up": {"uv": [2, 2, 14, 14], "texture": "#inside", "cullface": "up"},
				"down": {"uv": [2, 2, 14, 14], "texture": "#top"}
			}
		},
		{
			"from": [14, 11, 0],
			"to": [16, 16, 16],
			"faces": {
				"north": {"uv": [0, 0, 2, 5], "texture": "#side", "cullface": "north"},
				"east": {"uv": [0, 0, 16, 5], "texture": "#side", "cullface": "east"},
				"south": {"uv": [14, 0, 16, 5], "texture": "#side", "cullface": "south"},
				"west": {"uv": [0, 0, 16, 5], "texture": "#side"},
				"up": {"uv": [14, 0, 16, 16], "texture": "#top", "cullface": "up"},
				"down": {"uv": [14, 0, 16, 16], "texture": "#top"}
			}
		},
		{
			"from": [2, 11, 0],
			"to": [14, 16, 2],
			"faces": {
				"north": {"uv": [2, 0, 14, 5], "texture": "#side", "cullface": "north"},
				"south": {"uv": [2, 0, 14, 5], "texture": "#side"},
				"up": {"uv": [2, 0, 14, 2], "texture": "#top", "cullface": "up"},
				"down": {"uv": [2, 14, 14, 16], "texture": "#top"}
			}
		},
		{
			"from": [2, 11, 14],
			"to": [14, 16, 16],
			"faces": {
				"north": {"uv": [2, 0, 14, 5], "texture": "#side"},
				"south": {"uv": [2, 0, 14, 5], "texture": "#side", "cullface": "south"},
				"up": {"uv": [2, 14, 14, 16], "texture": "#top", "cullface": "up"},
				"down": {"uv": [2, 0, 14, 2], "texture": "#top"}
			}
		},
		{
			"from": [7.90935, 0.77616, 6],
			"to": [11.89935, 19.27616, 10],
			"rotation": {"angle": -45, "axis": "z", "origin": [8, 7.87181, 8]},
			"faces": {
				"north": {"uv": [0, 0, 16, 3.99], "rotation": 90, "texture": "#side"},
				"east": {"uv": [0, 0, 4, 16], "texture": "#side"},
				"south": {"uv": [0, 0, 16, 3.99], "rotation": 270, "texture": "#side"},
				"west": {"uv": [0, 0, 4, 16], "rotation": 180, "texture": "#side"},
				"up": {"uv": [12, 0, 16, 3.99], "rotation": 270, "texture": "#top"}
			}
		},
		{
			"from": [4.10065, 0.77616, 6],
			"to": [8.09065, 19.27616, 10],
			"rotation": {"angle": 45, "axis": "z", "origin": [8, 7.87181, 8]},
			"faces": {
				"north": {"uv": [0, 0, 16, 3.99], "rotation": 90, "texture": "#side"},
				"east": {"uv": [0, 0, 4, 16], "texture": "#side"},
				"south": {"uv": [0, 0, 16, 3.99], "rotation": 270, "texture": "#side"},
				"west": {"uv": [0, 0, 4, 16], "rotation": 180, "texture": "#side"},
				"up": {"uv": [12, 12, 16, 15.99], "rotation": 90, "texture": "#top"}
			}
		},
		{
			"from": [6, 0.77616, 7.90935],
			"to": [10, 19.27616, 11.89935],
			"rotation": {"angle": 45, "axis": "x", "origin": [8, 7.87181, 8]},
			"faces": {
				"north": {"uv": [0, 0, 4, 16], "rotation": 180, "texture": "#side"},
				"east": {"uv": [0, 0, 16, 3.99], "rotation": 90, "texture": "#side"},
				"south": {"uv": [0, 0, 4, 16], "texture": "#side"},
				"west": {"uv": [0, 0, 16, 3.99], "rotation": 270, "texture": "#side"},
				"up": {"uv": [0, 0, 4, 3.99], "texture": "#top"}
			}
		},
		{
			"from": [6, 0.77616, 4.10065],
			"to": [10, 19.27616, 8.09065],
			"rotation": {"angle": -45, "axis": "x", "origin": [8, 7.87181, 8]},
			"faces": {
				"north": {"uv": [0, 0, 4, 16], "rotation": 180, "texture": "#side"},
				"east": {"uv": [0, 0, 16, 3.99], "rotation": 90, "texture": "#side"},
				"south": {"uv": [0, 0, 4, 16], "texture": "#side"},
				"west": {"uv": [0, 0, 16, 3.99], "rotation": 270, "texture": "#side"},
				"up": {"uv": [0, 12, 4, 15.99], "rotation": 180, "texture": "#top"}
			}
		},
		{
			"from": [2, 0, 2],
			"to": [14, 3, 14],
			"rotation": {"angle": 0, "axis": "y", "origin": [-1, 0, -2]},
			"faces": {
				"north": {"uv": [0, 0, 12, 3], "texture": "#side"},
				"east": {"uv": [0, 0, 12, 3], "texture": "#side"},
				"south": {"uv": [0, 0, 12, 3], "texture": "#side"},
				"west": {"uv": [0, 0, 12, 3], "texture": "#side"},
				"up": {"uv": [0, 0, 12, 12], "texture": "#side"},
				"down": {"uv": [0, 0, 12, 12], "texture": "#side", "cullface": "down"}
			}
		}
	]
}