{
	"credit": "Made with Blockbench",
	"textures": {
		"1": "beyondtheveil:blocks/heart",
		"particle": "beyondtheveil:blocks/heart"
	},
	"elements": [
		{
			"from": [5, 1.3, 7],
			"to": [8, 4.3, 10],
			"shade": false,
			"rotation": {"angle": 0, "axis": "y", "origin": [-1, 0, 1.5]},
			"faces": {
				"north": {"uv": [0, 0, 3, 3], "texture": "#1"},
				"east": {"uv": [0, 3, 3, 6], "texture": "#1"},
				"south": {"uv": [3, 0, 6, 3], "texture": "#1"},
				"west": {"uv": [3, 3, 6, 6], "texture": "#1"},
				"up": {"uv": [3, 9, 0, 6], "texture": "#1"},
				"down": {"uv": [9, 0, 6, 3], "texture": "#1"}
			}
		},
		{
			"from": [5.3, 0.4, 7.6],
			"to": [6.8, 2.4, 9.6],
			"shade": false,
			"rotation": {"angle": 45, "axis": "x", "origin": [6, 1.4, 8.6]},
			"faces": {
				"east": {"uv": [6, 3, 8, 5], "texture": "#1"},
				"south": {"uv": [5, 6, 7, 8], "texture": "#1"},
				"west": {"uv": [7, 5, 9, 7], "texture": "#1"},
				"down": {"uv": [5, 8, 3, 10], "texture": "#1"}
			}
		},
		{
			"from": [5.5, 2.6, 8.7],
			"to": [7.5, 4.6, 9.7],
			"shade": false,
			"rotation": {"angle": -22.5, "axis": "z", "origin": [6.5, 4.1, 8.7]},
			"faces": {
				"north": {"uv": [8, 3, 10, 5], "texture": "#1"},
				"south": {"uv": [5, 8, 7, 10], "texture": "#1"},
				"west": {"uv": [9, 5, 10, 7], "texture": "#1"},
				"up": {"uv": [11, 3, 9, 2], "texture": "#1"}
			}
		},
		{
			"from": [5.5, 2.6, 7.2],
			"to": [7.5, 4.6, 8.2],
			"shade": false,
			"rotation": {"angle": 22.5, "axis": "z", "origin": [6.5, 4.1, 8.7]},
			"faces": {
				"north": {"uv": [0, 9, 2, 11], "texture": "#1"},
				"east": {"uv": [9, 7, 10, 9], "texture": "#1"},
				"south": {"uv": [9, 0, 11, 2], "texture": "#1"},
				"up": {"uv": [5, 11, 3, 10], "texture": "#1"}
			}
		},
		{
			"from": [6, 4, 8],
			"to": [7, 5, 9],
			"shade": false,
			"rotation": {"angle": 0, "axis": "y", "origin": [-1, -1, 1.5]},
			"faces": {
				"north": {"uv": [6, 5, 7, 6], "texture": "#1"},
				"east": {"uv": [10, 4, 11, 5], "texture": "#1"},
				"south": {"uv": [5, 10, 6, 11], "texture": "#1"},
				"west": {"uv": [10, 5, 11, 6], "texture": "#1"},
				"up": {"uv": [7, 11, 6, 10], "texture": "#1"}
			}
		}
	]
}