{
	"credit": "Made with Blockbench",
	"parent": "block/cube",
	"textures": {
		"2": "beyondtheveil:blocks/statues/idol_base",
		"3": "beyondtheveil:blocks/statues/idol_head",
		"particle": "beyondtheveil:blocks/statues/idol_body"
	},
	"elements": [
		{
			"name": "altar",
			"from": [3, 0, 3],
			"to": [13, 4, 13],
			"rotation": {"angle": 0, "axis": "y", "origin": [0, 6, -1]},
			"faces": {
				"north": {"uv": [0, 12, 10, 16], "texture": "#2"},
				"east": {"uv": [0, 12, 10, 16], "texture": "#2"},
				"south": {"uv": [0, 12, 10, 16], "texture": "#2"},
				"west": {"uv": [0, 12, 10, 16], "texture": "#2"},
				"up": {"uv": [0, 0, 10, 10], "texture": "#2"},
				"down": {"uv": [0, 0, 10, 10], "texture": "#2"}
			}
		},
		{
			"name": "body",
			"from": [3, 4, 4.5],
			"to": [13, 14, 14.5],
			"rotation": {"angle": 0, "axis": "y", "origin": [-1, 0, 0]},
			"faces": {
				"north": {"uv": [0, 0, 10, 10], "texture": "#particle"},
				"east": {"uv": [0, 0, 10, 10], "texture": "#particle"},
				"south": {"uv": [0, 0, 10, 10], "texture": "#particle"},
				"west": {"uv": [0, 0, 10, 10], "texture": "#particle"},
				"up": {"uv": [0, 0, 10, 10], "texture": "#particle"},
				"down": {"uv": [0, 0, 10, 10], "texture": "#particle"}
			}
		},
		{
			"name": "leg",
			"from": [3.5, 2, 2],
			"to": [6.5, 6, 5],
			"faces": {
				"north": {"uv": [0, 0, 3, 4], "texture": "#particle"},
				"east": {"uv": [0, 0, 3, 4], "texture": "#particle"},
				"west": {"uv": [0, 0, 3, 4], "texture": "#particle"},
				"up": {"uv": [0, 0, 3, 3], "texture": "#particle"},
				"down": {"uv": [0, 0, 3, 3], "texture": "#particle"}
			}
		},
		{
			"name": "leg",
			"from": [9.5, 2, 2],
			"to": [12.5, 6, 5],
			"rotation": {"angle": 0, "axis": "y", "origin": [8, 4, 8]},
			"faces": {
				"north": {"uv": [0, 0, 3, 4], "texture": "#particle"},
				"east": {"uv": [0, 0, 3, 4], "texture": "#particle"},
				"west": {"uv": [0, 0, 3, 4], "texture": "#particle"},
				"up": {"uv": [0, 0, 3, 3], "rotation": 180, "texture": "#particle"},
				"down": {"uv": [0, 0, 3, 3], "rotation": 180, "texture": "#particle"}
			}
		},
		{
			"from": [1.25, 6, 2.5],
			"to": [6, 8, 4.5],
			"rotation": {"angle": 22.5, "axis": "y", "origin": [4, 7, 3.5]},
			"faces": {
				"north": {"uv": [0, 0, 4.75, 2], "texture": "#particle"},
				"east": {"uv": [0, 0, 2, 2], "texture": "#particle"},
				"south": {"uv": [0, 0, 4.75, 2], "texture": "#particle"},
				"west": {"uv": [0, 0, 2, 2], "texture": "#particle"},
				"up": {"uv": [0, 0, 4.75, 2], "texture": "#particle"},
				"down": {"uv": [0, 0, 4.75, 2], "texture": "#particle"}
			}
		},
		{
			"from": [1, 5.35623, 5.72276],
			"to": [4, 13.60623, 7.72276],
			"rotation": {"angle": 45, "axis": "x", "origin": [2, 9.73123, 6.72276]},
			"faces": {
				"north": {"uv": [0, 0, 3, 8.25], "texture": "#particle"},
				"east": {"uv": [0, 0, 2, 8.25], "texture": "#particle"},
				"south": {"uv": [0, 0, 3, 8.25], "texture": "#particle"},
				"west": {"uv": [0, 0, 2, 8.25], "texture": "#particle"},
				"up": {"uv": [0, 0, 3, 2], "texture": "#particle"},
				"down": {"uv": [0, 0, 3, 2], "texture": "#particle"}
			}
		},
		{
			"from": [12, 5.35623, 5.72276],
			"to": [15, 13.60623, 7.72276],
			"rotation": {"angle": 45, "axis": "x", "origin": [14, 9.73123, 6.72276]},
			"faces": {
				"north": {"uv": [3, 0, 0, 8.25], "texture": "#particle"},
				"east": {"uv": [2, 0, 0, 8.25], "texture": "#particle"},
				"south": {"uv": [3, 0, 0, 8.25], "texture": "#particle"},
				"west": {"uv": [2, 0, 0, 8.25], "texture": "#particle"},
				"up": {"uv": [3, 0, 0, 2], "texture": "#particle"},
				"down": {"uv": [3, 0, 0, 2], "texture": "#particle"}
			}
		},
		{
			"from": [10, 6, 2.5],
			"to": [14.75, 8, 4.5],
			"rotation": {"angle": -22.5, "axis": "y", "origin": [12, 7, 3.5]},
			"faces": {
				"north": {"uv": [5.25, 0, 10, 2], "texture": "#particle"},
				"east": {"uv": [2, 0, 4, 2], "texture": "#particle"},
				"south": {"uv": [5.25, 0, 10, 2], "texture": "#particle"},
				"west": {"uv": [2, 0, 4, 2], "texture": "#particle"},
				"up": {"uv": [5.25, 0, 10, 2], "texture": "#particle"},
				"down": {"uv": [5.25, 0, 10, 2], "texture": "#particle"}
			}
		},
		{
			"from": [1, 13, 14.25],
			"to": [8, 14, 15.25],
			"rotation": {"angle": -22.5, "axis": "z", "origin": [3.5, 13.5, 14.75]},
			"faces": {
				"north": {"uv": [0, 9, 7, 10], "texture": "#particle"},
				"east": {"uv": [0, 0, 1, 1], "texture": "#particle"},
				"south": {"uv": [0, 3, 7, 4], "texture": "#particle"},
				"west": {"uv": [0, 0, 1, 1], "texture": "#particle"},
				"up": {"uv": [0, 7, 7, 8], "texture": "#particle"},
				"down": {"uv": [0, 5, 7, 6], "texture": "#particle"}
			}
		},
		{
			"from": [2, 9, 14.5],
			"to": [7, 14, 15],
			"rotation": {"angle": -22.5, "axis": "z", "origin": [3.5, 13.5, 14.75]},
			"faces": {
				"north": {"uv": [0, 9, 5, 14], "texture": "#particle"},
				"east": {"uv": [0, 0, 0.5, 5], "texture": "#particle"},
				"south": {"uv": [0, 3, 5, 8], "texture": "#particle"},
				"west": {"uv": [0, 0, 0.5, 5], "texture": "#particle"},
				"down": {"uv": [0, 5, 5, 5.5], "texture": "#particle"}
			}
		},
		{
			"from": [0.62359, 8.25282, 14.51],
			"to": [4.12359, 11.75282, 14.99],
			"rotation": {"angle": 22.5, "axis": "z", "origin": [5.12359, 10.25282, 14.75]},
			"faces": {
				"north": {"uv": [0, 9, 5, 14], "rotation": 270, "texture": "#particle"},
				"south": {"uv": [0, 3, 5, 8], "rotation": 90, "texture": "#particle"},
				"west": {"uv": [0, 5, 5, 5.5], "rotation": 90, "texture": "#particle"},
				"down": {"uv": [0, 0, 0.5, 5], "rotation": 90, "texture": "#particle"}
			}
		},
		{
			"from": [1.19344, 10.4588, 14.25],
			"to": [2.19344, 13.4588, 15.25],
			"rotation": {"angle": -22.5, "axis": "z", "origin": [2.19344, 12.9588, 14.75]},
			"faces": {
				"north": {"uv": [1, 3, 4, 4], "rotation": 270, "texture": "#particle"},
				"east": {"uv": [1, 3, 4, 4], "rotation": 90, "texture": "#particle"},
				"south": {"uv": [1, 3, 4, 4], "rotation": 90, "texture": "#particle"},
				"west": {"uv": [1, 3, 4, 4], "rotation": 90, "texture": "#particle"},
				"down": {"uv": [1, 3, 2, 4], "rotation": 90, "texture": "#particle"}
			}
		},
		{
			"from": [13.80656, 10.4588, 14.25],
			"to": [14.80656, 13.4588, 15.25],
			"rotation": {"angle": 22.5, "axis": "z", "origin": [13.80656, 12.9588, 14.75]},
			"faces": {
				"north": {"uv": [1, 4, 4, 3], "rotation": 270, "texture": "#particle"},
				"east": {"uv": [1, 4, 4, 3], "rotation": 90, "texture": "#particle"},
				"south": {"uv": [1, 4, 4, 3], "rotation": 90, "texture": "#particle"},
				"west": {"uv": [1, 4, 4, 3], "rotation": 90, "texture": "#particle"},
				"down": {"uv": [1, 4, 2, 3], "rotation": 90, "texture": "#particle"}
			}
		},
		{
			"from": [8, 13, 14.25],
			"to": [15, 14, 15.25],
			"rotation": {"angle": 22.5, "axis": "z", "origin": [12.5, 13.5, 14.75]},
			"faces": {
				"north": {"uv": [7, 9, 0, 10], "texture": "#particle"},
				"east": {"uv": [1, 0, 0, 1], "texture": "#particle"},
				"south": {"uv": [7, 3, 0, 4], "texture": "#particle"},
				"west": {"uv": [1, 0, 0, 1], "texture": "#particle"},
				"up": {"uv": [7, 7, 0, 8], "texture": "#particle"},
				"down": {"uv": [7, 5, 0, 6], "texture": "#particle"}
			}
		},
		{
			"from": [9, 9, 14.5],
			"to": [14, 14, 15],
			"rotation": {"angle": 22.5, "axis": "z", "origin": [12.5, 13.5, 14.75]},
			"faces": {
				"north": {"uv": [5, 9, 0, 14], "texture": "#particle"},
				"east": {"uv": [0.5, 0, 0, 5], "texture": "#particle"},
				"south": {"uv": [5, 3, 0, 8], "texture": "#particle"},
				"west": {"uv": [0.5, 0, 0, 5], "texture": "#particle"},
				"down": {"uv": [5, 5, 0, 5.5], "texture": "#particle"}
			}
		},
		{
			"from": [12.40401, 8.11941, 14.51],
			"to": [15.90401, 11.61941, 14.99],
			"rotation": {"angle": -22.5, "axis": "z", "origin": [11.40401, 11.61941, 14.75]},
			"faces": {
				"north": {"uv": [5, 9, 0, 14], "rotation": 90, "texture": "#particle"},
				"east": {"uv": [5, 5, 0, 5.5], "rotation": 270, "texture": "#particle"},
				"south": {"uv": [5, 3, 0, 8], "rotation": 270, "texture": "#particle"},
				"down": {"uv": [0.5, 0, 0, 5], "rotation": 270, "texture": "#particle"}
			}
		},
		{
			"name": "head",
			"from": [5, 13, 2],
			"to": [11, 18, 10],
			"rotation": {"angle": -22.5, "axis": "x", "origin": [8, 16, 7]},
			"faces": {
				"north": {"uv": [6, 0, 9, 2.5], "texture": "#3"},
				"east": {"uv": [0, 4, 4, 6.5], "texture": "#3"},
				"south": {"uv": [0, 6.5, 3, 9], "texture": "#3"},
				"west": {"uv": [4, 4, 8, 6.5], "texture": "#3"},
				"up": {"uv": [3, 4, 0, 0], "texture": "#3"},
				"down": {"uv": [6, 0, 3, 4], "texture": "#3"}
			}
		},
		{
			"from": [9.5, 8.17804, 2.61176],
			"to": [10.5, 13.67804, 3.61176],
			"rotation": {"angle": 0, "axis": "x", "origin": [10, 10.92804, 2.36176]},
			"faces": {
				"north": {"uv": [3, 6.5, 3.5, 9.5], "texture": "#3"},
				"east": {"uv": [3.5, 6.5, 4, 9.5], "texture": "#3"},
				"south": {"uv": [4, 6.5, 4.5, 9.5], "texture": "#3"},
				"west": {"uv": [4.5, 6.5, 5, 9.5], "texture": "#3"},
				"down": {"uv": [6.5, 2.5, 6, 3], "texture": "#3"}
			}
		},
		{
			"from": [7.5, 8.17804, 2.61176],
			"to": [8.5, 13.67804, 3.61176],
			"rotation": {"angle": 0, "axis": "x", "origin": [7, 10.92804, 2.36176]},
			"faces": {
				"north": {"uv": [5, 6.5, 5.5, 9.5], "texture": "#3"},
				"east": {"uv": [5.5, 6.5, 6, 9.5], "texture": "#3"},
				"south": {"uv": [6, 6.5, 6.5, 9.5], "texture": "#3"},
				"west": {"uv": [6.5, 6.5, 7, 9.5], "texture": "#3"},
				"down": {"uv": [6.5, 3, 6, 3.5], "texture": "#3"}
			}
		},
		{
			"from": [5.5, 8.17804, 2.61176],
			"to": [6.5, 13.67804, 3.61176],
			"rotation": {"angle": 0, "axis": "x", "origin": [7, 10.92804, 2.36176]},
			"faces": {
				"north": {"uv": [7, 6.5, 7.5, 9.5], "texture": "#3"},
				"east": {"uv": [7.5, 6.5, 8, 9.5], "texture": "#3"},
				"south": {"uv": [8, 2.5, 8.5, 5.5], "texture": "#3"},
				"west": {"uv": [8, 5.5, 8.5, 8.5], "texture": "#3"},
				"down": {"uv": [6.5, 3.5, 6, 4], "texture": "#3"}
			}
		}
	],
	"display": {
		"thirdperson_righthand": {
			"rotation": [0, 45, 0],
			"scale": [0.5, 0.5, 0.5]
		},
		"thirdperson_lefthand": {
			"rotation": [0, 45, 0],
			"scale": [0.5, 0.5, 0.5]
		},
		"gui": {
			"rotation": [30, 135, 0],
			"scale": [0.8, 0.8, 0.8]
		}
	},
	"groups": [
		0,
		{
			"name": "group",
			"origin": [7, 10.92804, 2.36176],
			"color": 0,
			"children": [
				1,
				2,
				3,
				4,
				5,
				6,
				7,
				8,
				9,
				10,
				11,
				12,
				13,
				14,
				15,
				{
					"name": "group",
					"origin": [7, 10.92804, 2.36176],
					"color": 0,
					"children": [16, 17, 18, 19]
				}
			]
		}
	]
}