{
	"credit": "Made with Blockbench",
	"parent": "block/cube",
	"textures": {
		"0": "beyondtheveil:blocks/lacrymatory_sides",
		"1": "beyondtheveil:blocks/lacrymatory_base",
		"particle": "beyondtheveil:blocks/lacrymatory_sides"
	},
	"elements": [
		{
			"from": [3, 0, 3],
			"to": [13, 1, 13],
			"faces": {
				"north": {"uv": [2, 14, 12, 15], "texture": "#0"},
				"east": {"uv": [1, 14, 11, 15], "texture": "#0"},
				"south": {"uv": [1, 14, 11, 15], "texture": "#0"},
				"west": {"uv": [4, 14, 14, 15], "texture": "#0"},
				"up": {"uv": [3, 3, 13, 13], "texture": "#1"},
				"down": {"uv": [3, 3, 13, 13], "texture": "#1"}
			}
		},
		{
			"from": [2, 1, 13],
			"to": [14, 2, 14],
			"rotation": {"angle": 0, "axis": "y", "origin": [9, 8, 8]},
			"faces": {
				"north": {"uv": [4, 15, 16, 16], "texture": "#1"},
				"east": {"uv": [0, 13, 1, 14], "texture": "#0"},
				"south": {"uv": [0, 13, 12, 14], "texture": "#0"},
				"west": {"uv": [0, 13, 1, 14], "texture": "#0"},
				"up": {"uv": [0, 0, 12, 1], "texture": "#1"},
				"down": {"uv": [0, 14, 12, 15], "texture": "#0"}
			}
		},
		{
			"from": [2, 1, 2],
			"to": [14, 2, 3],
			"rotation": {"angle": 0, "axis": "y", "origin": [9, 8, 8]},
			"faces": {
				"north": {"uv": [2, 13, 14, 14], "texture": "#0"},
				"east": {"uv": [0, 13, 1, 14], "texture": "#0"},
				"south": {"uv": [4, 15, 16, 16], "texture": "#1"},
				"west": {"uv": [0, 13, 1, 14], "texture": "#0"},
				"up": {"uv": [0, 0, 12, 1], "texture": "#1"},
				"down": {"uv": [0, 14, 12, 15], "texture": "#0"}
			}
		},
		{
			"from": [2, 1, 3],
			"to": [3, 2, 13],
			"rotation": {"angle": 0, "axis": "y", "origin": [9, 8, 8]},
			"faces": {
				"east": {"uv": [0, 0, 10, 1], "texture": "#1"},
				"west": {"uv": [2, 13, 12, 14], "texture": "#0"},
				"up": {"uv": [0, 0, 1, 10], "texture": "#1"},
				"down": {"uv": [0, 14, 10, 15], "rotation": 90, "texture": "#0"}
			}
		},
		{
			"from": [13, 1, 3],
			"to": [14, 2, 13],
			"rotation": {"angle": 0, "axis": "y", "origin": [9, 8, 8]},
			"faces": {
				"east": {"uv": [2, 13, 12, 14], "texture": "#0"},
				"west": {"uv": [3, 15, 13, 16], "texture": "#1"},
				"up": {"uv": [3, 15, 13, 16], "rotation": 90, "texture": "#1"},
				"down": {"uv": [3, 14, 13, 15], "rotation": 90, "texture": "#0"}
			}
		},
		{
			"from": [1, 2, 1],
			"to": [2, 3, 15],
			"rotation": {"angle": 0, "axis": "y", "origin": [9, 8, 8]},
			"faces": {
				"north": {"uv": [0, 12, 1, 13], "texture": "#0"},
				"east": {"uv": [0, 0, 14, 1], "texture": "#1"},
				"south": {"uv": [0, 12, 1, 13], "texture": "#0"},
				"west": {"uv": [0, 12, 14, 13], "texture": "#0"},
				"up": {"uv": [0, 0, 1, 14], "texture": "#1"},
				"down": {"uv": [0, 13, 14, 14], "rotation": 90, "texture": "#0"}
			}
		},
		{
			"from": [14, 2, 1],
			"to": [15, 3, 15],
			"rotation": {"angle": 0, "axis": "y", "origin": [9, 8, 8]},
			"faces": {
				"north": {"uv": [0, 12, 1, 13], "texture": "#0"},
				"east": {"uv": [1, 12, 15, 13], "texture": "#0"},
				"south": {"uv": [12, 12, 13, 13], "texture": "#0"},
				"west": {"uv": [1, 15, 15, 16], "texture": "#1"},
				"up": {"uv": [0, 0, 1, 14], "texture": "#1"},
				"down": {"uv": [2, 13, 16, 14], "rotation": 90, "texture": "#0"}
			}
		},
		{
			"from": [2, 2, 1],
			"to": [14, 3, 2],
			"rotation": {"angle": 0, "axis": "y", "origin": [9, 8, 8]},
			"faces": {
				"north": {"uv": [2, 12, 14, 13], "texture": "#0"},
				"south": {"uv": [4, 15, 16, 16], "texture": "#1"},
				"up": {"uv": [0, 0, 12, 1], "texture": "#1"},
				"down": {"uv": [1, 13, 13, 14], "texture": "#0"}
			}
		},
		{
			"from": [2, 2, 14],
			"to": [14, 3, 15],
			"rotation": {"angle": 0, "axis": "y", "origin": [9, 8, 8]},
			"faces": {
				"north": {"uv": [3, 15, 15, 16], "texture": "#1"},
				"south": {"uv": [1, 12, 13, 13], "texture": "#0"},
				"up": {"uv": [0, 0, 12, 1], "texture": "#1"},
				"down": {"uv": [1, 13, 13, 14], "texture": "#0"}
			}
		},
		{
			"from": [0, 3, 0],
			"to": [16, 13, 1],
			"faces": {
				"north": {"uv": [0, 2, 16, 12], "texture": "#0"},
				"east": {"uv": [15, 2, 16, 12], "texture": "#0"},
				"south": {"uv": [0, 3, 16, 13], "texture": "#1"},
				"west": {"uv": [0, 2, 1, 12], "texture": "#0"},
				"up": {"uv": [0, 0, 16, 1], "texture": "#1"},
				"down": {"uv": [0, 12, 16, 13], "texture": "#0"}
			}
		},
		{
			"from": [0, 3, 15],
			"to": [16, 13, 16],
			"faces": {
				"north": {"uv": [0, 3, 16, 13], "texture": "#1"},
				"east": {"uv": [0, 2, 1, 12], "texture": "#0"},
				"south": {"uv": [0, 2, 16, 12], "texture": "#0"},
				"west": {"uv": [15, 2, 16, 12], "texture": "#0"},
				"up": {"uv": [0, 15, 16, 16], "texture": "#1"},
				"down": {"uv": [0, 12, 16, 13], "texture": "#0"}
			}
		},
		{
			"from": [0, 3, 1],
			"to": [1, 13, 15],
			"faces": {
				"east": {"uv": [1, 3, 15, 13], "texture": "#1"},
				"west": {"uv": [1, 2, 15, 12], "texture": "#0"},
				"up": {"uv": [0, 1, 1, 15], "texture": "#1"},
				"down": {"uv": [0, 12, 14, 13], "rotation": 90, "texture": "#0"}
			}
		},
		{
			"from": [15, 3, 1],
			"to": [16, 13, 15],
			"faces": {
				"east": {"uv": [1, 2, 15, 12], "texture": "#0"},
				"west": {"uv": [1, 3, 15, 13], "texture": "#1"},
				"up": {"uv": [15, 1, 16, 15], "texture": "#1"},
				"down": {"uv": [1, 12, 15, 13], "rotation": 90, "texture": "#0"}
			}
		},
		{
			"from": [1, 13, 1],
			"to": [6, 14, 15],
			"faces": {
				"north": {"uv": [0, 0, 5, 1], "texture": "#1"},
				"east": {"uv": [0, 0, 14, 1], "texture": "#1"},
				"south": {"uv": [6, 8, 11, 9], "texture": "#1"},
				"west": {"uv": [0, 0, 14, 1], "texture": "#1"},
				"up": {"uv": [1, 1, 6, 15], "texture": "#1"},
				"down": {"uv": [0, 1, 5, 15], "texture": "#1"}
			}
		},
		{
			"from": [10, 13, 1],
			"to": [15, 14, 15],
			"faces": {
				"north": {"uv": [11, 0, 16, 1], "texture": "#1"},
				"east": {"uv": [0, 0, 14, 1], "texture": "#1"},
				"south": {"uv": [11, 0, 16, 1], "texture": "#1"},
				"west": {"uv": [0, 0, 14, 1], "texture": "#1"},
				"up": {"uv": [10, 1, 15, 15], "texture": "#1"},
				"down": {"uv": [11, 1, 16, 15], "texture": "#1"}
			}
		},
		{
			"from": [6, 13, 1],
			"to": [10, 14, 6],
			"faces": {
				"north": {"uv": [8, 0, 12, 1], "texture": "#1"},
				"south": {"uv": [0, 0, 4, 1], "texture": "#1"},
				"up": {"uv": [6, 1, 10, 6], "texture": "#1"},
				"down": {"uv": [6, 10, 10, 15], "texture": "#1"}
			}
		},
		{
			"from": [6, 13, 10],
			"to": [10, 14, 15],
			"faces": {
				"north": {"uv": [0, 0, 4, 1], "texture": "#1"},
				"south": {"uv": [7, 5, 11, 6], "texture": "#1"},
				"up": {"uv": [6, 10, 10, 15], "texture": "#1"},
				"down": {"uv": [6, 1, 10, 6], "texture": "#1"}
			}
		},
		{
			"from": [5, 14, 5],
			"to": [11, 15, 6],
			"faces": {
				"north": {"uv": [4, 12, 10, 13], "texture": "#0"},
				"east": {"uv": [0, 12, 1, 13], "texture": "#0"},
				"south": {"uv": [10, 15, 16, 16], "texture": "#1"},
				"west": {"uv": [0, 12, 1, 13], "texture": "#0"},
				"up": {"uv": [10, 15, 16, 16], "texture": "#1"}
			}
		},
		{
			"from": [5, 14, 10],
			"to": [11, 15, 11],
			"faces": {
				"north": {"uv": [0, 0, 6, 1], "texture": "#1"},
				"east": {"uv": [0, 12, 1, 13], "texture": "#0"},
				"south": {"uv": [0, 12, 6, 13], "texture": "#0"},
				"west": {"uv": [0, 12, 1, 13], "texture": "#0"},
				"up": {"uv": [10, 0, 16, 1], "texture": "#1"}
			}
		},
		{
			"from": [5, 14, 6],
			"to": [6, 15, 10],
			"faces": {
				"east": {"uv": [0, 0, 4, 1], "texture": "#1"},
				"west": {"uv": [0, 12, 4, 13], "texture": "#0"},
				"up": {"uv": [0, 7, 1, 11], "texture": "#1"}
			}
		},
		{
			"from": [10, 14, 6],
			"to": [11, 15, 10],
			"faces": {
				"east": {"uv": [6, 12, 10, 13], "texture": "#0"},
				"west": {"uv": [12, 0, 16, 1], "texture": "#1"},
				"up": {"uv": [0, 9, 1, 13], "texture": "#1"}
			}
		},
		{
			"from": [4, 15, 4],
			"to": [12, 16, 5],
			"faces": {
				"north": {"uv": [8, 0, 16, 1], "texture": "#1"},
				"east": {"uv": [0, 0, 1, 1], "texture": "#1"},
				"south": {"uv": [8, 15, 16, 16], "texture": "#1"},
				"west": {"uv": [0, 0, 1, 1], "texture": "#0"},
				"up": {"uv": [6, 15, 14, 16], "texture": "#1"},
				"down": {"uv": [5, 12, 13, 13], "texture": "#0"}
			}
		},
		{
			"from": [4, 15, 11],
			"to": [12, 16, 12],
			"faces": {
				"north": {"uv": [0, 0, 8, 1], "texture": "#1"},
				"east": {"uv": [0, 0, 1, 1], "texture": "#1"},
				"south": {"uv": [8, 0, 16, 1], "texture": "#1"},
				"west": {"uv": [0, 0, 1, 1], "texture": "#0"},
				"up": {"uv": [0, 0, 8, 1], "texture": "#1"},
				"down": {"uv": [8, 12, 16, 13], "texture": "#0"}
			}
		},
		{
			"from": [4, 15, 5],
			"to": [5, 16, 11],
			"faces": {
				"east": {"uv": [10, 0, 16, 1], "texture": "#1"},
				"west": {"uv": [1, 0, 7, 1], "texture": "#1"},
				"up": {"uv": [15, 0, 16, 6], "texture": "#1"},
				"down": {"uv": [0, 12, 6, 13], "rotation": 90, "texture": "#0"}
			}
		},
		{
			"from": [11, 15, 5],
			"to": [12, 16, 11],
			"faces": {
				"east": {"uv": [7, 0, 13, 1], "texture": "#1"},
				"west": {"uv": [10, 15, 16, 16], "texture": "#1"},
				"up": {"uv": [0, 0, 1, 6], "texture": "#1"},
				"down": {"uv": [4, 12, 10, 13], "rotation": 90, "texture": "#0"}
			}
		}
	]
}