{
	"credit": "Made with Blockbench",
	"textures": {
		"0": "beyondtheveil:blocks/megydrea/megydrea_translucent",
		"2": "beyondtheveil:blocks/megydrea/megydrea_vent_outer",
		"3": "beyondtheveil:blocks/megydrea/vine",
		"particle": "block/megydrea_vent_outer"
	},
	"elements": [
		{
			"from": [12, 26, 12],
			"to": [4, 6, 4],
			"faces": {
				"north": {"uv": [1, 0, 9, 16], "texture": "#0"},
				"east": {"uv": [1, 0, 9, 16], "texture": "#0"},
				"south": {"uv": [1, 0, 9, 16], "texture": "#0"},
				"west": {"uv": [1, 0, 9, 16], "texture": "#0"}
			}
		},
		{
			"from": [2.5, 6, 2.5],
			"to": [13.5, 26, 13.5],
			"rotation": {"angle": 0, "axis": "y", "origin": [2.5, -2, 2.5]},
			"faces": {
				"north": {"uv": [0, 0, 11, 16], "texture": "#3"},
				"east": {"uv": [0, 0, 11, 16], "texture": "#3"},
				"south": {"uv": [0, 0, 11, 16], "texture": "#3"},
				"west": {"uv": [0, 0, 11, 16], "texture": "#3"}
			}
		},
		{
			"from": [3, 6, 3],
			"to": [13, 26, 13],
			"faces": {
				"north": {"uv": [0, 0, 2.5, 5], "texture": "#2"},
				"east": {"uv": [2.5, 0, 5, 5], "texture": "#2"},
				"south": {"uv": [0, 5, 2.5, 10], "texture": "#2"},
				"west": {"uv": [5, 0, 7.5, 5], "texture": "#2"}
			}
		}
	]
}