{
	"credit": "Made with Blockbench",
	"texture_size": [64, 64],
	"textures": {
		"2": "beyondtheveil:blocks/megydrea/leaf",
		"4": "beyondtheveil:blocks/megydrea/megydrea_frame",
		"particle": "beyondtheveil:blocks/megydrea/megydrea"
	},
	"elements": [
		{
			"from": [2, 8, 13],
			"to": [3, 24, 14],
			"rotation": {"angle": 0, "axis": "y", "origin": [-1, 8, 8]},
			"faces": {
				"north": {"uv": [7, 3, 7.25, 7], "texture": "#4"},
				"east": {"uv": [7, 2, 7.25, 6], "texture": "#4"},
				"south": {"uv": [0, 0, 0.25, 4], "texture": "#4"},
				"west": {"uv": [7, 3, 7.25, 7], "texture": "#4"},
				"up": {"uv": [0, 0, 0.25, 0.25], "texture": "#4"},
				"down": {"uv": [0, 0, 0.25, 0.25], "texture": "#4"}
			}
		},
		{
			"from": [13, 8, 13],
			"to": [14, 24, 14],
			"rotation": {"angle": 0, "axis": "y", "origin": [-1, 8, 8]},
			"faces": {
				"north": {"uv": [7, 3, 7.25, 7], "texture": "#4"},
				"east": {"uv": [7, 2, 7.25, 6], "texture": "#4"},
				"south": {"uv": [0, 0, 0.25, 4], "texture": "#4"},
				"west": {"uv": [7, 3, 7.25, 7], "texture": "#4"},
				"up": {"uv": [0, 0, 0.25, 0.25], "texture": "#4"},
				"down": {"uv": [0, 0, 0.25, 0.25], "texture": "#4"}
			}
		},
		{
			"from": [2, 8, 2],
			"to": [3, 24, 3],
			"rotation": {"angle": 0, "axis": "y", "origin": [-1, 8, 8]},
			"faces": {
				"north": {"uv": [7, 3, 7.25, 7], "texture": "#4"},
				"east": {"uv": [7, 2, 7.25, 6], "texture": "#4"},
				"south": {"uv": [0, 0, 0.25, 4], "texture": "#4"},
				"west": {"uv": [7, 3, 7.25, 7], "texture": "#4"},
				"up": {"uv": [0, 0, 0.25, 0.25], "texture": "#4"},
				"down": {"uv": [0, 0, 0.25, 0.25], "texture": "#4"}
			}
		},
		{
			"from": [13, 8, 2],
			"to": [14, 24, 3],
			"rotation": {"angle": 0, "axis": "y", "origin": [-1, 8, 8]},
			"faces": {
				"north": {"uv": [7, 0, 7.25, 4], "texture": "#4"},
				"east": {"uv": [7, 2, 7.25, 6], "texture": "#4"},
				"south": {"uv": [0, 0, 0.25, 4], "texture": "#4"},
				"west": {"uv": [7, 3, 7.25, 7], "texture": "#4"},
				"up": {"uv": [0, 0, 0.25, 0.25], "texture": "#4"},
				"down": {"uv": [0, 0, 0.25, 0.25], "texture": "#4"}
			}
		},
		{
			"from": [4, 4, 3.93629],
			"to": [12, 5, 11.93629],
			"rotation": {"angle": 0, "axis": "y", "origin": [8, 32, -3.31371]},
			"faces": {
				"north": {"uv": [6.5, 7.5, 8.5, 7.75], "texture": "#4"},
				"east": {"uv": [7.5, 6.5, 9.5, 6.75], "texture": "#4"},
				"south": {"uv": [7.5, 6.75, 9.5, 7], "texture": "#4"},
				"west": {"uv": [7.5, 7, 9.5, 7.25], "texture": "#4"},
				"down": {"uv": [2, 5, 0, 7], "texture": "#4"}
			}
		},
		{
			"from": [5, 3, 5],
			"to": [11, 4, 11],
			"rotation": {"angle": 0, "axis": "y", "origin": [8, 1, 8]},
			"faces": {
				"north": {"uv": [7.5, 7.75, 9, 8], "texture": "#4"},
				"east": {"uv": [1.5, 8, 3, 8.25], "texture": "#4"},
				"south": {"uv": [3, 8, 4.5, 8.25], "texture": "#4"},
				"west": {"uv": [8, 4, 9.5, 4.25], "texture": "#4"},
				"down": {"uv": [7.5, 6, 6, 7.5], "texture": "#4"}
			}
		},
		{
			"from": [12, 4.01, 0.68629],
			"to": [20, 6.01, 8.68629],
			"rotation": {"angle": -45, "axis": "y", "origin": [8, 32, -3.31371]},
			"faces": {
				"north": {"uv": [7, 0, 9, 0.5], "texture": "#4"},
				"east": {"uv": [7, 0.5, 9, 1], "texture": "#4"},
				"south": {"uv": [7, 1, 9, 1.5], "texture": "#4"},
				"west": {"uv": [1.5, 7, 3.5, 7.5], "texture": "#4"},
				"up": {"uv": [7, 2, 5, 0], "texture": "#4"},
				"down": {"uv": [4, 5, 2, 7], "texture": "#4"}
			}
		},
		{
			"from": [3, 5, 3],
			"to": [13, 6, 13],
			"rotation": {"angle": 0, "axis": "y", "origin": [8, 5.5, 8]},
			"faces": {
				"north": {"uv": [3.5, 7, 6, 7.25], "texture": "#4"},
				"east": {"uv": [7, 3.5, 9.5, 3.75], "texture": "#4"},
				"south": {"uv": [7, 3.75, 9.5, 4], "texture": "#4"},
				"west": {"uv": [3.5, 7.25, 6, 7.5], "texture": "#4"},
				"up": {"uv": [2.5, 2.5, 0, 0], "texture": "#4"},
				"down": {"uv": [2.5, 2.5, 0, 5], "texture": "#4"}
			}
		},
		{
			"from": [3, 26, 3],
			"to": [13, 27, 13],
			"rotation": {"angle": 0, "axis": "y", "origin": [8, 26.5, 8]},
			"faces": {
				"north": {"uv": [1.5, 7.5, 4, 7.75], "texture": "#4"},
				"east": {"uv": [4, 7.5, 6.5, 7.75], "texture": "#4"},
				"south": {"uv": [7.5, 6, 10, 6.25], "texture": "#4"},
				"west": {"uv": [7.5, 6.25, 10, 6.5], "texture": "#4"},
				"up": {"uv": [5, 2.5, 2.5, 0], "texture": "#4"},
				"down": {"uv": [5, 2.5, 2.5, 5], "texture": "#4"}
			}
		},
		{
			"from": [12, 25.99, 0.68629],
			"to": [20, 27.99, 8.68629],
			"rotation": {"angle": -45, "axis": "y", "origin": [8, 0, -3.31371]},
			"faces": {
				"north": {"uv": [7, 1.5, 9, 2], "texture": "#4"},
				"east": {"uv": [7, 2, 9, 2.5], "texture": "#4"},
				"south": {"uv": [7, 2.5, 9, 3], "texture": "#4"},
				"west": {"uv": [7, 3, 9, 3.5], "texture": "#4"},
				"up": {"uv": [7, 4, 5, 2], "texture": "#4"},
				"down": {"uv": [6, 5, 4, 7], "texture": "#4"}
			}
		},
		{
			"from": [5, 28, 5],
			"to": [11, 29, 11],
			"rotation": {"angle": 0, "axis": "y", "origin": [8, 31, 8]},
			"faces": {
				"north": {"uv": [8, 4.25, 9.5, 4.5], "texture": "#4"},
				"east": {"uv": [4.5, 8, 6, 8.25], "texture": "#4"},
				"south": {"uv": [8, 4.5, 9.5, 4.75], "texture": "#4"},
				"west": {"uv": [8, 4.75, 9.5, 5], "texture": "#4"},
				"up": {"uv": [1.5, 8.5, 0, 7], "texture": "#4"}
			}
		},
		{
			"from": [7, 29, 7],
			"to": [9, 32, 9],
			"faces": {
				"north": {"uv": [5, 4, 5.5, 4.75], "texture": "#4"},
				"east": {"uv": [5.5, 4, 6, 4.75], "texture": "#4"},
				"south": {"uv": [8, 5, 8.5, 5.75], "texture": "#4"},
				"west": {"uv": [6, 8, 6.5, 8.75], "texture": "#4"},
				"up": {"uv": [7, 8.5, 6.5, 8], "texture": "#4"}
			}
		},
		{
			"from": [4, 27, 3.93629],
			"to": [12, 28, 11.93629],
			"rotation": {"angle": 0, "axis": "y", "origin": [8, 0, -3.31371]},
			"faces": {
				"north": {"uv": [7.5, 7.25, 9.5, 7.5], "texture": "#4"},
				"east": {"uv": [1.5, 7.75, 3.5, 8], "texture": "#4"},
				"south": {"uv": [3.5, 7.75, 5.5, 8], "texture": "#4"},
				"west": {"uv": [5.5, 7.75, 7.5, 8], "texture": "#4"},
				"up": {"uv": [8, 6, 6, 4], "texture": "#4"}
			}
		},
		{
			"from": [2.80866, 25.03806, 4],
			"to": [2.80866, 26.03806, 12],
			"rotation": {"angle": -22.5, "axis": "z", "origin": [2.80866, 25.53806, 3.5]},
			"faces": {
				"east": {"uv": [4.75, 6, 2.75, 6.25], "texture": "#2"},
				"west": {"uv": [2.75, 6, 4.75, 6.25], "texture": "#2"}
			}
		},
		{
			"from": [2.80866, 23.03806, 3],
			"to": [2.80866, 25.03806, 13],
			"rotation": {"angle": -22.5, "axis": "z", "origin": [2.80866, 25.53806, 3.5]},
			"faces": {
				"east": {"uv": [5, 6.25, 2.5, 6.75], "texture": "#2"},
				"west": {"uv": [2.5, 6.25, 5, 6.75], "texture": "#2"}
			}
		},
		{
			"from": [2.80866, 22.03806, 3],
			"to": [2.80866, 23.03806, 9],
			"rotation": {"angle": -22.5, "axis": "z", "origin": [2.80866, 25.53806, 3.5]},
			"faces": {
				"east": {"uv": [4, 6.75, 2.5, 7], "texture": "#2"},
				"west": {"uv": [2.5, 6.75, 4, 7], "texture": "#2"}
			}
		},
		{
			"from": [2.80866, 22.03806, 10],
			"to": [2.80866, 23.03806, 13],
			"rotation": {"angle": -22.5, "axis": "z", "origin": [2.80866, 25.53806, 3.5]},
			"faces": {
				"east": {"uv": [5, 6.75, 4.25, 7], "texture": "#2"},
				"west": {"uv": [4.25, 6.75, 5, 7], "texture": "#2"}
			}
		},
		{
			"from": [2.80866, 21.03806, 3],
			"to": [2.80866, 22.03806, 5],
			"rotation": {"angle": -22.5, "axis": "z", "origin": [2.80866, 25.53806, 3.5]},
			"faces": {
				"east": {"uv": [3, 7, 2.5, 7.25], "texture": "#2"},
				"west": {"uv": [2.5, 7, 3, 7.25], "texture": "#2"}
			}
		},
		{
			"from": [2.80866, 21.03806, 6],
			"to": [2.80866, 22.03806, 9],
			"rotation": {"angle": -22.5, "axis": "z", "origin": [2.80866, 25.53806, 3.5]},
			"faces": {
				"east": {"uv": [4, 7, 3.25, 7.25], "texture": "#2"},
				"west": {"uv": [3.25, 7, 4, 7.25], "texture": "#2"}
			}
		},
		{
			"from": [2.80866, 21.03806, 10],
			"to": [2.80866, 22.03806, 12],
			"rotation": {"angle": -22.5, "axis": "z", "origin": [2.80866, 25.53806, 3.5]},
			"faces": {
				"east": {"uv": [4.75, 7, 4.25, 7.25], "texture": "#2"},
				"west": {"uv": [4.25, 7, 4.75, 7.25], "texture": "#2"}
			}
		},
		{
			"from": [2.80866, 20.03806, 4],
			"to": [2.80866, 21.03806, 5],
			"rotation": {"angle": -22.5, "axis": "z", "origin": [2.80866, 25.53806, 3.5]},
			"faces": {
				"east": {"uv": [3, 7.25, 2.75, 7.5], "texture": "#2"},
				"west": {"uv": [2.75, 7.25, 3, 7.5], "texture": "#2"}
			}
		},
		{
			"from": [2.80866, 20.03806, 7],
			"to": [2.80866, 21.03806, 8],
			"rotation": {"angle": -22.5, "axis": "z", "origin": [2.80866, 25.53806, 3.5]},
			"faces": {
				"east": {"uv": [3.75, 7.25, 3.5, 7.5], "texture": "#2"},
				"west": {"uv": [3.5, 7.25, 3.75, 7.5], "texture": "#2"}
			}
		},
		{
			"from": [2.80866, 20.03806, 11],
			"to": [2.80866, 21.03806, 12],
			"rotation": {"angle": -22.5, "axis": "z", "origin": [2.80866, 25.53806, 3.5]},
			"faces": {
				"east": {"uv": [4.75, 7.25, 4.5, 7.5], "texture": "#2"},
				"west": {"uv": [4.5, 7.25, 4.75, 7.5], "texture": "#2"}
			}
		},
		{
			"from": [4, 20.83024, 12.0382],
			"to": [12, 21.83024, 12.0382],
			"rotation": {"angle": -22.5, "axis": "x", "origin": [4.5, 26.33024, 2.0382]},
			"faces": {
				"north": {"uv": [2.25, 7.5, 0.25, 7.75], "texture": "#2"},
				"south": {"uv": [0.25, 7.5, 2.25, 7.75], "texture": "#2"}
			}
		},
		{
			"from": [3, 17.83024, 12.0382],
			"to": [13, 20.83024, 12.0382],
			"rotation": {"angle": -22.5, "axis": "x", "origin": [4.5, 26.33024, 2.0382]},
			"faces": {
				"north": {"uv": [2.5, 7.75, 0, 8.5], "texture": "#2"},
				"south": {"uv": [0, 7.75, 2.5, 8.5], "texture": "#2"}
			}
		},
		{
			"from": [3, 16.83024, 12.0382],
			"to": [6, 17.83024, 12.0382],
			"rotation": {"angle": -22.5, "axis": "x", "origin": [4.5, 26.33024, 2.0382]},
			"faces": {
				"north": {"uv": [0.75, 8.5, 0, 8.75], "texture": "#2"},
				"south": {"uv": [0, 8.5, 0.75, 8.75], "texture": "#2"}
			}
		},
		{
			"from": [7, 16.83024, 12.0382],
			"to": [10, 17.83024, 12.0382],
			"rotation": {"angle": -22.5, "axis": "x", "origin": [4.5, 26.33024, 2.0382]},
			"faces": {
				"north": {"uv": [1.75, 8.5, 1, 8.75], "texture": "#2"},
				"south": {"uv": [1, 8.5, 1.75, 8.75], "texture": "#2"}
			}
		},
		{
			"from": [11, 16.83024, 12.0382],
			"to": [12, 17.83024, 12.0382],
			"rotation": {"angle": -22.5, "axis": "x", "origin": [4.5, 26.33024, 2.0382]},
			"faces": {
				"north": {"uv": [2.25, 8.5, 2, 8.75], "texture": "#2"},
				"south": {"uv": [2, 8.5, 2.25, 8.75], "texture": "#2"}
			}
		},
		{
			"from": [10, 15.83024, 12.0382],
			"to": [11, 16.83024, 12.0382],
			"rotation": {"angle": -22.5, "axis": "x", "origin": [4.5, 26.33024, 2.0382]},
			"faces": {
				"north": {"uv": [2, 8.75, 1.75, 9], "texture": "#2"},
				"south": {"uv": [1.75, 8.75, 2, 9], "texture": "#2"}
			}
		},
		{
			"from": [8, 15.83024, 12.0382],
			"to": [9, 16.83024, 12.0382],
			"rotation": {"angle": -22.5, "axis": "x", "origin": [4.5, 26.33024, 2.0382]},
			"faces": {
				"north": {"uv": [1.5, 8.75, 1.25, 9], "texture": "#2"},
				"south": {"uv": [1.25, 8.75, 1.5, 9], "texture": "#2"}
			}
		},
		{
			"from": [4, 15.83024, 12.0382],
			"to": [5, 16.83024, 12.0382],
			"rotation": {"angle": -22.5, "axis": "x", "origin": [4.5, 26.33024, 2.0382]},
			"faces": {
				"north": {"uv": [0.5, 8.75, 0.25, 9], "texture": "#2"},
				"south": {"uv": [0.25, 8.75, 0.5, 9], "texture": "#2"}
			}
		},
		{
			"from": [10.12479, 15.44964, 4],
			"to": [10.12479, 16.44964, 5],
			"rotation": {"angle": 22.5, "axis": "z", "origin": [0.12479, 30.94964, 12.5]},
			"faces": {
				"east": {"uv": [9.5, 1.25, 9.75, 1.5], "texture": "#2"},
				"west": {"uv": [9.75, 1.25, 9.5, 1.5], "texture": "#2"}
			}
		},
		{
			"from": [10.12479, 20.44964, 4],
			"to": [10.12479, 21.44964, 12],
			"rotation": {"angle": 22.5, "axis": "z", "origin": [0.12479, 30.94964, 12.5]},
			"faces": {
				"east": {"uv": [7.75, 0, 9.75, 0.25], "texture": "#2"},
				"west": {"uv": [9.75, 0, 7.75, 0.25], "texture": "#2"}
			}
		},
		{
			"from": [10.12479, 18.44964, 3],
			"to": [10.12479, 20.44964, 13],
			"rotation": {"angle": 22.5, "axis": "z", "origin": [0.12479, 30.94964, 12.5]},
			"faces": {
				"east": {"uv": [7.5, 0.25, 10, 0.75], "texture": "#2"},
				"west": {"uv": [10, 0.25, 7.5, 0.75], "texture": "#2"}
			}
		},
		{
			"from": [10.12479, 17.44964, 7],
			"to": [10.12479, 18.44964, 13],
			"rotation": {"angle": 22.5, "axis": "z", "origin": [0.12479, 30.94964, 12.5]},
			"faces": {
				"east": {"uv": [7.5, 0.75, 9, 1], "texture": "#2"},
				"west": {"uv": [9, 0.75, 7.5, 1], "texture": "#2"}
			}
		},
		{
			"from": [10.12479, 17.44964, 3],
			"to": [10.12479, 18.44964, 6],
			"rotation": {"angle": 22.5, "axis": "z", "origin": [0.12479, 30.94964, 12.5]},
			"faces": {
				"east": {"uv": [9.25, 0.75, 10, 1], "texture": "#2"},
				"west": {"uv": [10, 0.75, 9.25, 1], "texture": "#2"}
			}
		},
		{
			"from": [10.12479, 16.44964, 11],
			"to": [10.12479, 17.44964, 13],
			"rotation": {"angle": 22.5, "axis": "z", "origin": [0.12479, 30.94964, 12.5]},
			"faces": {
				"east": {"uv": [7.5, 1, 8, 1.25], "texture": "#2"},
				"west": {"uv": [8, 1, 7.5, 1.25], "texture": "#2"}
			}
		},
		{
			"from": [10.12479, 16.44964, 7],
			"to": [10.12479, 17.44964, 10],
			"rotation": {"angle": 22.5, "axis": "z", "origin": [0.12479, 30.94964, 12.5]},
			"faces": {
				"east": {"uv": [8.25, 1, 9, 1.25], "texture": "#2"},
				"west": {"uv": [9, 1, 8.25, 1.25], "texture": "#2"}
			}
		},
		{
			"from": [10.12479, 16.44964, 4],
			"to": [10.12479, 17.44964, 6],
			"rotation": {"angle": 22.5, "axis": "z", "origin": [0.12479, 30.94964, 12.5]},
			"faces": {
				"east": {"uv": [9.25, 1, 9.75, 1.25], "texture": "#2"},
				"west": {"uv": [9.75, 1, 9.25, 1.25], "texture": "#2"}
			}
		},
		{
			"from": [10.12479, 15.44964, 11],
			"to": [10.12479, 16.44964, 12],
			"rotation": {"angle": 22.5, "axis": "z", "origin": [0.12479, 30.94964, 12.5]},
			"faces": {
				"east": {"uv": [7.75, 1.25, 8, 1.5], "texture": "#2"},
				"west": {"uv": [8, 1.25, 7.75, 1.5], "texture": "#2"}
			}
		},
		{
			"from": [10.12479, 15.44964, 8],
			"to": [10.12479, 16.44964, 9],
			"rotation": {"angle": 22.5, "axis": "z", "origin": [0.12479, 30.94964, 12.5]},
			"faces": {
				"east": {"uv": [8.5, 1.25, 8.75, 1.5], "texture": "#2"},
				"west": {"uv": [8.75, 1.25, 8.5, 1.5], "texture": "#2"}
			}
		},
		{
			"from": [3, 20.06942, 7.78771],
			"to": [12, 21.06942, 7.78771],
			"rotation": {"angle": 22.5, "axis": "x", "origin": [7.5, 35.56942, 17.78771]},
			"faces": {
				"north": {"uv": [5.25, 4, 7.5, 4.25], "texture": "#2"},
				"south": {"uv": [7.5, 4, 5.25, 4.25], "texture": "#2"}
			}
		},
		{
			"from": [3, 18.06942, 7.78771],
			"to": [13, 20.06942, 7.78771],
			"rotation": {"angle": 22.5, "axis": "x", "origin": [7.5, 35.56942, 17.78771]},
			"faces": {
				"north": {"uv": [5, 4.25, 7.5, 4.75], "texture": "#2"},
				"south": {"uv": [7.5, 4.25, 5, 4.75], "texture": "#2"}
			}
		},
		{
			"from": [6, 17.06942, 7.78771],
			"to": [13, 18.06942, 7.78771],
			"rotation": {"angle": 22.5, "axis": "x", "origin": [7.5, 35.56942, 17.78771]},
			"faces": {
				"north": {"uv": [5, 4.75, 6.75, 5], "texture": "#2"},
				"south": {"uv": [6.75, 4.75, 5, 5], "texture": "#2"}
			}
		},
		{
			"from": [3, 17.06942, 7.78771],
			"to": [5, 18.06942, 7.78771],
			"rotation": {"angle": 22.5, "axis": "x", "origin": [7.5, 35.56942, 17.78771]},
			"faces": {
				"north": {"uv": [7, 4.75, 7.5, 5], "texture": "#2"},
				"south": {"uv": [7.5, 4.75, 7, 5], "texture": "#2"}
			}
		},
		{
			"from": [10, 16.06942, 7.78771],
			"to": [13, 17.06942, 7.78771],
			"rotation": {"angle": 22.5, "axis": "x", "origin": [7.5, 35.56942, 17.78771]},
			"faces": {
				"north": {"uv": [5, 5, 5.75, 5.25], "texture": "#2"},
				"south": {"uv": [5.75, 5, 5, 5.25], "texture": "#2"}
			}
		},
		{
			"from": [6, 16.06942, 7.78771],
			"to": [9, 17.06942, 7.78771],
			"rotation": {"angle": 22.5, "axis": "x", "origin": [7.5, 35.56942, 17.78771]},
			"faces": {
				"north": {"uv": [6, 5, 6.75, 5.25], "texture": "#2"},
				"south": {"uv": [6.75, 5, 6, 5.25], "texture": "#2"}
			}
		},
		{
			"from": [3, 16.06942, 7.78771],
			"to": [5, 17.06942, 7.78771],
			"rotation": {"angle": 22.5, "axis": "x", "origin": [7.5, 35.56942, 17.78771]},
			"faces": {
				"north": {"uv": [7, 5, 7.5, 5.25], "texture": "#2"},
				"south": {"uv": [7.5, 5, 7, 5.25], "texture": "#2"}
			}
		},
		{
			"from": [11, 15.06942, 7.78771],
			"to": [12, 16.06942, 7.78771],
			"rotation": {"angle": 22.5, "axis": "x", "origin": [7.5, 35.56942, 17.78771]},
			"faces": {
				"north": {"uv": [5.25, 5.25, 5.5, 5.5], "texture": "#2"},
				"south": {"uv": [5.5, 5.25, 5.25, 5.5], "texture": "#2"}
			}
		},
		{
			"from": [7, 15.06942, 7.78771],
			"to": [8, 16.06942, 7.78771],
			"rotation": {"angle": 22.5, "axis": "x", "origin": [7.5, 35.56942, 17.78771]},
			"faces": {
				"north": {"uv": [6.25, 5.25, 6.5, 5.5], "texture": "#2"},
				"south": {"uv": [6.5, 5.25, 6.25, 5.5], "texture": "#2"}
			}
		},
		{
			"from": [4, 15.06942, 7.78771],
			"to": [5, 16.06942, 7.78771],
			"rotation": {"angle": 22.5, "axis": "x", "origin": [7.5, 35.56942, 17.78771]},
			"faces": {
				"north": {"uv": [7, 5.25, 7.25, 5.5], "texture": "#2"},
				"south": {"uv": [7.25, 5.25, 7, 5.5], "texture": "#2"}
			}
		},
		{
			"from": [4, 5.51601, 25.43421],
			"to": [12, 6.51601, 25.43421],
			"rotation": {"angle": 22.5, "axis": "x", "origin": [6.5, 37.01601, 20.43421]},
			"faces": {
				"north": {"uv": [4.75, 3.75, 2.75, 4], "texture": "#2"},
				"south": {"uv": [2.75, 3.75, 4.75, 4], "texture": "#2"}
			}
		},
		{
			"from": [3, 6.51601, 25.43421],
			"to": [13, 9.51601, 25.43421],
			"rotation": {"angle": 22.5, "axis": "x", "origin": [6.5, 37.01601, 20.43421]},
			"faces": {
				"north": {"uv": [5, 3, 2.5, 3.75], "texture": "#2"},
				"south": {"uv": [2.5, 3, 5, 3.75], "texture": "#2"}
			}
		},
		{
			"from": [3, 9.51601, 25.43421],
			"to": [6, 11.51601, 25.43421],
			"rotation": {"angle": 22.5, "axis": "x", "origin": [6.5, 37.01601, 20.43421]},
			"faces": {
				"north": {"uv": [3.25, 2.5, 2.5, 3], "texture": "#2"},
				"south": {"uv": [2.5, 2.5, 3.25, 3], "texture": "#2"}
			}
		},
		{
			"from": [7, 9.51601, 25.43421],
			"to": [10, 11.51601, 25.43421],
			"rotation": {"angle": 22.5, "axis": "x", "origin": [6.5, 37.01601, 20.43421]},
			"faces": {
				"north": {"uv": [4.25, 2.5, 3.5, 3], "texture": "#2"},
				"south": {"uv": [3.5, 2.5, 4.25, 3], "texture": "#2"}
			}
		},
		{
			"from": [11, 9.51601, 25.43421],
			"to": [13, 11.51601, 25.43421],
			"rotation": {"angle": 22.5, "axis": "x", "origin": [6.5, 37.01601, 20.43421]},
			"faces": {
				"north": {"uv": [5, 2.5, 4.5, 3], "texture": "#2"},
				"south": {"uv": [4.5, 2.5, 5, 3], "texture": "#2"}
			}
		},
		{
			"from": [11, 11.51601, 25.43421],
			"to": [12, 12.51601, 25.43421],
			"rotation": {"angle": 22.5, "axis": "x", "origin": [6.5, 37.01601, 20.43421]},
			"faces": {
				"north": {"uv": [4.75, 2.25, 4.5, 2.5], "texture": "#2"},
				"south": {"uv": [4.5, 2.25, 4.75, 2.5], "texture": "#2"}
			}
		},
		{
			"from": [4, 11.51601, 25.43421],
			"to": [5, 12.51601, 25.43421],
			"rotation": {"angle": 22.5, "axis": "x", "origin": [6.5, 37.01601, 20.43421]},
			"faces": {
				"north": {"uv": [3, 2.25, 2.75, 2.5], "texture": "#2"},
				"south": {"uv": [2.75, 2.25, 3, 2.5], "texture": "#2"}
			}
		},
		{
			"from": [7, 11.51601, 25.43421],
			"to": [9, 12.51601, 25.43421],
			"rotation": {"angle": 22.5, "axis": "x", "origin": [6.5, 37.01601, 20.43421]},
			"faces": {
				"north": {"uv": [4, 2.25, 3.5, 2.5], "texture": "#2"},
				"south": {"uv": [3.5, 2.25, 4, 2.5], "texture": "#2"}
			}
		},
		{
			"from": [8, 12.51601, 25.43421],
			"to": [9, 13.51601, 25.43421],
			"rotation": {"angle": 22.5, "axis": "x", "origin": [6.5, 37.01601, 20.43421]},
			"faces": {
				"north": {"uv": [4, 2, 3.75, 2.25], "texture": "#2"},
				"south": {"uv": [3.75, 2, 4, 2.25], "texture": "#2"}
			}
		},
		{
			"from": [13.19042, 5.96232, 4],
			"to": [13.19042, 6.96232, 12],
			"rotation": {"angle": -22.5, "axis": "z", "origin": [13.19042, 6.46232, 2.5]},
			"faces": {
				"east": {"uv": [0.25, 1.75, 2.25, 2], "texture": "#2"},
				"west": {"uv": [2.25, 1.75, 0.25, 2], "texture": "#2"}
			}
		},
		{
			"from": [13.19042, 6.96232, 3],
			"to": [13.19042, 9.96232, 13],
			"rotation": {"angle": -22.5, "axis": "z", "origin": [13.19042, 6.46232, 2.5]},
			"faces": {
				"east": {"uv": [0, 1, 2.5, 1.75], "texture": "#2"},
				"west": {"uv": [2.5, 1, 0, 1.75], "texture": "#2"}
			}
		},
		{
			"from": [13.19042, 9.96232, 6],
			"to": [13.19042, 10.96232, 13],
			"rotation": {"angle": -22.5, "axis": "z", "origin": [13.19042, 6.46232, 2.5]},
			"faces": {
				"east": {"uv": [0, 0.75, 1.75, 1], "texture": "#2"},
				"west": {"uv": [1.75, 0.75, 0, 1], "texture": "#2"}
			}
		},
		{
			"from": [13.19042, 9.96232, 3],
			"to": [13.19042, 12.96232, 5],
			"rotation": {"angle": -22.5, "axis": "z", "origin": [13.19042, 6.46232, 2.5]},
			"faces": {
				"east": {"uv": [2, 0.25, 2.5, 1], "texture": "#2"},
				"west": {"uv": [2.5, 0.25, 2, 1], "texture": "#2"}
			}
		},
		{
			"from": [13.19042, 10.96232, 6],
			"to": [13.19042, 11.96232, 9],
			"rotation": {"angle": -22.5, "axis": "z", "origin": [13.19042, 6.46232, 2.5]},
			"faces": {
				"east": {"uv": [1, 0.5, 1.75, 0.75], "texture": "#2"},
				"west": {"uv": [1.75, 0.5, 1, 0.75], "texture": "#2"}
			}
		},
		{
			"from": [13.19042, 10.96232, 10],
			"to": [13.19042, 11.96232, 12],
			"rotation": {"angle": -22.5, "axis": "z", "origin": [13.19042, 6.46232, 2.5]},
			"faces": {
				"east": {"uv": [0.25, 0.5, 0.75, 0.75], "texture": "#2"},
				"west": {"uv": [0.75, 0.5, 0.25, 0.75], "texture": "#2"}
			}
		},
		{
			"from": [13.19042, 11.96232, 11],
			"to": [13.19042, 12.96232, 12],
			"rotation": {"angle": -22.5, "axis": "z", "origin": [13.19042, 6.46232, 2.5]},
			"faces": {
				"east": {"uv": [0.25, 0.25, 0.5, 0.5], "texture": "#2"},
				"west": {"uv": [0.5, 0.25, 0.25, 0.5], "texture": "#2"}
			}
		},
		{
			"from": [13.19042, 11.96232, 7],
			"to": [13.19042, 12.96232, 9],
			"rotation": {"angle": -22.5, "axis": "z", "origin": [13.19042, 6.46232, 2.5]},
			"faces": {
				"east": {"uv": [1, 0.25, 1.5, 0.5], "texture": "#2"},
				"west": {"uv": [1.5, 0.25, 1, 0.5], "texture": "#2"}
			}
		},
		{
			"from": [13.19042, 12.96232, 7],
			"to": [13.19042, 13.96232, 8],
			"rotation": {"angle": -22.5, "axis": "z", "origin": [13.19042, 6.46232, 2.5]},
			"faces": {
				"east": {"uv": [1.25, 0, 1.5, 0.25], "texture": "#2"},
				"west": {"uv": [1.5, 0, 1.25, 0.25], "texture": "#2"}
			}
		},
		{
			"from": [13.19042, 12.96232, 3],
			"to": [13.19042, 13.96232, 4],
			"rotation": {"angle": -22.5, "axis": "z", "origin": [13.19042, 6.46232, 2.5]},
			"faces": {
				"east": {"uv": [2.25, 0, 2.5, 0.25], "texture": "#2"},
				"west": {"uv": [2.5, 0, 2.25, 0.25], "texture": "#2"}
			}
		},
		{
			"from": [3, 8.7545, 1.65645],
			"to": [4, 9.7545, 1.65645],
			"rotation": {"angle": -22.5, "axis": "x", "origin": [3.5, 7.2545, -8.34355]},
			"faces": {
				"north": {"uv": [7.25, 0, 7.5, 0.25], "texture": "#2"},
				"south": {"uv": [7.5, 0, 7.25, 0.25], "texture": "#2"}
			}
		},
		{
			"from": [3, 1.7545, 1.65645],
			"to": [13, 5.7545, 1.65645],
			"rotation": {"angle": -22.5, "axis": "x", "origin": [3.5, 7.2545, -8.34355]},
			"faces": {
				"north": {"uv": [5, 1, 7.5, 2], "texture": "#2"},
				"south": {"uv": [7.5, 1, 5, 2], "texture": "#2"}
			}
		},
		{
			"from": [6, 5.7545, 1.65645],
			"to": [13, 6.7545, 1.65645],
			"rotation": {"angle": -22.5, "axis": "x", "origin": [3.5, 7.2545, -8.34355]},
			"faces": {
				"north": {"uv": [5, 0.75, 6.75, 1], "texture": "#2"},
				"south": {"uv": [6.75, 0.75, 5, 1], "texture": "#2"}
			}
		},
		{
			"from": [3, 5.7545, 1.65645],
			"to": [5, 8.7545, 1.65645],
			"rotation": {"angle": -22.5, "axis": "x", "origin": [3.5, 7.2545, -8.34355]},
			"faces": {
				"north": {"uv": [7, 0.25, 7.5, 1], "texture": "#2"},
				"south": {"uv": [7.5, 0.25, 7, 1], "texture": "#2"}
			}
		},
		{
			"from": [6, 6.7545, 1.65645],
			"to": [9, 7.7545, 1.65645],
			"rotation": {"angle": -22.5, "axis": "x", "origin": [3.5, 7.2545, -8.34355]},
			"faces": {
				"north": {"uv": [6, 0.5, 6.75, 0.75], "texture": "#2"},
				"south": {"uv": [6.75, 0.5, 6, 0.75], "texture": "#2"}
			}
		},
		{
			"from": [10, 6.7545, 1.65645],
			"to": [12, 7.7545, 1.65645],
			"rotation": {"angle": -22.5, "axis": "x", "origin": [3.5, 7.2545, -8.34355]},
			"faces": {
				"north": {"uv": [5.25, 0.5, 5.75, 0.75], "texture": "#2"},
				"south": {"uv": [5.75, 0.5, 5.25, 0.75], "texture": "#2"}
			}
		},
		{
			"from": [11, 7.7545, 1.65645],
			"to": [12, 8.7545, 1.65645],
			"rotation": {"angle": -22.5, "axis": "x", "origin": [3.5, 7.2545, -8.34355]},
			"faces": {
				"north": {"uv": [5.25, 0.25, 5.5, 0.5], "texture": "#2"},
				"south": {"uv": [5.5, 0.25, 5.25, 0.5], "texture": "#2"}
			}
		},
		{
			"from": [7, 7.7545, 1.65645],
			"to": [9, 8.7545, 1.65645],
			"rotation": {"angle": -22.5, "axis": "x", "origin": [3.5, 7.2545, -8.34355]},
			"faces": {
				"north": {"uv": [6, 0.25, 6.5, 0.5], "texture": "#2"},
				"south": {"uv": [6.5, 0.25, 6, 0.5], "texture": "#2"}
			}
		},
		{
			"from": [7, 8.7545, 1.65645],
			"to": [8, 9.7545, 1.65645],
			"rotation": {"angle": -22.5, "axis": "x", "origin": [3.5, 7.2545, -8.34355]},
			"faces": {
				"north": {"uv": [6.25, 0, 6.5, 0.25], "texture": "#2"},
				"south": {"uv": [6.5, 0, 6.25, 0.25], "texture": "#2"}
			}
		},
		{
			"from": [-0.25697, 1.3739, 4],
			"to": [-0.25697, 2.3739, 12],
			"rotation": {"angle": 22.5, "axis": "z", "origin": [-10.25697, 11.8739, 13.5]},
			"faces": {
				"east": {"uv": [7.75, 0, 9.75, 0.25], "texture": "#2"},
				"west": {"uv": [2.75, 5.75, 4.75, 6], "texture": "#2"}
			}
		},
		{
			"from": [-0.25697, 2.3739, 3],
			"to": [-0.25697, 5.3739, 13],
			"rotation": {"angle": 22.5, "axis": "z", "origin": [-10.25697, 11.8739, 13.5]},
			"faces": {
				"east": {"uv": [7.75, 0, 9.75, 0.25], "texture": "#2"},
				"west": {"uv": [2.5, 5, 5, 5.75], "texture": "#2"}
			}
		},
		{
			"from": [-0.25697, 5.3739, 7],
			"to": [-0.25697, 6.3739, 13],
			"rotation": {"angle": 22.5, "axis": "z", "origin": [-10.25697, 11.8739, 13.5]},
			"faces": {
				"east": {"uv": [7.75, 0, 9.75, 0.25], "texture": "#2"},
				"west": {"uv": [3.5, 4.75, 5, 5], "texture": "#2"}
			}
		},
		{
			"from": [-0.25697, 5.3739, 3],
			"to": [-0.25697, 6.3739, 6],
			"rotation": {"angle": 22.5, "axis": "z", "origin": [-10.25697, 11.8739, 13.5]},
			"faces": {
				"east": {"uv": [7.75, 0, 9.75, 0.25], "texture": "#2"},
				"west": {"uv": [2.5, 4.75, 3.25, 5], "texture": "#2"}
			}
		},
		{
			"from": [-0.25697, 6.3739, 7],
			"to": [-0.25697, 7.3739, 10],
			"rotation": {"angle": 22.5, "axis": "z", "origin": [-10.25697, 11.8739, 13.5]},
			"faces": {
				"east": {"uv": [7.75, 0, 9.75, 0.25], "texture": "#2"},
				"west": {"uv": [3.5, 4.5, 4.25, 4.75], "texture": "#2"}
			}
		},
		{
			"from": [-0.25697, 6.3739, 11],
			"to": [-0.25697, 7.3739, 13],
			"rotation": {"angle": 22.5, "axis": "z", "origin": [-10.25697, 11.8739, 13.5]},
			"faces": {
				"east": {"uv": [7.75, 0, 9.75, 0.25], "texture": "#2"},
				"west": {"uv": [4.5, 4.5, 5, 4.75], "texture": "#2"}
			}
		},
		{
			"from": [-0.25697, 6.3739, 4],
			"to": [-0.25697, 7.3739, 6],
			"rotation": {"angle": 22.5, "axis": "z", "origin": [-10.25697, 11.8739, 13.5]},
			"faces": {
				"east": {"uv": [7.75, 0, 9.75, 0.25], "texture": "#2"},
				"west": {"uv": [2.75, 4.5, 3.25, 4.75], "texture": "#2"}
			}
		},
		{
			"from": [-0.25697, 7.3739, 4],
			"to": [-0.25697, 8.3739, 5],
			"rotation": {"angle": 22.5, "axis": "z", "origin": [-10.25697, 11.8739, 13.5]},
			"faces": {
				"east": {"uv": [7.75, 0, 9.75, 0.25], "texture": "#2"},
				"west": {"uv": [2.75, 4.25, 3, 4.5], "texture": "#2"}
			}
		},
		{
			"from": [-0.25697, 7.3739, 8],
			"to": [-0.25697, 9.3739, 9],
			"rotation": {"angle": 22.5, "axis": "z", "origin": [-10.25697, 11.8739, 13.5]},
			"faces": {
				"east": {"uv": [7.75, 0, 9.75, 0.25], "texture": "#2"},
				"west": {"uv": [3.75, 4, 4, 4.5], "texture": "#2"}
			}
		},
		{
			"from": [-0.25697, 7.3739, 11],
			"to": [-0.25697, 8.3739, 12],
			"rotation": {"angle": 22.5, "axis": "z", "origin": [-10.25697, 11.8739, 13.5]},
			"faces": {
				"east": {"uv": [7.75, 0, 9.75, 0.25], "texture": "#2"},
				"west": {"uv": [4.5, 4.25, 4.75, 4.5], "texture": "#2"}
			}
		},
		{
			"from": [8, 1.75, 7.7929],
			"to": [10, 3.75, 7.7929],
			"rotation": {"angle": 45, "axis": "z", "origin": [8.2071, 2, 7.7929]},
			"faces": {
				"north": {"uv": [0, 0, 0.5, 0.5], "texture": "#4"},
				"south": {"uv": [0, 0, 0.5, 0.5], "texture": "#4"}
			}
		},
		{
			"from": [8.2071, 1.75, 7.5858],
			"to": [8.2071, 3.75, 9.5858],
			"rotation": {"angle": -45, "axis": "x", "origin": [8.2071, 2, 7.7929]},
			"faces": {
				"east": {"uv": [0, 0, 0.5, 0.5], "texture": "#4"},
				"west": {"uv": [0, 0, 0.5, 0.5], "texture": "#4"}
			}
		}
	],
	"display": {
		"gui": {
			"rotation": [-130.68, -20.03, -145.64],
			"translation": [-2.5, -3.25, 0],
			"scale": [0.625, 0.625, 0.625]
		}
	},
	"groups": [
		{
			"name": "group",
			"origin": [0, 0, 0],
			"color": 0,
			"children": [0, 1, 2, 3]
		},
		{
			"name": "group",
			"origin": [8, 0, -3.31371],
			"color": 0,
			"children": [4, 5, 6, 7, 8, 9, 10, 11, 12]
		},
		{
			"name": "group",
			"origin": [2.80866, 25.53806, 3.5],
			"color": 0,
			"children": [13, 14, 15, 16, 17, 18, 19, 20, 21, 22]
		},
		{
			"name": "group",
			"origin": [8, 8, 8],
			"color": 0,
			"children": [23, 24, 25, 26, 27, 28, 29, 30]
		},
		{
			"name": "group",
			"origin": [0.12479, 30.94964, 12.5],
			"color": 0,
			"children": [31, 32, 33, 34, 35, 36, 37, 38, 39, 40]
		},
		{
			"name": "group",
			"origin": [7.5, 35.56942, 17.78771],
			"color": 0,
			"children": [41, 42, 43, 44, 45, 46, 47, 48, 49, 50]
		},
		{
			"name": "group",
			"origin": [7.5, 35.56942, 17.78771],
			"color": 0,
			"children": [51, 52, 53, 54, 55, 56, 57, 58, 59]
		},
		{
			"name": "group",
			"origin": [13.19042, 6.46232, 2.5],
			"color": 0,
			"children": [60, 61, 62, 63, 64, 65, 66, 67, 68, 69]
		},
		{
			"name": "group",
			"origin": [3.5, 7.2545, -8.34355],
			"color": 0,
			"children": [70, 71, 72, 73, 74, 75, 76, 77, 78]
		},
		{
			"name": "group",
			"origin": [-10.25697, 11.8739, 13.5],
			"color": 0,
			"children": [79, 80, 81, 82, 83, 84, 85, 86, 87, 88]
		},
		89,
		90
	]
}