{
	"credit": "Made with Blockbench",
	"parent": "block/cube",
	"textures": {
		"0": "blocks/stone",
		"particle": "blocks/stone"
	},
	"elements": [
		{
			"from": [6, 2, 6],
			"to": [10, 10, 10],
			"rotation": {"angle": 0, "axis": "y", "origin": [6, 3, 0]},
			"faces": {
				"north": {"uv": [0, 0, 4, 8], "texture": "#0"},
				"east": {"uv": [0, 0, 4, 8], "texture": "#0"},
				"south": {"uv": [0, 0, 4, 8], "texture": "#0"},
				"west": {"uv": [0, 0, 4, 8], "texture": "#0"}
			}
		},
		{
			"from": [3, 0, 3],
			"to": [13, 2, 13],
			"rotation": {"angle": 0, "axis": "y", "origin": [0, 8, 0]},
			"faces": {
				"north": {"uv": [0, 0, 10, 2], "texture": "#0"},
				"east": {"uv": [0, 0, 10, 2], "texture": "#0"},
				"south": {"uv": [0, 0, 10, 2], "texture": "#0"},
				"west": {"uv": [0, 0, 10, 2], "texture": "#0"},
				"up": {"uv": [0, 0, 10, 10], "texture": "#0"},
				"down": {"uv": [0, 0, 10, 10], "texture": "#0", "cullface": "down"}
			}
		},
		{
			"from": [1, 10, 1],
			"to": [15, 12, 15],
			"rotation": {"angle": 0, "axis": "y", "origin": [-13, -2.5, -7]},
			"faces": {
				"north": {"uv": [0, 0, 14, 2], "texture": "#0"},
				"east": {"uv": [0, 0, 14, 2], "texture": "#0"},
				"south": {"uv": [0, 0, 14, 2], "texture": "#0"},
				"west": {"uv": [0, 0, 14, 2], "texture": "#0"},
				"up": {"uv": [0, 0, 14, 14], "texture": "#0"},
				"down": {"uv": [0, 0, 14, 14], "texture": "#0"}
			}
		},
		{
			"from": [14, 12, 1],
			"to": [15, 14, 14],
			"faces": {
				"north": {"uv": [0, 0, 1, 2], "texture": "#0"},
				"east": {"uv": [0, 0, 13, 2], "texture": "#0"},
				"west": {"uv": [0, 0, 13, 2], "texture": "#0"},
				"up": {"uv": [0, 0, 1, 13], "texture": "#0"}
			}
		},
		{
			"from": [1, 12, 2],
			"to": [2, 14, 15],
			"faces": {
				"north": {"uv": [0, 0, 1, 2], "texture": "#0"},
				"east": {"uv": [0, 0, 13, 2], "texture": "#0"},
				"south": {"uv": [0, 0, 1, 2], "texture": "#0"},
				"west": {"uv": [0, 0, 13, 2], "texture": "#0"},
				"up": {"uv": [0, 0, 1, 13], "texture": "#0"}
			}
		},
		{
			"from": [1, 12, 1],
			"to": [14, 14, 2],
			"faces": {
				"north": {"uv": [0, 0, 13, 2], "texture": "#0"},
				"south": {"uv": [0, 0, 13, 2], "texture": "#0"},
				"west": {"uv": [0, 0, 1, 2], "texture": "#0"},
				"up": {"uv": [0, 0, 13, 1], "texture": "#0"}
			}
		},
		{
			"from": [2, 12, 14],
			"to": [15, 14, 15],
			"faces": {
				"north": {"uv": [0, 0, 13, 2], "texture": "#0"},
				"east": {"uv": [0, 0, 1, 2], "texture": "#0"},
				"south": {"uv": [0, 0, 13, 2], "texture": "#0"},
				"west": {"uv": [0, 0, 0, 0], "texture": "#0"},
				"up": {"uv": [0, 0, 13, 1], "texture": "#0"}
			}
		}
	]
}