{
	"credit": "Made with Blockbench",
	"parent": "block/cube",
	"textures": {
		"0": "minecraft:blocks/water_still",
		"particle": "minecraft:blocks/water_still"
	},
	"elements": [
		{
			"from": [2, 12, 2],
			"to": [14, 13.8, 14],
			"faces": {
				"north": {"uv": [0, 0, 12, 2], "texture": "#0"},
				"east": {"uv": [0, 0, 10, 1], "texture": "#0"},
				"south": {"uv": [0, 0, 12, 2], "texture": "#0"},
				"west": {"uv": [0, 0, 12, 2], "texture": "#0"},
				"up": {"uv": [0, 0, 10, 10], "texture": "#0"}
			}
		}
	]
}