{
	"credit": "Made with Blockbench",
	"textures": {
		"0": "beyondtheveil:blocks/mutator_base",
		"1": "beyondtheveil:blocks/mutator_sides",
		"particle": "beyondtheveil:blocks/mutator_base"
	},
	"elements": [
		{
			"name": "cube",
			"from": [15, 0, 1],
			"to": [16, 1, 15],
			"faces": {
				"north": {"uv": [14, 1, 15, 15], "texture": "#0"},
				"east": {"uv": [1, 1, 15, 2], "texture": "#0"},
				"south": {"uv": [14, 1, 15, 15], "texture": "#0"},
				"west": {"uv": [1, 14, 15, 15], "texture": "#0"},
				"up": {"uv": [14, 1, 15, 15], "texture": "#0"},
				"down": {"uv": [14, 1, 15, 15], "texture": "#0"}
			}
		},
		{
			"name": "cube",
			"from": [1, 0, 15],
			"to": [15, 1, 16],
			"faces": {
				"north": {"uv": [0, 0, 14, 1], "texture": "#0"},
				"east": {"uv": [0, 0, 1, 14], "texture": "#0"},
				"south": {"uv": [0, 0, 14, 1], "texture": "#0"},
				"west": {"uv": [14, 0, 15, 14], "texture": "#0"},
				"up": {"uv": [0, 0, 14, 1], "texture": "#0"},
				"down": {"uv": [0, 0, 14, 1], "texture": "#0"}
			}
		},
		{
			"name": "cube",
			"from": [0, 0, 0],
			"to": [1, 6, 1],
			"faces": {
				"north": {"uv": [15, 0, 16, 6], "texture": "#1"},
				"east": {"uv": [15, 0, 16, 6], "texture": "#1"},
				"south": {"uv": [15, 0, 16, 6], "texture": "#1"},
				"west": {"uv": [15, 0, 16, 6], "texture": "#1"},
				"up": {"uv": [15, 0, 16, 6], "texture": "#1"},
				"down": {"uv": [15, 0, 16, 1], "texture": "#1"}
			}
		},
		{
			"name": "cube",
			"from": [15, 0, 0],
			"to": [16, 6, 1],
			"faces": {
				"north": {"uv": [14, 0, 15, 6], "texture": "#1"},
				"east": {"uv": [14, 0, 15, 6], "texture": "#1"},
				"south": {"uv": [14, 0, 15, 6], "texture": "#1"},
				"west": {"uv": [14, 0, 15, 6], "texture": "#1"},
				"up": {"uv": [14, 0, 15, 6], "texture": "#1"},
				"down": {"uv": [14, 5, 15, 6], "texture": "#1"}
			}
		},
		{
			"name": "cube",
			"from": [15, 0, 15],
			"to": [16, 6, 16],
			"faces": {
				"north": {"uv": [15, 0, 16, 6], "texture": "#1"},
				"east": {"uv": [15, 0, 16, 6], "texture": "#1"},
				"south": {"uv": [15, 0, 16, 6], "texture": "#1"},
				"west": {"uv": [15, 0, 16, 6], "texture": "#1"},
				"up": {"uv": [15, 0, 16, 6], "texture": "#1"},
				"down": {"uv": [15, 0, 16, 1], "texture": "#1"}
			}
		},
		{
			"name": "cube",
			"from": [0, 0, 15],
			"to": [1, 6, 16],
			"faces": {
				"north": {"uv": [14, 0, 15, 6], "texture": "#1"},
				"east": {"uv": [14, 0, 15, 6], "texture": "#1"},
				"south": {"uv": [14, 0, 15, 6], "texture": "#1"},
				"west": {"uv": [14, 0, 15, 6], "texture": "#1"},
				"up": {"uv": [14, 0, 15, 6], "texture": "#1"},
				"down": {"uv": [14, 0, 15, 1], "texture": "#1"}
			}
		},
		{
			"name": "cube",
			"from": [0, 6, 0],
			"to": [16, 14, 16],
			"faces": {
				"north": {"uv": [0, 8, 16, 16], "texture": "#1"},
				"east": {"uv": [0, 8, 16, 16], "texture": "#1"},
				"south": {"uv": [0, 8, 16, 16], "texture": "#1"},
				"west": {"uv": [0, 8, 16, 16], "texture": "#1"},
				"up": {"uv": [0, 0, 16, 16], "texture": "#0"},
				"down": {"uv": [0, 0, 16, 16], "texture": "#0"}
			}
		},
		{
			"name": "cube",
			"from": [15, 14, 0],
			"to": [16, 16, 1],
			"faces": {
				"north": {"uv": [15, 0, 16, 2], "texture": "#1"},
				"east": {"uv": [15, 0, 16, 2], "texture": "#1"},
				"south": {"uv": [15, 0, 16, 2], "texture": "#1"},
				"west": {"uv": [15, 0, 16, 2], "texture": "#1"},
				"up": {"uv": [15, 0, 16, 1], "texture": "#1"},
				"down": {"uv": [15, 0, 16, 2], "texture": "#1"}
			}
		},
		{
			"name": "cube",
			"from": [7, 0, 7],
			"to": [9, 6, 9],
			"faces": {
				"north": {"uv": [11, 0, 13, 6], "texture": "#1"},
				"east": {"uv": [12, 0, 14, 6], "texture": "#1"},
				"south": {"uv": [11, 0, 13, 6], "texture": "#1"},
				"west": {"uv": [10, 0, 12, 6], "texture": "#1"},
				"up": {"uv": [10, 0, 12, 6], "texture": "#1"},
				"down": {"uv": [10, 0, 12, 2], "texture": "#1"}
			}
		},
		{
			"name": "cube",
			"from": [10, 14, 0],
			"to": [11, 16, 1],
			"faces": {
				"north": {"uv": [15, 0, 16, 2], "texture": "#1"},
				"east": {"uv": [15, 0, 16, 2], "texture": "#1"},
				"south": {"uv": [15, 0, 16, 2], "texture": "#1"},
				"west": {"uv": [15, 0, 16, 2], "texture": "#1"},
				"up": {"uv": [15, 0, 16, 1], "texture": "#1"},
				"down": {"uv": [15, 0, 16, 2], "texture": "#1"}
			}
		},
		{
			"name": "cube",
			"from": [5, 14, 0],
			"to": [6, 16, 1],
			"faces": {
				"north": {"uv": [15, 0, 16, 2], "texture": "#1"},
				"east": {"uv": [15, 0, 16, 2], "texture": "#1"},
				"south": {"uv": [15, 0, 16, 2], "texture": "#1"},
				"west": {"uv": [15, 0, 16, 2], "texture": "#1"},
				"up": {"uv": [15, 0, 16, 1], "texture": "#1"},
				"down": {"uv": [15, 0, 16, 2], "texture": "#1"}
			}
		},
		{
			"name": "cube",
			"from": [0, 14, 0],
			"to": [1, 16, 1],
			"faces": {
				"north": {"uv": [15, 0, 16, 2], "texture": "#1"},
				"east": {"uv": [15, 0, 16, 2], "texture": "#1"},
				"south": {"uv": [15, 0, 16, 2], "texture": "#1"},
				"west": {"uv": [15, 0, 16, 2], "texture": "#1"},
				"up": {"uv": [15, 0, 16, 1], "texture": "#1"},
				"down": {"uv": [15, 0, 16, 2], "texture": "#1"}
			}
		},
		{
			"name": "cube",
			"from": [15, 14, 5],
			"to": [16, 16, 6],
			"faces": {
				"north": {"uv": [15, 0, 16, 2], "texture": "#1"},
				"east": {"uv": [15, 0, 16, 2], "texture": "#1"},
				"south": {"uv": [15, 0, 16, 2], "texture": "#1"},
				"west": {"uv": [15, 0, 16, 2], "texture": "#1"},
				"up": {"uv": [15, 0, 16, 1], "texture": "#1"},
				"down": {"uv": [15, 0, 16, 2], "texture": "#1"}
			}
		},
		{
			"name": "cube",
			"from": [10, 14, 5],
			"to": [11, 16, 6],
			"faces": {
				"north": {"uv": [15, 0, 16, 2], "texture": "#1"},
				"east": {"uv": [15, 0, 16, 2], "texture": "#1"},
				"south": {"uv": [15, 0, 16, 2], "texture": "#1"},
				"west": {"uv": [15, 0, 16, 2], "texture": "#1"},
				"up": {"uv": [15, 0, 16, 1], "texture": "#1"},
				"down": {"uv": [15, 0, 16, 2], "texture": "#1"}
			}
		},
		{
			"name": "cube",
			"from": [5, 14, 5],
			"to": [6, 16, 6],
			"faces": {
				"north": {"uv": [15, 0, 16, 2], "texture": "#1"},
				"east": {"uv": [15, 0, 16, 2], "texture": "#1"},
				"south": {"uv": [15, 0, 16, 2], "texture": "#1"},
				"west": {"uv": [15, 0, 16, 2], "texture": "#1"},
				"up": {"uv": [15, 0, 16, 1], "texture": "#1"},
				"down": {"uv": [15, 0, 16, 2], "texture": "#1"}
			}
		},
		{
			"name": "cube",
			"from": [0, 14, 5],
			"to": [1, 16, 6],
			"faces": {
				"north": {"uv": [15, 0, 16, 2], "texture": "#1"},
				"east": {"uv": [15, 0, 16, 2], "texture": "#1"},
				"south": {"uv": [15, 0, 16, 2], "texture": "#1"},
				"west": {"uv": [15, 0, 16, 2], "texture": "#1"},
				"up": {"uv": [15, 0, 16, 1], "texture": "#1"},
				"down": {"uv": [15, 0, 16, 2], "texture": "#1"}
			}
		},
		{
			"name": "cube",
			"from": [15, 14, 10],
			"to": [16, 16, 11],
			"faces": {
				"north": {"uv": [15, 0, 16, 2], "texture": "#1"},
				"east": {"uv": [15, 0, 16, 2], "texture": "#1"},
				"south": {"uv": [15, 0, 16, 2], "texture": "#1"},
				"west": {"uv": [15, 0, 16, 2], "texture": "#1"},
				"up": {"uv": [15, 0, 16, 1], "texture": "#1"},
				"down": {"uv": [15, 0, 16, 2], "texture": "#1"}
			}
		},
		{
			"name": "cube",
			"from": [10, 14, 10],
			"to": [11, 16, 11],
			"faces": {
				"north": {"uv": [15, 0, 16, 2], "texture": "#1"},
				"east": {"uv": [15, 0, 16, 2], "texture": "#1"},
				"south": {"uv": [15, 0, 16, 2], "texture": "#1"},
				"west": {"uv": [15, 0, 16, 2], "texture": "#1"},
				"up": {"uv": [15, 0, 16, 1], "texture": "#1"},
				"down": {"uv": [15, 0, 16, 2], "texture": "#1"}
			}
		},
		{
			"name": "cube",
			"from": [5, 14, 10],
			"to": [6, 16, 11],
			"faces": {
				"north": {"uv": [15, 0, 16, 2], "texture": "#1"},
				"east": {"uv": [15, 0, 16, 2], "texture": "#1"},
				"south": {"uv": [15, 0, 16, 2], "texture": "#1"},
				"west": {"uv": [15, 0, 16, 2], "texture": "#1"},
				"up": {"uv": [15, 0, 16, 1], "texture": "#1"},
				"down": {"uv": [15, 0, 16, 2], "texture": "#1"}
			}
		},
		{
			"name": "cube",
			"from": [0, 14, 10],
			"to": [1, 16, 11],
			"faces": {
				"north": {"uv": [15, 0, 16, 2], "texture": "#1"},
				"east": {"uv": [15, 0, 16, 2], "texture": "#1"},
				"south": {"uv": [15, 0, 16, 2], "texture": "#1"},
				"west": {"uv": [15, 0, 16, 2], "texture": "#1"},
				"up": {"uv": [15, 0, 16, 1], "texture": "#1"},
				"down": {"uv": [15, 0, 16, 2], "texture": "#1"}
			}
		},
		{
			"name": "cube",
			"from": [15, 14, 15],
			"to": [16, 16, 16],
			"faces": {
				"north": {"uv": [15, 0, 16, 2], "texture": "#1"},
				"east": {"uv": [15, 0, 16, 2], "texture": "#1"},
				"south": {"uv": [15, 0, 16, 2], "texture": "#1"},
				"west": {"uv": [15, 0, 16, 2], "texture": "#1"},
				"up": {"uv": [15, 0, 16, 1], "texture": "#1"},
				"down": {"uv": [15, 0, 16, 2], "texture": "#1"}
			}
		},
		{
			"name": "cube",
			"from": [10, 14, 15],
			"to": [11, 16, 16],
			"faces": {
				"north": {"uv": [15, 0, 16, 2], "texture": "#1"},
				"east": {"uv": [15, 0, 16, 2], "texture": "#1"},
				"south": {"uv": [15, 0, 16, 2], "texture": "#1"},
				"west": {"uv": [15, 0, 16, 2], "texture": "#1"},
				"up": {"uv": [15, 0, 16, 1], "texture": "#1"},
				"down": {"uv": [15, 0, 16, 2], "texture": "#1"}
			}
		},
		{
			"name": "cube",
			"from": [5, 14, 15],
			"to": [6, 16, 16],
			"faces": {
				"north": {"uv": [15, 0, 16, 2], "texture": "#1"},
				"east": {"uv": [15, 0, 16, 2], "texture": "#1"},
				"south": {"uv": [15, 0, 16, 2], "texture": "#1"},
				"west": {"uv": [15, 0, 16, 2], "texture": "#1"},
				"up": {"uv": [15, 0, 16, 1], "texture": "#1"},
				"down": {"uv": [15, 0, 16, 2], "texture": "#1"}
			}
		},
		{
			"name": "cube",
			"from": [0, 14, 15],
			"to": [1, 16, 16],
			"faces": {
				"north": {"uv": [15, 0, 16, 2], "texture": "#1"},
				"east": {"uv": [15, 0, 16, 2], "texture": "#1"},
				"south": {"uv": [15, 0, 16, 2], "texture": "#1"},
				"west": {"uv": [15, 0, 16, 2], "texture": "#1"},
				"up": {"uv": [15, 0, 16, 1], "texture": "#1"},
				"down": {"uv": [15, 0, 16, 2], "texture": "#1"}
			}
		},
		{
			"name": "cube",
			"from": [0, 0, 1],
			"to": [1, 1, 15],
			"faces": {
				"north": {"uv": [14, 1, 15, 15], "texture": "#0"},
				"east": {"uv": [1, 1, 15, 2], "texture": "#0"},
				"south": {"uv": [14, 1, 15, 15], "texture": "#0"},
				"west": {"uv": [1, 14, 15, 15], "texture": "#0"},
				"up": {"uv": [14, 1, 15, 15], "texture": "#0"},
				"down": {"uv": [14, 1, 15, 15], "texture": "#0"}
			}
		},
		{
			"name": "cube",
			"from": [1, 0, 0],
			"to": [15, 1, 1],
			"faces": {
				"north": {"uv": [0, 0, 14, 1], "texture": "#0"},
				"east": {"uv": [0, 0, 1, 14], "texture": "#0"},
				"south": {"uv": [0, 0, 14, 1], "texture": "#0"},
				"west": {"uv": [14, 0, 15, 14], "texture": "#0"},
				"up": {"uv": [0, 0, 14, 1], "texture": "#0"},
				"down": {"uv": [0, 0, 14, 1], "texture": "#0"}
			}
		}
	]
}