{
	"credit": "Made with Blockbench",
	"textures": {
		"2": "blocks/stone_diorite_smooth",
		"particle": "blocks/stone_diorite",
		"1_0": "blocks/stone_diorite"
	},
	"elements": [
		{
			"from": [3.75, 9, 1],
			"to": [6, 11.25, 10],
			"rotation": {"angle": -22.5, "axis": "y", "origin": [8, 8, 8]},
			"faces": {
				"north": {"uv": [5.032, 8.032, 7.25, 10.25], "texture": "#1_0"},
				"east": {"uv": [0.032, 0.032, 8.968, 2.25], "texture": "#1_0"},
				"south": {"uv": [5.032, 7.032, 7.25, 9.25], "texture": "#1_0"},
				"west": {"uv": [7.032, 8.032, 15.968, 10.25], "texture": "#1_0"},
				"up": {"uv": [6.032, 6.032, 8.25, 14.968], "texture": "#1_0"},
				"down": {"uv": [8.032, 4.032, 10.25, 12.968], "texture": "#1_0"}
			}
		},
		{
			"from": [10.75, 9, 4],
			"to": [13, 11.25, 11],
			"rotation": {"angle": -45, "axis": "x", "origin": [7.75, 7, 8]},
			"faces": {
				"north": {"uv": [0.032, 0.032, 2.25, 2.25], "texture": "#1_0"},
				"east": {"uv": [2.032, 8.032, 8.968, 10.25], "texture": "#1_0"},
				"south": {"uv": [0.032, 0.032, 2.25, 2.25], "texture": "#1_0"},
				"west": {"uv": [0.032, 0.032, 6.968, 2.25], "texture": "#1_0"},
				"up": {"uv": [4.032, 1.032, 6.25, 7.968], "texture": "#1_0"},
				"down": {"uv": [5.032, 4.032, 7.25, 10.968], "texture": "#1_0"}
			}
		},
		{
			"from": [6.9, 4.30505, 2.44608],
			"to": [12.9, 6.55505, 4.69608],
			"rotation": {"angle": 22.5, "axis": "x", "origin": [9, 7.30505, 7.44608]},
			"faces": {
				"north": {"uv": [3.032, 3.032, 8.968, 5.25], "texture": "#1_0"},
				"east": {"uv": [8.032, 7.032, 10.25, 9.25], "texture": "#1_0"},
				"south": {"uv": [4.032, 8.032, 9.968, 10.25], "texture": "#1_0"},
				"west": {"uv": [9.032, 8.032, 11.25, 10.25], "texture": "#1_0"},
				"up": {"uv": [8.032, 7.032, 13.968, 9.25], "texture": "#1_0"},
				"down": {"uv": [7.032, 9.032, 12.968, 11.25], "texture": "#1_0"}
			}
		},
		{
			"from": [4, 9, 4],
			"to": [5, 10, 7],
			"rotation": {"angle": -45, "axis": "y", "origin": [8, 8, 8]},
			"faces": {
				"north": {"uv": [0.032, 0.032, 0.968, 0.968], "texture": "#1_0"},
				"east": {"uv": [3.032, 6.032, 5.968, 6.968], "texture": "#1_0"},
				"up": {"uv": [0.032, 0.032, 0.968, 2.968], "texture": "#1_0"},
				"down": {"uv": [5.032, 1.032, 5.968, 3.968], "texture": "#1_0"}
			}
		},
		{
			"from": [4, 7, 5],
			"to": [5, 9, 6],
			"rotation": {"angle": -45, "axis": "y", "origin": [8, 8, 8]},
			"faces": {
				"north": {"uv": [0.032, 0.032, 0.968, 1.968], "texture": "#1_0"},
				"east": {"uv": [0.032, 0.032, 0.968, 1.968], "texture": "#1_0"},
				"south": {"uv": [0.032, 0.032, 0.968, 1.968], "texture": "#1_0"},
				"west": {"uv": [0.032, 0.032, 0.968, 1.968], "texture": "#1_0"},
				"down": {"uv": [0.032, 0.032, 0.968, 0.968], "texture": "#1_0"}
			}
		},
		{
			"from": [4, 10, 5],
			"to": [5, 15, 6],
			"rotation": {"angle": -45, "axis": "y", "origin": [8, 8, 8]},
			"faces": {
				"north": {"uv": [0.032, 0.032, 0.968, 4.968], "texture": "#1_0"},
				"east": {"uv": [4.032, 5.032, 4.968, 9.968], "texture": "#1_0"},
				"south": {"uv": [4.032, 1.032, 4.968, 5.968], "texture": "#1_0"},
				"west": {"uv": [3.032, 4.032, 3.968, 8.968], "texture": "#1_0"},
				"up": {"uv": [0.032, 4.032, 0.968, 4.968], "texture": "#1_0"}
			}
		},
		{
			"from": [5.5, 12.5, 4],
			"to": [10.5, 17.5, 9],
			"rotation": {"angle": -22.5, "axis": "x", "origin": [8, 17, 8]},
			"faces": {
				"north": {"uv": [3.032, 3.032, 8.968, 8.968], "texture": "#1_0"},
				"east": {"uv": [6.032, 3.032, 11.968, 8.968], "texture": "#1_0"},
				"south": {"uv": [9.032, 3.032, 14.968, 8.968], "texture": "#1_0"},
				"west": {"uv": [0.032, 3.032, 5.968, 8.968], "texture": "#1_0"},
				"up": {"uv": [3.032, 0.032, 8.968, 5.968], "texture": "#1_0"},
				"down": {"uv": [3.032, 6.032, 8.968, 11.968], "texture": "#1_0"}
			}
		},
		{
			"from": [5.25, 6, 7],
			"to": [10.75, 12.5, 10],
			"faces": {
				"north": {"uv": [7.032, 6.032, 12.5, 12.5], "texture": "#1_0"},
				"east": {"uv": [6.032, 8.032, 8.968, 14.5], "texture": "#1_0"},
				"south": {"uv": [10.032, 5.032, 15.5, 11.5], "texture": "#1_0"},
				"west": {"uv": [6.032, 3.032, 8.968, 9.5], "texture": "#1_0"},
				"up": {"uv": [8.032, 2.032, 13.5, 4.968], "texture": "#1_0"}
			}
		},
		{
			"from": [8, 1, 10],
			"to": [11, 4, 14],
			"faces": {
				"east": {"uv": [12.032, 1.032, 15.968, 3.968], "texture": "#1_0"},
				"south": {"uv": [10.032, 6.032, 12.968, 8.968], "texture": "#1_0"},
				"west": {"uv": [3.032, 9.032, 6.968, 11.968], "texture": "#1_0"},
				"up": {"uv": [2.032, 10.032, 4.968, 13.968], "texture": "#1_0"}
			}
		},
		{
			"from": [8, 1, 7],
			"to": [11, 6, 10],
			"faces": {
				"north": {"uv": [0.032, 0.032, 2.968, 4.968], "texture": "#1_0"},
				"east": {"uv": [10.032, 5.032, 12.968, 9.968], "texture": "#1_0"},
				"south": {"uv": [4.032, 2.032, 6.968, 6.968], "texture": "#1_0"},
				"west": {"uv": [5.032, 6.032, 7.968, 10.968], "texture": "#1_0"},
				"up": {"uv": [7.032, 6.032, 9.968, 8.968], "texture": "#1_0"}
			}
		},
		{
			"from": [5, 3, 6],
			"to": [8, 6, 10],
			"faces": {
				"east": {"uv": [8.032, 9.032, 11.968, 11.968], "texture": "#1_0"},
				"south": {"uv": [12.032, 6.032, 14.968, 8.968], "texture": "#1_0"},
				"west": {"uv": [4.032, 4.032, 7.968, 6.968], "texture": "#1_0"},
				"up": {"uv": [12.032, 9.032, 14.968, 12.968], "texture": "#1_0"},
				"down": {"uv": [2.032, 7.032, 4.968, 10.968], "texture": "#1_0"}
			}
		},
		{
			"from": [5, 1, 3],
			"to": [8, 6, 6],
			"faces": {
				"north": {"uv": [2.032, 1.032, 4.968, 5.968], "texture": "#1_0"},
				"east": {"uv": [2.032, 10.032, 4.968, 14.968], "texture": "#1_0"},
				"south": {"uv": [1.032, 9.032, 3.968, 13.968], "texture": "#1_0"},
				"west": {"uv": [11.032, 9.032, 13.968, 13.968], "texture": "#1_0"},
				"up": {"uv": [4.032, 8.032, 6.968, 10.968], "texture": "#1_0"}
			}
		},
		{
			"from": [1, 0, 1],
			"to": [15, 1, 15],
			"faces": {
				"north": {"uv": [0.032, 0.032, 13.968, 0.968], "texture": "#2"},
				"east": {"uv": [2.032, 8.032, 15.968, 8.968], "texture": "#2"},
				"south": {"uv": [0.032, 5.032, 13.968, 5.968], "texture": "#2"},
				"west": {"uv": [2.032, 9.032, 15.968, 9.968], "texture": "#2"},
				"up": {"uv": [0.032, 0.032, 13.968, 13.968], "texture": "#2"},
				"down": {"uv": [2.032, 2.032, 15.968, 15.968], "texture": "#2"}
			}
		}
	],
	"gui_light": "front",
	"display": {
		"thirdperson_righthand": {
			"rotation": [75, 45, 0],
			"translation": [0, 2.5, 0],
			"scale": [0.375, 0.375, 0.375]
		},
		"thirdperson_lefthand": {
			"rotation": [75, 45, 0],
			"translation": [0, 2.5, 0],
			"scale": [0.375, 0.375, 0.375]
		},
		"firstperson_righthand": {
			"rotation": [0, 45, 0],
			"scale": [0.4, 0.4, 0.4]
		},
		"firstperson_lefthand": {
			"rotation": [0, 225, 0],
			"scale": [0.4, 0.4, 0.4]
		},
		"ground": {
			"translation": [0, 3, 0],
			"scale": [0.65, 0.65, 0.65]
		},
		"gui": {
			"rotation": [30, 225, 0],
			"scale": [0.625, 0.625, 0.625]
		},
		"fixed": {
			"scale": [0.5, 0.5, 0.5]
		}
	}
}