{
	"credit": "Made with Blockbench",
	"textures": {
		"0": "blocks/stone_granite",
		"2": "blocks/stone_granite_smooth",
		"particle": "blocks/stone_granite"
	},
	"elements": [
		{
			"from": [1, 0, 1],
			"to": [15, 1, 15],
			"faces": {
				"north": {"uv": [0, 0, 14, 1], "texture": "#2"},
				"east": {"uv": [2, 8, 16, 9], "texture": "#2"},
				"south": {"uv": [0, 5, 14, 6], "texture": "#2"},
				"west": {"uv": [2, 9, 16, 10], "texture": "#2"},
				"up": {"uv": [0, 0, 14, 14], "texture": "#2"},
				"down": {"uv": [2, 2, 16, 16], "texture": "#2"}
			}
		},
		{
			"from": [5.25, 6, 7],
			"to": [10.75, 12.5, 10],
			"faces": {
				"north": {"uv": [7, 6, 12.5, 14], "texture": "#0"},
				"east": {"uv": [6, 8, 9, 16], "texture": "#0"},
				"south": {"uv": [10, 5, 15.5, 13], "texture": "#0"},
				"west": {"uv": [6, 3, 9, 11], "texture": "#0"}
			}
		},
		{
			"from": [2.75, 9, 3],
			"to": [5, 11.25, 10],
			"rotation": {"angle": 0, "axis": "y", "origin": [0, -1, 0]},
			"faces": {
				"north": {"uv": [5, 8, 7.25, 10.25], "texture": "#0"},
				"east": {"uv": [0, 0, 7, 2.25], "texture": "#0"},
				"south": {"uv": [5, 7, 7.25, 9.25], "texture": "#0"},
				"west": {"uv": [7, 8, 14, 10.25], "texture": "#0"},
				"up": {"uv": [6, 6, 8.25, 13], "texture": "#0"},
				"down": {"uv": [8, 4, 10.25, 11], "texture": "#0"}
			}
		},
		{
			"from": [11, 9, 3],
			"to": [13.25, 11.25, 10],
			"rotation": {"angle": 0, "axis": "y", "origin": [0, -1, 0]},
			"faces": {
				"north": {"uv": [0, 0, 2.25, 2.25], "texture": "#0"},
				"east": {"uv": [2, 8, 9, 10.25], "texture": "#0"},
				"south": {"uv": [0, 0, 2.25, 2.25], "texture": "#0"},
				"west": {"uv": [0, 0, 7, 2.25], "texture": "#0"},
				"up": {"uv": [4, 1, 6.25, 8], "texture": "#0"},
				"down": {"uv": [5, 4, 7.25, 11], "texture": "#0"}
			}
		},
		{
			"from": [5.31512, 9.1, 1.39575],
			"to": [10.06512, 11.15, 3.64575],
			"rotation": {"angle": 22.5, "axis": "y", "origin": [8.06512, 7, 8.64575]},
			"faces": {
				"north": {"uv": [8, 8, 12.75, 10.05], "texture": "#0"},
				"east": {"uv": [8, 11, 10.25, 13.05], "texture": "#0"},
				"south": {"uv": [8, 11, 12.75, 13.05], "texture": "#0"},
				"up": {"uv": [7, 5, 11.75, 7.25], "texture": "#0"},
				"down": {"uv": [2, 7, 6.75, 9.25], "texture": "#0"}
			}
		},
		{
			"from": [5.93488, 9.1, 1.39575],
			"to": [10.68488, 11.15, 3.64575],
			"rotation": {"angle": -22.5, "axis": "y", "origin": [7.93488, 7, 8.64575]},
			"faces": {
				"north": {"uv": [6, 3, 10.75, 5.05], "texture": "#0"},
				"south": {"uv": [4, 8, 8.75, 10.05], "texture": "#0"},
				"west": {"uv": [9, 8, 11.25, 10.05], "texture": "#0"},
				"up": {"uv": [11, 7, 15.75, 9.25], "texture": "#0"},
				"down": {"uv": [3, 6, 7.75, 8.25], "texture": "#0"}
			}
		},
		{
			"from": [7, 9, 0],
			"to": [9, 10, 4],
			"rotation": {"angle": 0, "axis": "y", "origin": [0, -1, 0]},
			"faces": {
				"north": {"uv": [0, 0, 2, 1], "texture": "#0"},
				"east": {"uv": [4, 6, 8, 7], "texture": "#0"},
				"west": {"uv": [3, 8, 7, 9], "texture": "#0"},
				"up": {"uv": [7, 5, 9, 9], "texture": "#0"},
				"down": {"uv": [6, 7, 8, 11], "texture": "#0"}
			}
		},
		{
			"from": [6, 9, 4],
			"to": [10, 10, 5],
			"rotation": {"angle": 0, "axis": "y", "origin": [0, -1, 0]},
			"faces": {
				"north": {"uv": [5, 4, 9, 5], "texture": "#0"},
				"east": {"uv": [0, 0, 1, 1], "texture": "#0"},
				"south": {"uv": [1, 7, 5, 8], "texture": "#0"},
				"west": {"uv": [3, 0, 4, 1], "texture": "#0"},
				"up": {"uv": [6, 6, 10, 7], "texture": "#0"},
				"down": {"uv": [0, 0, 4, 1], "texture": "#0"}
			}
		},
		{
			"from": [7, 9, 5],
			"to": [9, 10, 13],
			"rotation": {"angle": 0, "axis": "y", "origin": [0, -1, 0]},
			"faces": {
				"east": {"uv": [2, 3, 10, 4], "texture": "#0"},
				"south": {"uv": [7, 8, 9, 9], "texture": "#0"},
				"west": {"uv": [1, 7, 9, 8], "texture": "#0"},
				"up": {"uv": [4, 1, 6, 9], "texture": "#0"},
				"down": {"uv": [7, 2, 9, 10], "texture": "#0"}
			}
		},
		{
			"from": [8, 9, 13],
			"to": [9, 10, 16],
			"rotation": {"angle": 0, "axis": "y", "origin": [0, -1, 0]},
			"faces": {
				"east": {"uv": [4, 2, 7, 3], "texture": "#0"},
				"south": {"uv": [5, 7, 6, 8], "texture": "#0"},
				"west": {"uv": [5, 6, 8, 7], "texture": "#0"},
				"up": {"uv": [10, 6, 11, 9], "texture": "#0"},
				"down": {"uv": [9, 7, 10, 10], "texture": "#0"}
			}
		},
		{
			"from": [5.5, 12.5, 4],
			"to": [10.5, 17.5, 9],
			"rotation": {"angle": -22.5, "axis": "x", "origin": [8, 17, 8]},
			"faces": {
				"north": {"uv": [3, 3, 9, 9], "texture": "#0"},
				"east": {"uv": [6, 3, 12, 9], "texture": "#0"},
				"south": {"uv": [9, 3, 15, 9], "texture": "#0"},
				"west": {"uv": [0, 3, 6, 9], "texture": "#0"},
				"up": {"uv": [3, 0, 9, 6], "texture": "#0"},
				"down": {"uv": [3, 6, 9, 12], "texture": "#0"}
			}
		},
		{
			"from": [8, 1, 10],
			"to": [11, 4, 14],
			"faces": {
				"east": {"uv": [12, 1, 16, 4], "texture": "#0"},
				"south": {"uv": [10, 6, 13, 9], "texture": "#0"},
				"west": {"uv": [3, 9, 7, 12], "texture": "#0"},
				"up": {"uv": [2, 10, 5, 14], "texture": "#0"}
			}
		},
		{
			"from": [8, 1, 7],
			"to": [11, 6, 10],
			"faces": {
				"north": {"uv": [0, 0, 3, 5], "texture": "#0"},
				"east": {"uv": [10, 5, 13, 10], "texture": "#0"},
				"south": {"uv": [4, 2, 7, 7], "texture": "#0"},
				"west": {"uv": [5, 6, 8, 11], "texture": "#0"},
				"up": {"uv": [7, 6, 10, 9], "texture": "#0"}
			}
		},
		{
			"from": [5, 3, 6],
			"to": [8, 6, 10],
			"faces": {
				"east": {"uv": [8, 9, 12, 12], "texture": "#0"},
				"south": {"uv": [12, 6, 15, 9], "texture": "#0"},
				"west": {"uv": [4, 4, 8, 7], "texture": "#0"},
				"up": {"uv": [12, 9, 15, 13], "texture": "#0"},
				"down": {"uv": [2, 7, 5, 11], "texture": "#0"}
			}
		},
		{
			"from": [5, 1, 3],
			"to": [8, 6, 6],
			"faces": {
				"north": {"uv": [2, 1, 5, 6], "texture": "#0"},
				"east": {"uv": [2, 10, 5, 15], "texture": "#0"},
				"south": {"uv": [1, 9, 4, 14], "texture": "#0"},
				"west": {"uv": [11, 9, 14, 14], "texture": "#0"},
				"up": {"uv": [4, 8, 7, 11], "texture": "#0"}
			}
		}
	],
	"gui_light": "front",
	"display": {
		"thirdperson_righthand": {
			"rotation": [75, 45, 0],
			"translation": [0, 2.5, 0],
			"scale": [0.375, 0.375, 0.375]
		},
		"thirdperson_lefthand": {
			"rotation": [75, 45, 0],
			"translation": [0, 2.5, 0],
			"scale": [0.375, 0.375, 0.375]
		},
		"firstperson_righthand": {
			"rotation": [0, 45, 0],
			"scale": [0.4, 0.4, 0.4]
		},
		"firstperson_lefthand": {
			"rotation": [0, 225, 0],
			"scale": [0.4, 0.4, 0.4]
		},
		"ground": {
			"translation": [0, 3, 0],
			"scale": [0.65, 0.65, 0.65]
		},
		"gui": {
			"rotation": [30, 225, 0],
			"scale": [0.625, 0.625, 0.625]
		},
		"fixed": {
			"scale": [0.5, 0.5, 0.5]
		}
	}
}