{
	"credit": "Made with Blockbench",
	"texture_size": [32, 32],
	"textures": {
		"0": "beyondtheveil:blocks/sleep_chamber/outside",
		"1": "beyondtheveil:blocks/sleep_chamber/top",
		"2": "beyondtheveil:blocks/sleep_chamber/inside",
		"particle": "beyondtheveil:blocks/sleep_chamber/outside"
	},
	"elements": [
		{
			"from": [14.9, 1, -15],
			"to": [15.9, 31, 1],
			"rotation": {"angle": 0, "axis": "y", "origin": [16, 8, 1]},
			"faces": {
				"north": {"uv": [8, 0.5, 8.5, 15.5], "texture": "#0"},
				"east": {"uv": [0, 0.5, 8, 15.5], "texture": "#0"},
				"south": {"uv": [0, 0, 0.5, 15], "texture": "#0"},
				"west": {"uv": [8, 0.5, 16, 15.5], "texture": "#0"},
				"up": {"uv": [0, 0, 8, 0.5], "rotation": 90, "texture": "#0"},
				"down": {"uv": [0, 15.5, 8, 16], "rotation": 270, "texture": "#0"}
			}
		},
		{
			"from": [0, 0, 0],
			"to": [16, 32, 16],
			"faces": {
				"east": {"uv": [16, 0, 8, 16], "texture": "#0"},
				"south": {"uv": [16, 0, 8, 16], "texture": "#0"},
				"west": {"uv": [16, 0, 8, 16], "texture": "#0"},
				"up": {"uv": [16, 0, 0, 16], "texture": "#1"},
				"down": {"uv": [16, 0, 0, 16], "texture": "#1"}
			}
		},
		{
			"from": [0, 0, 0],
			"to": [16, 1, 1],
			"shade": false,
			"faces": {
				"north": {"uv": [0, 15.5, 8, 16], "texture": "#0"},
				"south": {"uv": [0, 15.5, 8, 16], "texture": "#0"},
				"up": {"uv": [0, 15, 16, 16], "texture": "#1"}
			}
		},
		{
			"from": [0, 31, 0],
			"to": [16, 32, 1],
			"shade": false,
			"faces": {
				"north": {"uv": [0, 0, 8, 0.5], "texture": "#0"},
				"south": {"uv": [0, 0, 8, 0.5], "texture": "#0"},
				"down": {"uv": [0, 0, 8, 0.5], "texture": "#0"}
			}
		},
		{
			"from": [0, 0, 0],
			"to": [1, 32, 1],
			"shade": false,
			"faces": {
				"north": {"uv": [7.5, 0, 8, 16], "texture": "#0"},
				"east": {"uv": [7.5, 0, 8, 16], "texture": "#0"},
				"south": {"uv": [7.5, 0, 8, 16], "texture": "#0"},
				"up": {"uv": [7.5, 0, 8, 0.5], "texture": "#0"},
				"down": {"uv": [7.5, 15.5, 8, 16], "texture": "#0"}
			}
		},
		{
			"from": [15, 31, 15],
			"to": [1, 1, 1],
			"shade": false,
			"rotation": {"angle": 0, "axis": "y", "origin": [1, -7, 1]},
			"faces": {
				"north": {"uv": [15.5, 15.5, 8.5, 0.5], "texture": "#2"},
				"east": {"uv": [15.5, 15.5, 8.5, 0.5], "texture": "#0"},
				"west": {"uv": [7.5, 15.5, 0.5, 0.5], "texture": "#2"},
				"up": {"uv": [15, 15, 1, 1], "texture": "#1"},
				"down": {"uv": [15, 15, 1, 1], "texture": "#1"}
			}
		}
	]
}