{
	"credit": "Made with Blockbench",
	"parent": "block/cube",
	"textures": {
		"0": "beyondtheveil:blocks/slugbait_side",
		"1": "beyondtheveil:blocks/slugbait_base",
		"2": "beyondtheveil:blocks/slugbait_tubes",
		"3": "blocks/glass",
		"particle": "beyondtheveil:blocks/slugbait_side"
	},
	"elements": [
		{
			"from": [0, 1, 0],
			"to": [16, 16, 1],
			"faces": {
				"north": {"uv": [0, 0, 16, 15], "texture": "#0"},
				"east": {"uv": [15, 0, 16, 15], "texture": "#0"},
				"south": {"uv": [0, 0, 16, 15], "texture": "#0"},
				"west": {"uv": [0, 0, 1, 15], "texture": "#0"},
				"up": {"uv": [0, 0, 16, 1], "texture": "#0"}
			}
		},
		{
			"from": [0, 1, 15],
			"to": [16, 16, 16],
			"faces": {
				"north": {"uv": [0, 0, 16, 15], "texture": "#0"},
				"east": {"uv": [0, 0, 1, 15], "texture": "#0"},
				"south": {"uv": [0, 0, 16, 15], "texture": "#0"},
				"west": {"uv": [15, 0, 16, 15], "texture": "#0"},
				"up": {"uv": [0, 0, 16, 1], "texture": "#0"}
			}
		},
		{
			"from": [15, 1, 1],
			"to": [16, 16, 15],
			"faces": {
				"east": {"uv": [1, 0, 15, 15], "texture": "#0"},
				"west": {"uv": [1, 0, 15, 15], "texture": "#0"},
				"up": {"uv": [0, 0, 16, 1], "rotation": 270, "texture": "#0"}
			}
		},
		{
			"from": [0, 1, 1],
			"to": [1, 16, 15],
			"faces": {
				"east": {"uv": [1, 0, 15, 15], "texture": "#0"},
				"west": {"uv": [1, 0, 15, 15], "texture": "#0"},
				"up": {"uv": [0, 0, 16, 1], "rotation": 270, "texture": "#0"}
			}
		},
		{
			"from": [0, 0, 0],
			"to": [16, 1, 16],
			"faces": {
				"north": {"uv": [0, 15, 16, 16], "texture": "#0"},
				"east": {"uv": [0, 15, 16, 16], "texture": "#0"},
				"south": {"uv": [0, 15, 16, 16], "texture": "#0"},
				"west": {"uv": [0, 15, 16, 16], "texture": "#0"},
				"up": {"uv": [0, 0, 16, 16], "texture": "#1"},
				"down": {"uv": [0, 0, 16, 16], "texture": "#1"}
			}
		},
		{
			"from": [7, 1, 7],
			"to": [9, 13, 9],
			"faces": {
				"north": {"uv": [0, 1, 2, 13], "texture": "#2"},
				"east": {"uv": [0, 1, 2, 13], "texture": "#2"},
				"south": {"uv": [0, 1, 2, 13], "texture": "#2"},
				"west": {"uv": [0, 1, 2, 13], "texture": "#2"},
				"up": {"uv": [0, 1, 2, 3], "texture": "#2"}
			}
		},
		{
			"from": [1, 11, 7],
			"to": [7, 13, 9],
			"faces": {
				"north": {"uv": [0, 0, 2, 6], "rotation": 90, "texture": "#2"},
				"south": {"uv": [0, 0, 2, 6], "rotation": 90, "texture": "#2"},
				"up": {"uv": [0, 0, 2, 6], "rotation": 90, "texture": "#2"},
				"down": {"uv": [0, 0, 2, 6], "rotation": 90, "texture": "#2"}
			}
		},
		{
			"from": [9, 11, 7],
			"to": [15, 13, 9],
			"faces": {
				"north": {"uv": [0, 0, 2, 6], "rotation": 90, "texture": "#2"},
				"south": {"uv": [0, 0, 2, 6], "rotation": 90, "texture": "#2"},
				"up": {"uv": [0, 0, 2, 6], "rotation": 90, "texture": "#2"},
				"down": {"uv": [0, 0, 2, 6], "rotation": 90, "texture": "#2"}
			}
		},
		{
			"from": [7, 11, 9],
			"to": [9, 13, 15],
			"faces": {
				"east": {"uv": [0, 0, 2, 6], "texture": "#2"},
				"west": {"uv": [0, 0, 2, 6], "texture": "#2"},
				"up": {"uv": [0, 0, 2, 6], "texture": "#2"},
				"down": {"uv": [0, 0, 2, 6], "texture": "#2"}
			}
		},
		{
			"from": [7, 11, 1],
			"to": [9, 13, 7],
			"faces": {
				"east": {"uv": [0, 0, 2, 6], "texture": "#2"},
				"west": {"uv": [0, 0, 2, 6], "texture": "#2"},
				"up": {"uv": [0, 0, 2, 6], "texture": "#2"},
				"down": {"uv": [0, 0, 2, 6], "texture": "#2"}
			}
		},
		{
			"from": [9, 1, 7],
			"to": [15, 2, 9],
			"faces": {
				"north": {"uv": [4, 15, 6, 9], "rotation": 90, "texture": "#2"},
				"south": {"uv": [4, 15, 6, 9], "rotation": 90, "texture": "#2"},
				"up": {"uv": [4, 15, 6, 9], "rotation": 90, "texture": "#2"}
			}
		},
		{
			"from": [1, 1, 7],
			"to": [7, 2, 9],
			"faces": {
				"north": {"uv": [4, 9, 6, 15], "rotation": 90, "texture": "#2"},
				"south": {"uv": [4, 9, 6, 15], "rotation": 90, "texture": "#2"},
				"up": {"uv": [4, 9, 6, 15], "rotation": 90, "texture": "#2"}
			}
		},
		{
			"from": [7, 1, 9],
			"to": [9, 2, 15],
			"faces": {
				"east": {"uv": [6, 10, 8, 16], "texture": "#2"},
				"west": {"uv": [6, 10, 8, 16], "texture": "#2"},
				"up": {"uv": [6, 10, 8, 16], "texture": "#2"}
			}
		},
		{
			"from": [7, 1, 1],
			"to": [9, 2, 7],
			"faces": {
				"east": {"uv": [5, 10, 7, 16], "texture": "#2"},
				"west": {"uv": [5, 10, 7, 16], "texture": "#2"},
				"up": {"uv": [5, 10, 7, 16], "texture": "#2"}
			}
		},
		{
			"from": [1, 15, 1],
			"to": [15, 16, 15],
			"faces": {
				"up": {"uv": [1, 1, 15, 15], "texture": "#3"},
				"down": {"uv": [1, 1, 15, 15], "texture": "#3"}
			}
		}
	]
}