{
	"credit": "Made with Blockbench",
	"textures": {
		"0": "blocks/stone_andesite",
		"2": "blocks/stone_andesite_smooth",
		"particle": "blocks/stone_andesite"
	},
	"elements": [
		{
			"from": [1, 0, 1],
			"to": [15, 1, 15],
			"faces": {
				"north": {"uv": [0, 0, 14, 1], "texture": "#2"},
				"east": {"uv": [2, 8, 16, 9], "texture": "#2"},
				"south": {"uv": [0, 5, 14, 6], "texture": "#2"},
				"west": {"uv": [2, 9, 16, 10], "texture": "#2"},
				"up": {"uv": [0, 0, 14, 14], "texture": "#2"},
				"down": {"uv": [2, 2, 16, 16], "texture": "#2"}
			}
		},
		{
			"from": [5, 1, 3],
			"to": [8, 6, 6],
			"faces": {
				"north": {"uv": [2, 1, 5, 6], "texture": "#0"},
				"east": {"uv": [2, 10, 5, 15], "texture": "#0"},
				"south": {"uv": [1, 9, 4, 14], "texture": "#0"},
				"west": {"uv": [11, 9, 14, 14], "texture": "#0"},
				"up": {"uv": [4, 8, 7, 11], "texture": "#0"}
			}
		},
		{
			"from": [5, 3, 6],
			"to": [8, 6, 10],
			"faces": {
				"east": {"uv": [8, 9, 12, 12], "texture": "#0"},
				"south": {"uv": [12, 6, 15, 9], "texture": "#0"},
				"west": {"uv": [4, 4, 8, 7], "texture": "#0"},
				"up": {"uv": [12, 9, 15, 13], "texture": "#0"},
				"down": {"uv": [2, 7, 5, 11], "texture": "#0"}
			}
		},
		{
			"from": [8, 1, 7],
			"to": [11, 6, 10],
			"faces": {
				"north": {"uv": [0, 0, 3, 5], "texture": "#0"},
				"east": {"uv": [10, 5, 13, 10], "texture": "#0"},
				"south": {"uv": [4, 2, 7, 7], "texture": "#0"},
				"west": {"uv": [5, 6, 8, 11], "texture": "#0"},
				"up": {"uv": [7, 6, 10, 9], "texture": "#0"}
			}
		},
		{
			"from": [8, 1, 10],
			"to": [11, 4, 14],
			"faces": {
				"east": {"uv": [12, 1, 16, 4], "texture": "#0"},
				"south": {"uv": [10, 6, 13, 9], "texture": "#0"},
				"west": {"uv": [3, 9, 7, 12], "texture": "#0"},
				"up": {"uv": [2, 10, 5, 14], "texture": "#0"}
			}
		},
		{
			"from": [5.25, 6, 7],
			"to": [10.75, 12.5, 10],
			"faces": {
				"north": {"uv": [7, 6, 12.5, 12.5], "texture": "#0"},
				"east": {"uv": [6, 8, 9, 14.5], "texture": "#0"},
				"south": {"uv": [10, 5, 15.5, 11.5], "texture": "#0"},
				"west": {"uv": [6, 3, 9, 9.5], "texture": "#0"},
				"up": {"uv": [8, 2, 13.5, 5], "texture": "#0"}
			}
		},
		{
			"from": [3, 9, 4],
			"to": [5.25, 11.25, 11],
			"rotation": {"angle": -22.5, "axis": "x", "origin": [8, 7, 8]},
			"faces": {
				"north": {"uv": [5, 8, 7, 10], "texture": "#0"},
				"east": {"uv": [0, 0, 7, 2], "texture": "#0"},
				"south": {"uv": [5, 7, 7, 9], "texture": "#0"},
				"west": {"uv": [7, 8, 14, 10.25], "texture": "#0"},
				"up": {"uv": [6, 6, 8, 13], "texture": "#0"},
				"down": {"uv": [8, 4, 10, 11], "texture": "#0"}
			}
		},
		{
			"from": [10.75, 9, 4],
			"to": [13, 11.25, 11],
			"rotation": {"angle": -22.5, "axis": "x", "origin": [8, 7, 8]},
			"faces": {
				"north": {"uv": [0, 0, 2, 2], "texture": "#0"},
				"east": {"uv": [2, 8, 9, 10], "texture": "#0"},
				"south": {"uv": [0, 0, 2, 2], "texture": "#0"},
				"west": {"uv": [0, 0, 7, 2.25], "texture": "#0"},
				"up": {"uv": [4, 1, 6, 8], "texture": "#0"},
				"down": {"uv": [5, 4, 7, 11], "texture": "#0"}
			}
		},
		{
			"from": [4.22625, 8.98097, 2.67808],
			"to": [8.72625, 11.23097, 4.92808],
			"rotation": {"angle": 22.5, "axis": "z", "origin": [8.22625, 7.23097, 7.92808]},
			"faces": {
				"north": {"uv": [8, 8, 13, 10], "texture": "#0"},
				"east": {"uv": [8, 11, 10, 13], "texture": "#0"},
				"south": {"uv": [8, 9, 13, 11], "texture": "#0"},
				"west": {"uv": [9, 12, 11.25, 14.25], "texture": "#0"},
				"up": {"uv": [5, 5, 10, 7], "texture": "#0"},
				"down": {"uv": [6, 8, 11, 10], "texture": "#0"}
			}
		},
		{
			"from": [7.27375, 8.98097, 2.67808],
			"to": [11.77375, 11.23097, 4.92808],
			"rotation": {"angle": -22.5, "axis": "z", "origin": [7.77375, 7.23097, 7.92808]},
			"faces": {
				"north": {"uv": [4, 3, 9, 5], "texture": "#0"},
				"east": {"uv": [8, 7, 10, 9], "texture": "#0"},
				"south": {"uv": [4, 8, 9, 10], "texture": "#0"},
				"west": {"uv": [9, 8, 11.25, 10.25], "texture": "#0"},
				"up": {"uv": [9, 7, 14, 9], "texture": "#0"},
				"down": {"uv": [6, 9, 11, 11], "texture": "#0"}
			}
		},
		{
			"from": [5.5, 12.5, 4],
			"to": [10.5, 17.5, 9],
			"rotation": {"angle": -22.5, "axis": "x", "origin": [8, 17, 8]},
			"faces": {
				"north": {"uv": [3, 3, 9, 9], "texture": "#0"},
				"east": {"uv": [6, 3, 12, 9], "texture": "#0"},
				"south": {"uv": [9, 3, 15, 9], "texture": "#0"},
				"west": {"uv": [0, 3, 6, 9], "texture": "#0"},
				"up": {"uv": [3, 0, 9, 6], "texture": "#0"},
				"down": {"uv": [3, 6, 9, 12], "texture": "#0"}
			}
		}
	],
	"gui_light": "front",
	"display": {
		"thirdperson_righthand": {
			"rotation": [75, 45, 0],
			"translation": [0, 2.5, 0],
			"scale": [0.375, 0.375, 0.375]
		},
		"thirdperson_lefthand": {
			"rotation": [75, 45, 0],
			"translation": [0, 2.5, 0],
			"scale": [0.375, 0.375, 0.375]
		},
		"firstperson_righthand": {
			"rotation": [0, 45, 0],
			"scale": [0.4, 0.4, 0.4]
		},
		"firstperson_lefthand": {
			"rotation": [0, 225, 0],
			"scale": [0.4, 0.4, 0.4]
		},
		"ground": {
			"translation": [0, 3, 0],
			"scale": [0.65, 0.65, 0.65]
		},
		"gui": {
			"rotation": [30, 225, 0],
			"scale": [0.625, 0.625, 0.625]
		},
		"fixed": {
			"scale": [0.5, 0.5, 0.5]
		}
	}
}