{
	"credit": "Made with Blockbench",
	"texture_size": [32, 32],
	"textures": {
		"1": "beyondtheveil:blocks/vijhiss/vijhiss_leaves",
		"4": "beyondtheveil:blocks/vijhiss/vijhiss_trunk",
		"5": "beyondtheveil:blocks/vijhiss/vijhiss_roots",
		"particle": "beyondtheveil:blocks/vijhiss/vijhiss_trunk"
	},
	"elements": [
		{
			"from": [1, 14.25, 6],
			"to": [1.25, 21.25, 10],
			"rotation": {"angle": 45, "axis": "z", "origin": [4.5, 20.75, 7.5]},
			"faces": {
				"north": {"uv": [0, 0, 0, 0], "texture": "#1"},
				"east": {"uv": [1.5, 1.5, 2.5, 3.25], "texture": "#1"},
				"south": {"uv": [0, 0, 0, 0], "texture": "#1"},
				"west": {"uv": [2.5, 1.5, 3.5, 3.25], "texture": "#1"},
				"up": {"uv": [0.008, 0.008, 0.008, 0.008], "rotation": 90, "texture": "#1"}
			}
		},
		{
			"from": [6, 14.25, 3],
			"to": [10, 21.25, 3.25],
			"rotation": {"angle": -45, "axis": "x", "origin": [7.5, 18.25, 5.25]},
			"faces": {
				"north": {"uv": [3.5, 3.25, 4.5, 4.75], "texture": "#1"},
				"east": {"uv": [0, 0, 0, 0], "texture": "#1"},
				"south": {"uv": [4.5, 1.5, 5.5, 3], "texture": "#1"},
				"west": {"uv": [0, 0, 0, 0], "texture": "#1"},
				"up": {"uv": [0.008, 0.008, 0.008, 0.008], "texture": "#1"}
			}
		},
		{
			"from": [16.75, 15.25, 6],
			"to": [17, 22.25, 10],
			"rotation": {"angle": -45, "axis": "z", "origin": [11.25, 23.75, 7.5]},
			"faces": {
				"north": {"uv": [0, 0, 0, 0], "texture": "#1"},
				"east": {"uv": [1.5, 3.25, 2.5, 5], "texture": "#1"},
				"south": {"uv": [0, 0, 0, 0], "texture": "#1"},
				"west": {"uv": [2.5, 3.25, 3.5, 5], "texture": "#1"},
				"up": {"uv": [0.008, 0.008, 0.008, 0.008], "rotation": 90, "texture": "#1"}
			}
		},
		{
			"from": [6, 14.25, 12.75],
			"to": [10, 21.25, 13],
			"rotation": {"angle": 45, "axis": "x", "origin": [7.5, 18.25, 10.75]},
			"faces": {
				"north": {"uv": [0, 3.5, 1, 5.25], "texture": "#1"},
				"east": {"uv": [0, 0, 0, 0], "texture": "#1"},
				"south": {"uv": [3.5, 1.5, 4.5, 3.25], "texture": "#1"},
				"west": {"uv": [0, 0, 0, 0], "texture": "#1"},
				"up": {"uv": [0.008, 0.008, 0.008, 0.008], "texture": "#1"}
			}
		},
		{
			"from": [7, 20.31172, -5.59837],
			"to": [9, 20.41172, 2.40163],
			"rotation": {"angle": 22.5, "axis": "x", "origin": [10.5, 21.41172, -1.59837]},
			"faces": {
				"north": {"uv": [0, 0, 0, 0], "texture": "#1"},
				"east": {"uv": [0, 0, 0, 0], "rotation": 90, "texture": "#1"},
				"west": {"uv": [0, 0, 0, 0], "rotation": 270, "texture": "#1"},
				"up": {"uv": [4.992, 5.492, 4.508, 3.508], "texture": "#1"},
				"down": {"uv": [3.992, 4.758, 3.508, 6.742], "texture": "#1"}
			}
		},
		{
			"from": [-5.23404, 19.31858, 7],
			"to": [2.76596, 19.41858, 9],
			"rotation": {"angle": -22.5, "axis": "z", "origin": [0.76596, 21.41858, 4.5]},
			"faces": {
				"north": {"uv": [0, 0, 0, 0], "rotation": 90, "texture": "#1"},
				"south": {"uv": [0, 0, 0, 0], "rotation": 270, "texture": "#1"},
				"west": {"uv": [0, 0, 0, 0], "texture": "#1"},
				"up": {"uv": [6.992, 0.492, 5.008, 0.008], "texture": "#1"},
				"down": {"uv": [6.992, 0.508, 5.008, 0.992], "texture": "#1"}
			}
		},
		{
			"from": [7, 18.32218, 13.59629],
			"to": [9, 18.42218, 21.59629],
			"rotation": {"angle": -22.5, "axis": "x", "origin": [8.5, 20.42218, 12.59629]},
			"faces": {
				"east": {"uv": [0, 0, 0, 0], "rotation": 270, "texture": "#1"},
				"south": {"uv": [0, 0, 0, 0], "texture": "#1"},
				"west": {"uv": [0, 0, 0, 0], "rotation": 90, "texture": "#1"},
				"up": {"uv": [4.492, 6.742, 4.008, 4.758], "texture": "#1"},
				"down": {"uv": [1.992, 5.008, 1.508, 6.992], "texture": "#1"}
			}
		},
		{
			"from": [13.77225, 18.24052, 7],
			"to": [21.77225, 18.34052, 9],
			"rotation": {"angle": 22.5, "axis": "z", "origin": [12.77225, 19.34052, 6.5]},
			"faces": {
				"north": {"uv": [0, 0, 0, 0], "rotation": 90, "texture": "#1"},
				"east": {"uv": [0, 0, 0, 0], "texture": "#1"},
				"south": {"uv": [0, 0, 0, 0], "rotation": 270, "texture": "#1"},
				"up": {"uv": [6.992, 1.492, 5.008, 1.008], "texture": "#1"},
				"down": {"uv": [6.992, 3.508, 5.008, 3.992], "texture": "#1"}
			}
		},
		{
			"from": [7.5, 22.09639, -7.28435],
			"to": [8.5, 25.09639, -7.28435],
			"rotation": {"angle": -22.5, "axis": "x", "origin": [11, 26.09639, -6.28435]},
			"faces": {
				"north": {"uv": [2, 5, 2.25, 5.75], "texture": "#1"},
				"south": {"uv": [2.25, 5, 2.5, 5.75], "texture": "#1"}
			}
		},
		{
			"from": [22.98103, 21.95803, 7.5],
			"to": [22.98103, 24.95803, 8.5],
			"rotation": {"angle": -22.5, "axis": "z", "origin": [21.98103, 25.70803, 11]},
			"faces": {
				"east": {"uv": [2.5, 5, 2.75, 5.75], "texture": "#1"},
				"west": {"uv": [2.75, 5, 3, 5.75], "texture": "#1"}
			}
		},
		{
			"from": [7.5, 22.11581, 23.18775],
			"to": [8.5, 25.11581, 23.18775],
			"rotation": {"angle": 22.5, "axis": "x", "origin": [22, 25.86581, 22.18775]},
			"faces": {
				"north": {"uv": [3, 5, 3.25, 5.75], "texture": "#1"},
				"south": {"uv": [3.25, 5, 3.5, 5.75], "texture": "#1"}
			}
		},
		{
			"from": [-7.05479, 21.96377, 7.5],
			"to": [-7.05479, 24.96377, 8.5],
			"rotation": {"angle": 22.5, "axis": "z", "origin": [-6.05479, 25.71377, 20]},
			"faces": {
				"east": {"uv": [5, 4, 5.25, 4.75], "texture": "#1"},
				"west": {"uv": [5, 4.75, 5.25, 5.5], "texture": "#1"}
			}
		},
		{
			"from": [-2.75, 14.4, 6.5],
			"to": [15.25, 14.4, 7.5],
			"shade": false,
			"rotation": {"angle": 45, "axis": "y", "origin": [8.25, 2.5, 5.5]},
			"faces": {
				"up": {"uv": [8.992, 3.242, 4.508, 3.008], "texture": "#1"},
				"down": {"uv": [8.992, 3.258, 4.508, 3.492], "texture": "#1"}
			}
		},
		{
			"from": [6, 14.4, -0.75],
			"to": [7, 14.4, 17.25],
			"shade": false,
			"rotation": {"angle": 45, "axis": "y", "origin": [7, 2.5, 6.25]},
			"faces": {
				"up": {"uv": [1.242, 7.992, 1.008, 3.508], "texture": "#1"},
				"down": {"uv": [1.492, 3.508, 1.258, 7.992], "texture": "#1"}
			}
		},
		{
			"from": [5, 14.5, 1.25],
			"to": [8, 14.5, 15.25],
			"shade": false,
			"rotation": {"angle": 45, "axis": "y", "origin": [7, 2.5, 6.25]},
			"faces": {
				"up": {"uv": [0.742, 3.492, 0.008, 0.008], "texture": "#1"},
				"down": {"uv": [1.492, 0.008, 0.758, 3.492], "texture": "#1"}
			}
		},
		{
			"from": [1.25, 14.5, 8],
			"to": [15.25, 14.5, 11],
			"shade": false,
			"rotation": {"angle": 45, "axis": "y", "origin": [6.25, 2.5, 9]},
			"faces": {
				"up": {"uv": [4.992, 0.742, 1.508, 0.008], "texture": "#1"},
				"down": {"uv": [4.992, 0.758, 1.508, 1.492], "texture": "#1"}
			}
		},
		{
			"from": [5.99, 13.5, 5.99],
			"to": [10.01, 17.5, 10.01],
			"rotation": {"angle": 0, "axis": "y", "origin": [-0.01, -5.5, -0.01]},
			"faces": {
				"north": {"uv": [6, 0, 8, 2], "texture": "#4"},
				"east": {"uv": [6, 2, 8, 4], "texture": "#4"},
				"south": {"uv": [6, 4, 8, 6], "texture": "#4"},
				"west": {"uv": [6, 6, 8, 8], "texture": "#4"},
				"up": {"uv": [2, 9, 0, 7], "texture": "#4"},
				"down": {"uv": [4, 7, 2, 9], "texture": "#4"}
			}
		},
		{
			"from": [6.5, 0, 6.5],
			"to": [9.5, 14, 9.5],
			"rotation": {"angle": 0, "axis": "y", "origin": [6.5, -2, 6.5]},
			"faces": {
				"north": {"uv": [0, 0, 1.5, 7], "texture": "#4"},
				"east": {"uv": [1.5, 0, 3, 7], "texture": "#4"},
				"south": {"uv": [3, 0, 4.5, 7], "texture": "#4"},
				"west": {"uv": [4.5, 0, 6, 7], "texture": "#4"}
			}
		},
		{
			"from": [10.75, 1.25, 7],
			"to": [13.75, 9.75, 9],
			"rotation": {"angle": 22.5, "axis": "z", "origin": [16.25, -2.5, 0]},
			"faces": {
				"north": {"uv": [0, 0, 1.5, 4.5], "texture": "#5"},
				"east": {"uv": [6, 0, 7, 4.5], "texture": "#5"},
				"south": {"uv": [1.5, 0, 3, 4.5], "texture": "#5"},
				"west": {"uv": [6, 4.5, 7, 9], "texture": "#5"}
			}
		},
		{
			"from": [7, 1.5, 3.25],
			"to": [9, 10, 6.25],
			"rotation": {"angle": 22.5, "axis": "x", "origin": [0, 0.5, -0.25]},
			"faces": {
				"north": {"uv": [7, 0, 8, 4.5], "texture": "#5"},
				"east": {"uv": [3, 0, 4.5, 4.5], "texture": "#5"},
				"south": {"uv": [7, 4.5, 8, 9], "texture": "#5"},
				"west": {"uv": [0, 4.5, 1.5, 9], "texture": "#5"}
			}
		},
		{
			"from": [2.25, 1.25, 7],
			"to": [5.25, 9.75, 9],
			"rotation": {"angle": -22.5, "axis": "z", "origin": [-0.25, -2.25, 16]},
			"faces": {
				"north": {"uv": [4.5, 0, 6, 4.5], "texture": "#5"},
				"east": {"uv": [8, 0, 9, 4.5], "texture": "#5"},
				"south": {"uv": [1.5, 4.5, 3, 9], "texture": "#5"},
				"west": {"uv": [8, 4.5, 9, 9], "texture": "#5"}
			}
		},
		{
			"from": [7, 1.5, 9.75],
			"to": [8.75, 10, 12.75],
			"rotation": {"angle": -22.5, "axis": "x", "origin": [16, 0.5, 16.25]},
			"faces": {
				"north": {"uv": [0, 9, 1, 13.5], "texture": "#5"},
				"east": {"uv": [3, 4.5, 4.5, 9], "texture": "#5"},
				"south": {"uv": [9, 0, 10, 4.5], "texture": "#5"},
				"west": {"uv": [4.5, 4.5, 6, 9], "texture": "#5"}
			}
		},
		{
			"from": [-1, -0.5, 7.5],
			"to": [5, 1.5, 8.5],
			"rotation": {"angle": 22.5, "axis": "z", "origin": [1.5, 3, 16]},
			"faces": {
				"north": {"uv": [1, 9, 4, 10], "texture": "#5"},
				"south": {"uv": [4, 9, 7, 10], "texture": "#5"},
				"west": {"uv": [8.5, 10, 9, 11], "texture": "#5"},
				"up": {"uv": [12, 9, 9, 8.5], "texture": "#5"},
				"down": {"uv": [4, 10, 1, 10.5], "texture": "#5"}
			}
		},
		{
			"from": [7.5, -3.5, 11.5],
			"to": [8.5, -1.5, 17.75],
			"rotation": {"angle": 22.5, "axis": "x", "origin": [16, 3, 22.75]},
			"faces": {
				"east": {"uv": [9, 4.5, 12, 5.5], "texture": "#5"},
				"south": {"uv": [9, 10, 9.5, 11], "texture": "#5"},
				"west": {"uv": [9, 5.5, 12, 6.5], "texture": "#5"},
				"up": {"uv": [10.5, 4, 10, 1], "texture": "#5"},
				"down": {"uv": [4.5, 10, 4, 13], "texture": "#5"}
			}
		},
		{
			"from": [11, -0.5, 7.5],
			"to": [17, 1.5, 8.5],
			"rotation": {"angle": -22.5, "axis": "z", "origin": [14.5, 3, 0]},
			"faces": {
				"north": {"uv": [9, 6.5, 12, 7.5], "texture": "#5"},
				"east": {"uv": [10, 9, 10.5, 10], "texture": "#5"},
				"south": {"uv": [7, 9, 10, 10], "texture": "#5"},
				"up": {"uv": [13, 4.5, 10, 4], "texture": "#5"},
				"down": {"uv": [7.5, 10, 4.5, 10.5], "texture": "#5"}
			}
		},
		{
			"from": [7.5, -3.5, -1.75],
			"to": [8.5, -1.5, 4.5],
			"rotation": {"angle": -22.5, "axis": "x", "origin": [0, 3, -6.75]},
			"faces": {
				"north": {"uv": [9.5, 10, 10, 11], "texture": "#5"},
				"east": {"uv": [9, 7.5, 12, 8.5], "texture": "#5"},
				"west": {"uv": [10, 0, 13, 1], "texture": "#5"},
				"up": {"uv": [8, 13, 7.5, 10], "texture": "#5"},
				"down": {"uv": [8.5, 10, 8, 13], "texture": "#5"}
			}
		}
	],
	"display": {
		"thirdperson_righthand": {
			"rotation": [75, 45, 0],
			"translation": [0, 2.5, 0],
			"scale": [0.375, 0.375, 0.375]
		},
		"thirdperson_lefthand": {
			"rotation": [75, 45, 0],
			"translation": [0, 2.5, 0],
			"scale": [0.375, 0.375, 0.375]
		},
		"firstperson_righthand": {
			"rotation": [0, 45, 0],
			"scale": [0.4, 0.4, 0.4]
		},
		"firstperson_lefthand": {
			"rotation": [0, 225, 0],
			"scale": [0.4, 0.4, 0.4]
		},
		"ground": {
			"scale": [0.25, 0.25, 0.25]
		},
		"gui": {
			"rotation": [-90, -70, -115],
			"translation": [-0.5, -2.25, 0],
			"scale": [0.625, 0.625, 0.625]
		},
		"fixed": {
			"rotation": [1, -57.24, 46.52],
			"translation": [1.75, -2, -4],
			"scale": [0.625, 0.625, 0.625]
		}
	},
	"groups": [
		{
			"name": "group",
			"origin": [6.69906, 24.84776, 11.31987],
			"color": 0,
			"children": [
				0,
				1,
				2,
				3,
				{
					"name": "group",
					"origin": [12.3123, 26.19192, 7.05451],
					"color": 0,
					"children": [
						4,
						5,
						6,
						7,
						{
							"name": "group",
							"origin": [13.11324, 26.19192, 6.5],
							"color": 0,
							"children": [8, 9, 10, 11]
						}
					]
				}
			]
		},
		{
			"name": "group",
			"origin": [5.4313, 8, 9.61517],
			"color": 0,
			"children": [12, 13, 14, 15]
		},
		{
			"name": "group",
			"origin": [-0.80094, 0, 0.55451],
			"color": 0,
			"children": [16, 17]
		},
		{
			"name": "group",
			"origin": [15.21099, 2.79192, 17.59046],
			"color": 0,
			"children": [
				18,
				19,
				20,
				21,
				{
					"name": "group",
					"origin": [-0.80094, 2.94752, -6.92844],
					"color": 0,
					"children": [22, 23, 24, 25]
				}
			]
		}
	]
}