{
   "parent": "item/generated",
   "textures": {
       "layer0": "beyondtheveil:items/blackjack"
   },
    "display": {
        "thirdperson_righthand": {
            "rotation": [ -80, 80, 140 ],
            "translation": [ -1, 3.5, 2.5 ],
            "scale": [ 0.9, 0.9, 0.9 ]
        },
        "thirdperson_lefthand": {
            "rotation": [ -80, 260, 220 ],
            "translation": [ -1, 3.5, 2.5 ],
            "scale": [ 0.9, 0.9, 0.9 ]
        },
        "firstperson_righthand": {
            "rotation": [ 0, 90, 25 ],
            "translation": [ 1.13, 3.2, 1.13],
            "scale": [ 0.68, 0.68, 0.68 ]
        },
        "firstperson_lefthand": {
            "rotation": [ 0, -90, -25 ],
            "translation": [ 1.13, 3.2, 1.13],
            "scale": [ 0.68, 0.68, 0.68 ]
        }
    }
}