{
   "parent": "beyondtheveil:block/city_mapper",
   "display": {
	   "thirdperson_righthand": {
		   "scale": [ 0.55, 0.55, 0.55 ]
	   },
	   "firstperson_righthand": {
		   "scale": [ 0.55, 0.55, 0.55 ]
	   },
	   "thirdperson_lefthand": {
		   "scale": [ 0.55, 0.55, 0.55 ]
	   },
	   "firstperson_lefthand": {
		   "scale": [ 0.55, 0.55, 0.55 ]
	   },
	   "gui": {
		   "rotation": [ 36.5, 135, 0 ],
		   "scale": [ 0.625, 0.625, 0.625 ]
	   },
	   "ground": {
		   "scale": [ 0.55, 0.55, 0.55]
	   }
   }
}