{
    "parent": "item/generated",
    "textures": {
        "layer0": "beyondtheveil:items/coral_staff"
    },
    "display": {
        "thirdperson_righthand": {
            "rotation": [ -80, 80, 140 ],
            "translation": [ -1, 1.8, 2.3 ],
            "scale": [ 0.9, 0.9, 0.9 ]
        },
        "thirdperson_lefthand": {
            "rotation": [ -80, 260, 220 ],
            "translation": [ -1, 1.8, 2.3 ],
            "scale": [ 0.9, 0.9, 0.9 ]
        },
        "firstperson_righthand": {
            "rotation": [ 0, 90, 25 ],
            "translation": [ 1.13, 1.2, 1.13],
            "scale": [ 0.68, 0.68, 0.68 ]
        },
        "firstperson_lefthand": {
            "rotation": [ 0, -90, -25 ],
            "translation": [ 1.13, 1.2, 1.13],
            "scale": [ 0.68, 0.68, 0.68 ]
        }
    }
}
