{
	"credit": "Made with Blockbench",
	"texture_size": [32, 32],
	"textures": {
		"1": "beyondtheveil:items/crucible/rod",
		"particle": "beyondtheveil:items/crucible/rod"
	},
	"elements": [
		{
			"from": [7, -12.2, 7],
			"to": [9, -6, 9],
			"rotation": {"angle": 0, "axis": "y", "origin": [0, 2.5, 0]},
			"faces": {
				"north": {"uv": [7, 5.5, 8, 7.5], "texture": "#1"},
				"east": {"uv": [6, 5.5, 7, 7.5], "texture": "#1"},
				"south": {"uv": [9, 5.5, 10, 7.5], "texture": "#1"},
				"west": {"uv": [8, 5.5, 9, 7.5], "texture": "#1"},
				"up": {"uv": [8, 5.5, 7, 4.5], "texture": "#1"},
				"down": {"uv": [9, 4.5, 8, 5.5], "texture": "#1"}
			}
		},
		{
			"from": [6, -7, 6.5],
			"to": [10, -3, 9.5],
			"rotation": {"angle": 0, "axis": "y", "origin": [0, 7.5, 0]},
			"faces": {
				"north": {"uv": [1.5, 3.5, 3.5, 5.5], "texture": "#1"},
				"east": {"uv": [0, 3.5, 1.5, 5.5], "texture": "#1"},
				"south": {"uv": [5, 3.5, 7, 5.5], "texture": "#1"},
				"west": {"uv": [3.5, 3.5, 5, 5.5], "texture": "#1"},
				"up": {"uv": [3.5, 3.5, 1.5, 2], "texture": "#1"},
				"down": {"uv": [5.5, 2, 3.5, 3.5], "texture": "#1"}
			}
		},
		{
			"from": [7.25747, -13.8751, 7],
			"to": [9.25747, -11.8751, 9],
			"rotation": {"angle": 45, "axis": "z", "origin": [8.44372, -13.13007, 8], "rescale": true},
			"faces": {
				"north": {"uv": [9, 6.5, 10, 7.5], "texture": "#1"},
				"east": {"uv": [9, 6.5, 10, 7.5], "texture": "#1"},
				"south": {"uv": [9, 6.5, 10, 7.5], "texture": "#1"},
				"west": {"uv": [9, 6.5, 10, 7.5], "texture": "#1"},
				"up": {"uv": [9, 6.5, 10, 7.5], "texture": "#1"},
				"down": {"uv": [9, 6.5, 10, 7.5], "texture": "#1"}
			}
		},
		{
			"from": [10.25747, -10.8751, 7.25],
			"to": [14.25747, -6.8751, 8.75],
			"rotation": {"angle": 45, "axis": "z", "origin": [8.44372, -13.13007, 8], "rescale": true},
			"faces": {
				"north": {"uv": [9, 6.5, 10, 7.5], "texture": "#1"},
				"east": {"uv": [9, 6.5, 10, 7.5], "texture": "#1"},
				"south": {"uv": [9, 6.5, 10, 7.5], "texture": "#1"},
				"west": {"uv": [9, 6.5, 10, 7.5], "texture": "#1"},
				"up": {"uv": [9, 6.5, 10, 7.5], "texture": "#1"},
				"down": {"uv": [9, 6.5, 10, 7.5], "texture": "#1"}
			}
		}
	],
	"overrides": [
		{
			"predicate": {
				"damaged": 1
			},
			"model": "beyondtheveil:item/crucible_exhausted"
		}
	],
	"display": {
		"thirdperson_righthand": {
			"rotation": [-135, 80, 140],
			"translation": [-2, 15.25, 2.75]
		},
		"thirdperson_lefthand": {
			"rotation": [-135, 80, 140],
			"translation": [-2, 15.25, 2.75]
		},
		"firstperson_righthand": {
			"rotation": [-22.5, -79.25, -33],
			"translation": [0, 14.5, 0]
		},
		"firstperson_lefthand": {
			"rotation": [-22.5, -79.25, -33],
			"translation": [0, 14.5, 0]
		},
		"ground": {
			"rotation": [-90, 0, 0]
		},
		"gui": {
			"rotation": [0, 0, -45],
			"translation": [8, 5, 0],
			"scale": [0.8, 0.8, 0.8]
		},
		"head": {
			"rotation": [0, 0, 90]
		},
		"fixed": {
			"rotation": [0, 0, 45],
			"translation": [0, 0, -1]
		}
	}
}