{
	"credit": "Made with Blockbench",
	"texture_size": [32, 32],
	"textures": {
		"1": "beyondtheveil:items/crucible/rod",
		"2": "beyondtheveil:items/crucible/blade",
		"3": "beyondtheveil:items/crucible/glow",
		"particle": "beyondtheveil:items/crucible/rod"
	},
	"elements": [
		{
			"from": [7, -12.2, 7],
			"to": [9, -6, 9],
			"rotation": {"angle": 0, "axis": "y", "origin": [0, 2.5, 0]},
			"faces": {
				"north": {"uv": [7, 5.5, 8, 7.5], "texture": "#1"},
				"east": {"uv": [6, 5.5, 7, 7.5], "texture": "#1"},
				"south": {"uv": [9, 5.5, 10, 7.5], "texture": "#1"},
				"west": {"uv": [8, 5.5, 9, 7.5], "texture": "#1"},
				"up": {"uv": [8, 5.5, 7, 4.5], "texture": "#1"},
				"down": {"uv": [9, 4.5, 8, 5.5], "texture": "#1"}
			}
		},
		{
			"from": [6, -7, 6.5],
			"to": [10, -3, 9.5],
			"rotation": {"angle": 0, "axis": "y", "origin": [0, 7.5, 0]},
			"faces": {
				"north": {"uv": [1.5, 3.5, 3.5, 5.5], "texture": "#1"},
				"east": {"uv": [0, 3.5, 1.5, 5.5], "texture": "#1"},
				"south": {"uv": [5, 3.5, 7, 5.5], "texture": "#1"},
				"west": {"uv": [3.5, 3.5, 5, 5.5], "texture": "#1"},
				"up": {"uv": [3.5, 3.5, 1.5, 2], "texture": "#1"},
				"down": {"uv": [5.5, 2, 3.5, 3.5], "texture": "#1"}
			}
		},
		{
			"from": [5.5, -4, 7.951],
			"to": [10.5, 25, 8.049],
			"shade": false,
			"rotation": {"angle": 0, "axis": "y", "origin": [6, -9, 7.951]},
			"faces": {
				"north": {"uv": [0, 0, 2.5, 14.5], "texture": "#2"},
				"east": {"uv": [0, 0, 0, 14.5], "texture": "#2"},
				"south": {"uv": [2.5, 0, 5, 14.5], "texture": "#2"},
				"west": {"uv": [2.5, 0, 2.5, 14.5], "texture": "#2"},
				"up": {"uv": [2.5, 0, 0, 0], "texture": "#2"},
				"down": {"uv": [5, 0, 2.5, 0], "texture": "#2"}
			}
		},
		{
			"from": [4.5, -5, 7.951],
			"to": [11.5, 25, 8.049],
			"shade": false,
			"rotation": {"angle": 0, "axis": "y", "origin": [6, -9, 7.951]},
			"faces": {
				"north": {"uv": [0, 0, 3.5, 15], "texture": "#3"},
				"east": {"uv": [7, 0, 7.5, 15], "texture": "#3"},
				"south": {"uv": [3.5, 0, 7, 15], "texture": "#3"},
				"west": {"uv": [7.5, 0, 8, 15], "texture": "#3"},
				"up": {"uv": [11.5, 5.5, 8, 5], "texture": "#3"},
				"down": {"uv": [11.5, 5.5, 8, 6], "texture": "#3"}
			}
		},
		{
			"from": [15.4999, 22, 7.95],
			"to": [18.4999, 25, 8.05],
			"shade": false,
			"rotation": {"angle": 45, "axis": "z", "origin": [15.99993, 14.50012, 8.2], "rescale": true},
			"faces": {
				"north": {"uv": [5, 0, 6.5, 1.5], "texture": "#2"},
				"east": {"uv": [5, 0, 5, 1.5], "texture": "#2"},
				"south": {"uv": [6.5, 0, 8, 1.5], "texture": "#2"},
				"west": {"uv": [6.5, 0, 6.5, 1.5], "texture": "#2"},
				"up": {"uv": [6.5, 0, 5, 0], "texture": "#2"},
				"down": {"uv": [8, 0, 6.5, 0], "texture": "#2"}
			}
		},
		{
			"from": [6.4999, 13, 7.95],
			"to": [7.4999, 14, 8.05],
			"shade": false,
			"rotation": {"angle": 45, "axis": "z", "origin": [15.99993, 14.50012, 8.2], "rescale": true},
			"faces": {
				"north": {"uv": [5, 1.5, 6.5, 3], "texture": "#2"},
				"east": {"uv": [7, 1.5, 6.5, 3], "texture": "#2"},
				"south": {"uv": [5, 1.5, 6.5, 3], "texture": "#2"},
				"west": {"uv": [7, 1.5, 6.5, 3], "texture": "#2"},
				"up": {"uv": [8, 1.5, 6.5, 2], "texture": "#2"},
				"down": {"uv": [8, 1.5, 6.5, 2], "texture": "#2"}
			}
		},
		{
			"from": [13.4999, 20, 7.95],
			"to": [14.4999, 21, 8.05],
			"shade": false,
			"rotation": {"angle": 45, "axis": "z", "origin": [15.99993, 14.50012, 8.2], "rescale": true},
			"faces": {
				"north": {"uv": [5, 3, 6.5, 4.5], "texture": "#2"},
				"east": {"uv": [7, 3, 6.5, 4.5], "texture": "#2"},
				"south": {"uv": [5, 3, 6.5, 4.5], "texture": "#2"},
				"west": {"uv": [7, 3, 6.5, 4.5], "texture": "#2"},
				"up": {"uv": [8, 3, 6.5, 3.5], "texture": "#2"},
				"down": {"uv": [8, 3, 6.5, 3.5], "texture": "#2"}
			}
		},
		{
			"from": [7.2999, 0.8, 7.95],
			"to": [8.0069, 1.507, 8.05],
			"shade": false,
			"rotation": {"angle": 45, "axis": "z", "origin": [7.9999, 1.5, 8]},
			"faces": {
				"north": {"uv": [5, 4.5, 5.3535, 4.8535], "texture": "#2"},
				"east": {"uv": [5, 4.5, 5.3535, 4.8535], "texture": "#2"},
				"south": {"uv": [5, 4.5, 5.3535, 4.8535], "texture": "#2"},
				"west": {"uv": [5, 4.5, 5.3535, 4.8535], "texture": "#2"},
				"up": {"uv": [5, 4.5, 5.3535, 4.8535], "texture": "#2"},
				"down": {"uv": [5, 4.5, 5.3535, 4.8535], "texture": "#2"}
			}
		},
		{
			"from": [7.25747, -13.8751, 7],
			"to": [9.25747, -11.8751, 9],
			"rotation": {"angle": 45, "axis": "z", "origin": [8.44372, -13.13007, 8], "rescale": true},
			"faces": {
				"north": {"uv": [9, 6.5, 10, 7.5], "texture": "#1"},
				"east": {"uv": [9, 6.5, 10, 7.5], "texture": "#1"},
				"south": {"uv": [9, 6.5, 10, 7.5], "texture": "#1"},
				"west": {"uv": [9, 6.5, 10, 7.5], "texture": "#1"},
				"up": {"uv": [9, 6.5, 10, 7.5], "texture": "#1"},
				"down": {"uv": [9, 6.5, 10, 7.5], "texture": "#1"}
			}
		},
		{
			"from": [10.25747, -10.8751, 7.25],
			"to": [14.25747, -6.8751, 8.75],
			"rotation": {"angle": 45, "axis": "z", "origin": [8.44372, -13.13007, 8], "rescale": true},
			"faces": {
				"north": {"uv": [9, 6.5, 10, 7.5], "texture": "#1"},
				"east": {"uv": [9, 6.5, 10, 7.5], "texture": "#1"},
				"south": {"uv": [9, 6.5, 10, 7.5], "texture": "#1"},
				"west": {"uv": [9, 6.5, 10, 7.5], "texture": "#1"},
				"up": {"uv": [9, 6.5, 10, 7.5], "texture": "#1"},
				"down": {"uv": [9, 6.5, 10, 7.5], "texture": "#1"}
			}
		}
	],
	"overrides": [
		{
			"predicate": {
				"damaged": 1
			},
			"model": "beyondtheveil:item/crucible_exhausted"
		}
	],
	"display": {
		"thirdperson_righthand": {
			"rotation": [-135, 80, 140],
			"translation": [-2.5, 15.25, 2.75]
		},
		"thirdperson_lefthand": {
			"rotation": [-135, 80, 140],
			"translation": [-2.5, 15.25, 2.75]
		},
		"firstperson_righthand": {
			"rotation": [-22.5, -79.25, -33],
			"translation": [4.5, 11.5, 0]
		},
		"firstperson_lefthand": {
			"rotation": [-22.5, -79.25, -33],
			"translation": [4.5, 11.5, 0]
		},
		"ground": {
			"rotation": [-90, 0, 0]
		},
		"gui": {
			"rotation": [0, 0, -45],
			"translation": [0.75, 0.75, 0],
			"scale": [0.8, 0.8, 0.8]
		},
		"head": {
			"rotation": [0, 0, 90]
		},
		"fixed": {
			"rotation": [0, 0, 45],
			"translation": [0, 0, -1]
		}
	}
}