{
   "parent": "beyondtheveil:block/curtain",
   "display": {
	   "thirdperson_righthand": {
		   "scale": [ 0.55, 0.55, 0.55 ],
           "translation": [ 1, 0, 0 ]
	   },
	   "firstperson_righthand": {
		   "scale": [ 0.55, 0.55, 0.55 ]
	   },
	   "thirdperson_lefthand": {
		   "scale": [ 0.55, 0.55, 0.55 ],
           "translation": [ 1, 0, 0 ]
	   },
	   "firstperson_lefthand": {
		   "scale": [ 0.55, 0.55, 0.55 ]
	   },
	   "gui": {
		   "rotation": [ 36.5, 45, 0 ],
		   "scale": [ 0.6, 0.6, 0.6 ]
	   },
	   "ground": {
		   "scale": [ 0.55, 0.55, 0.55]
	   }
   }
}