{
   "parent": "beyondtheveil:block/damp_canopy",
   "gui_light": "front",
   "display": {
	   "thirdperson_righthand": {
		   "scale": [ 0.55, 0.55, 0.55 ]
	   },
	   "firstperson_righthand": {
		   "scale": [ 0.55, 0.55, 0.55 ]
	   },
	   "thirdperson_lefthand": {
		   "scale": [ 0.55, 0.55, 0.55 ]
	   },
	   "firstperson_lefthand": {
		   "scale": [ 0.55, 0.55, 0.55 ]
	   },
	   "gui": {
		   "rotation": [ 75, 0, 40 ],
		   "scale": [ 0.75, 0.75, 0.75 ]
	   },
	   "ground": {
		   "scale": [ 0.55, 0.55, 0.55]
	   }
   }
}