{
   "parent": "item/generated",
   "display": {
		"thirdperson_righthand": {
			"rotation": [67.5, -90, 0],
			"translation": [ 0, 1.5, 0],
			"scale": [0.5, 0.5, 0.5]
			
		},
		"thirdperson_lefthand": {
			"rotation": [67.5, 90, 0],
			"translation": [ 0, 1.5, 0],
			"scale": [0.5, 0.5, 0.5]
		},
		"firstperson_righthand": {
            "rotation": [ 15, -90, 0],
            "translation": [ 0, 3, 1],
            "scale": [ 0.7, 0.7, 0.7]
        },
		"firstperson_lefthand": {
            "rotation": [ 15, 90, 0],
            "translation": [ 0, 3, 1],
            "scale": [ 0.7, 0.7, 0.7]
        }
	}
}