{
   "parent": "beyondtheveil:block/fume_spreader",
	"display": {
		"firstperson_righthand": {
			"translation": [0, 5, 0]
		},
		"firstperson_lefthand": {
			"translation": [0, 5, 0]
		},
		"thirdperson_righthand": {
			"translation": [0, 5, 0],
			"scale": [0.65,0.65,0.65]
		},
		"thirdperson_lefthand": {
			"translation": [0, 5, 0],
			"scale": [0.65,0.65,0.65]
		},
		"ground": {
			"translation": [0, 3.75, 0],
			"scale": [0.5,0.5,0.5]
		},
		"gui": {
			"rotation": [18.6, -47.65, 13.35],
			"translation": [0, 3.5, 0],
			"scale": [1.1,1.1,1.1]
		},
		"fixed": {
			"translation": [0, 5, 0],
			"scale": [1.25, 1.25, 1.25]
		}
	}
}