{
	"credit": "Made with Blockbench",
	"texture_size": [64, 64],
	"textures": {
		"2": "entity/villager/farmer"
	},
	"elements": [
		{
			"from": [4, -3.01975, -7.41123],
			"to": [12, 4.98025, 2.58877],
			"rotation": {"angle": 45, "axis": "x", "origin": [8.00278, 3.14024, 6.97767]},
			"faces": {
				"north": {"uv": [4, 2, 2, 0], "rotation": 180, "texture": "#2"},
				"east": {"uv": [0, 2, 2, 4.5], "rotation": 90, "texture": "#2"},
				"south": {"uv": [6, 0, 4, 2], "texture": "#2"},
				"west": {"uv": [4, 2, 6, 4.5], "rotation": 270, "texture": "#2"},
				"up": {"uv": [6, 2, 8, 4.5], "texture": "#2"},
				"down": {"uv": [2, 2, 4, 4.5], "rotation": 180, "texture": "#2"}
			}
		},
		{
			"from": [3.65, 0.91258, -0.63209],
			"to": [12.4, 7.41258, 19.36791],
			"rotation": {"angle": 22.5, "axis": "x", "origin": [8.00278, 3.14024, 6.97767]},
			"faces": {
				"north": {"uv": [3.5, 11, 1.5, 9.5], "rotation": 180, "texture": "#2"},
				"east": {"uv": [0, 11, 1.5, 16], "rotation": 90, "texture": "#2"},
				"south": {"uv": [5.5, 9.5, 3.5, 11], "texture": "#2"},
				"west": {"uv": [3.5, 11, 5, 16], "rotation": 270, "texture": "#2"},
				"up": {"uv": [5, 11, 7, 16], "texture": "#2"},
				"down": {"uv": [1.5, 11, 3.5, 16], "rotation": 180, "texture": "#2"}
			}
		},
		{
			"from": [0.5, 1.32895, 2.92105],
			"to": [4.5, 9.32895, 6.92105],
			"rotation": {"angle": -22.5, "axis": "x", "origin": [8.00278, 3.14024, 6.97767]},
			"faces": {
				"north": {"uv": [12, 6.5, 13, 8.5], "texture": "#2"},
				"east": {"uv": [11, 6.5, 12, 8.5], "texture": "#2"},
				"south": {"uv": [14, 6.5, 15, 8.5], "texture": "#2"},
				"west": {"uv": [13, 6.5, 14, 8.5], "texture": "#2"},
				"up": {"uv": [13, 6.5, 12, 5.5], "texture": "#2"},
				"down": {"uv": [14, 5.5, 13, 6.5], "texture": "#2"}
			}
		},
		{
			"from": [11.5, 1.32895, 2.92105],
			"to": [15.5, 9.32895, 6.92105],
			"rotation": {"angle": -22.5, "axis": "x", "origin": [8.00278, 3.14024, 6.97767]},
			"faces": {
				"north": {"uv": [12, 6.5, 13, 8.5], "texture": "#2"},
				"east": {"uv": [11, 6.5, 12, 8.5], "texture": "#2"},
				"south": {"uv": [14, 6.5, 15, 8.5], "texture": "#2"},
				"west": {"uv": [13, 6.5, 14, 8.5], "texture": "#2"},
				"up": {"uv": [13, 6.5, 12, 5.5], "texture": "#2"},
				"down": {"uv": [14, 5.5, 13, 6.5], "texture": "#2"}
			}
		},
		{
			"from": [4.5, 1.32895, 2.92105],
			"to": [11.5, 5.32895, 6.92105],
			"rotation": {"angle": -22.5, "axis": "x", "origin": [8.00278, 3.14024, 6.97767]},
			"faces": {
				"north": {"uv": [13, 10.5, 11.25, 9.5], "rotation": 180, "texture": "#2"},
				"east": {"uv": [10.25, 10.5, 11.25, 11.5], "rotation": 90, "texture": "#2"},
				"south": {"uv": [14.75, 9.5, 13, 10.5], "texture": "#2"},
				"west": {"uv": [13, 10.5, 14, 11.5], "rotation": 270, "texture": "#2"},
				"up": {"uv": [14, 10.5, 15.75, 11.5], "texture": "#2"},
				"down": {"uv": [11.25, 10.5, 13, 11.5], "rotation": 180, "texture": "#2"}
			}
		},
		{
			"from": [7, -5.01975, -0.41123],
			"to": [9, -3.01975, 3.58877],
			"rotation": {"angle": 45, "axis": "x", "origin": [8.00278, 3.14024, 6.97767]},
			"faces": {
				"north": {"uv": [7, 0.5, 6.5, 0], "rotation": 180, "texture": "#2"},
				"east": {"uv": [6, 0.5, 6.5, 1.5], "rotation": 90, "texture": "#2"},
				"south": {"uv": [7.5, 0, 7, 0.5], "texture": "#2"},
				"west": {"uv": [7, 0.5, 7.5, 1.5], "rotation": 270, "texture": "#2"},
				"up": {"uv": [7.5, 0.5, 8, 1.5], "texture": "#2"},
				"down": {"uv": [6.5, 0.5, 7, 1.5], "rotation": 180, "texture": "#2"}
			}
		},
		{
			"from": [8, 2.16258, 12.11791],
			"to": [12, 6.16258, 24.11791],
			"rotation": {"angle": 22.5, "axis": "x", "origin": [8.00278, 3.14024, 6.97767]},
			"faces": {
				"north": {"uv": [2, 6.5, 1, 5.5], "rotation": 180, "texture": "#2"},
				"east": {"uv": [0, 6.5, 1, 9.5], "rotation": 90, "texture": "#2"},
				"south": {"uv": [3, 5.5, 2, 6.5], "texture": "#2"},
				"west": {"uv": [2, 6.5, 3, 9.5], "rotation": 270, "texture": "#2"},
				"up": {"uv": [3, 6.5, 4, 9.5], "texture": "#2"},
				"down": {"uv": [1, 6.5, 2, 9.5], "rotation": 180, "texture": "#2"}
			}
		},
		{
			"from": [4, 2.16258, 12.11791],
			"to": [8, 6.16258, 24.11791],
			"rotation": {"angle": 22.5, "axis": "x", "origin": [8.00278, 3.14024, 6.97767]},
			"faces": {
				"north": {"uv": [2, 6.5, 1, 5.5], "rotation": 180, "texture": "#2"},
				"east": {"uv": [0, 6.5, 1, 9.5], "rotation": 90, "texture": "#2"},
				"south": {"uv": [3, 5.5, 2, 6.5], "texture": "#2"},
				"west": {"uv": [2, 6.5, 3, 9.5], "rotation": 270, "texture": "#2"},
				"up": {"uv": [3, 6.5, 4, 9.5], "texture": "#2"},
				"down": {"uv": [1, 6.5, 2, 9.5], "rotation": 180, "texture": "#2"}
			}
		},
		{
			"from": [4, 1.16258, 1.11791],
			"to": [12, 7.16258, 13.11791],
			"rotation": {"angle": 22.5, "axis": "x", "origin": [8.00278, 3.14024, 6.97767]},
			"faces": {
				"north": {"uv": [7.5, 6.5, 5.5, 5], "rotation": 180, "texture": "#2"},
				"east": {"uv": [4, 6.5, 5.5, 9.5], "rotation": 90, "texture": "#2"},
				"south": {"uv": [9.5, 5, 7.5, 6.5], "texture": "#2"},
				"west": {"uv": [7.5, 6.5, 9, 9.5], "rotation": 270, "texture": "#2"},
				"up": {"uv": [9, 6.5, 11, 9.5], "texture": "#2"},
				"down": {"uv": [5.5, 6.5, 7.5, 9.5], "rotation": 180, "texture": "#2"}
			}
		}
	],
	"gui_light": "front",
	"display": {
		"thirdperson_righthand": {
			"rotation": [75, 45, 0],
			"translation": [0, 2.5, 0],
			"scale": [0.375, 0.375, 0.375]
		},
		"thirdperson_lefthand": {
			"rotation": [75, 45, 0],
			"translation": [0, 2.5, 0],
			"scale": [0.375, 0.375, 0.375]
		},
		"firstperson_righthand": {
			"rotation": [64.5, 0, -180],
			"translation": [0, 2.25, 1],
			"scale": [0.4, 0.4, 0.4]
		},
		"firstperson_lefthand": {
			"rotation": [64.5, 0, -180],
			"translation": [0, 2.25, 1],
			"scale": [0.4, 0.4, 0.4]
		},
		"ground": {
			"translation": [0, 3, 0],
			"scale": [0.5, 0.5, 0.5]
		},
		"gui": {
			"rotation": [73.08, 42.37, 134.48],
			"translation": [-1, -3.75, 0],
			"scale": [0.5, 0.5, 0.5]
		},
		"head": {
			"rotation": [0, 180, 0],
			"translation": [0, 13, 7]
		},
		"fixed": {
			"scale": [0.5, 0.5, 0.5]
		}
	}
}