{
   "parent": "beyondtheveil:block/megydrea",
   "display": {
	   "thirdperson_righthand": {
		   "scale": [ 0.25, 0.25, 0.25 ],
           "translation": [ 1, 0, 0 ]
	   },
	   "firstperson_righthand": {
		   "scale": [ 0.25, 0.25, 0.25 ]
	   },
	   "thirdperson_lefthand": {
		   "scale": [ 0.25, 0.25, 0.25 ],
           "translation": [ 1, 0, 0 ]
	   },
	   "firstperson_lefthand": {
		   "scale": [ 0.25, 0.25, 0.25 ]
	   },
	   "gui": {
			"rotation": [-130, -20, -145],
			"translation": [-2.5, -3.25, 0],
			"scale": [0.625, 0.625, 0.625]
		},
	   "ground": {
		   "scale": [ 0.25, 0.25, 0.25]
	   }
}