{
	"credit": "Made with Blockbench",
	"texture_size": [32, 32],
	"textures": {
		"1": "beyondtheveil:items/necronomicon_ineer",
		"layer0": "beyondtheveil:items/necronomicon",
		"particle": "beyondtheveil:items/necronomicon_ineer"
	},
	"elements": [
		{
			"from": [2, 3, 7],
			"to": [13, 17, 9],
			"faces": {
				"north": {"uv": [12, 1, 2, 15], "texture": "#layer0"},
				"south": {"uv": [2, 1, 13, 15], "texture": "#layer0"},
				"west": {"uv": [2, 1, 4, 15], "texture": "#layer0"}
			}
		},
		{
			"from": [13, 17, 9],
			"to": [2, 3, 7],
			"rotation": {"angle": 0, "axis": "y", "origin": [11.5, 12, 2]},
			"faces": {
				"north": {"uv": [2, 1, 12, 15], "texture": "#layer0"},
				"east": {"uv": [2, 1, 4, 15], "texture": "#layer0"},
				"south": {"uv": [13, 1, 2, 15], "texture": "#layer0"}
			}
		},
		{
			"from": [2.1, 3.25, 7.01],
			"to": [12.75, 16.75, 8.99],
			"rotation": {"angle": 0, "axis": "y", "origin": [3, 1.5, 1.76]},
			"faces": {
				"north": {"uv": [0, 0, 5.5, 7], "texture": "#1"},
				"east": {"uv": [0, 7, 1, 14], "texture": "#1"},
				"south": {"uv": [5.5, 0, 11, 7], "texture": "#1"},
				"west": {"uv": [1, 7, 2, 14], "texture": "#1"},
				"up": {"uv": [7.5, 8, 2, 7], "texture": "#1"},
				"down": {"uv": [13, 7, 7.5, 8], "texture": "#1"}
			}
		}
	],
	"gui_light": "front",
	"display": {
		"thirdperson_righthand": {
			"translation": [0, 3, 1],
			"scale": [0.55, 0.55, 0.55]
		},
		"thirdperson_lefthand": {
			"translation": [0, 3, 1],
			"scale": [0.55, 0.55, 0.55]
		},
		"firstperson_righthand": {
			"rotation": [87.9, -83.25, 81.86],
			"translation": [-0.37, 1.2, 1.13],
			"scale": [0.68, 0.68, 0.68]
		},
		"firstperson_lefthand": {
			"rotation": [87.9, -83.25, 81.86],
			"translation": [-0.37, 1.2, 1.13],
			"scale": [-0.68, 0.68, 0.68]
		},
		"ground": {
			"rotation": [84, 0, 0],
			"translation": [0, -2.5, 0],
			"scale": [0.6, 0.6, 0.6]
		},
		"gui": {
			"rotation": [-20.97, -19.26, -7.21],
			"translation": [0.5, -2, 0]
		},
		"head": {
			"rotation": [0, 180, 0],
			"translation": [0, 13, 7]
		},
		"fixed": {
			"rotation": [0, -180, 0],
			"translation": [0.5, -2, 0]
		}
	}
}