{
   "parent": "item/generated",
   "textures": {
       "layer0": "beyondtheveil:items/saw_cleaver_extended"
   },
   "display": {
        "thirdperson_righthand": {
            "rotation": [ -80, 80, 140 ],
            "translation": [ -1, 8.5, 0 ],
            "scale": [ 1.8, 1.8, 0.9 ]
        },
        "thirdperson_lefthand": {
            "rotation": [ -80, 260, 220 ],
            "translation": [ -1, 8.5, 0 ],
            "scale": [ 1.8, 1.8, 0.9 ]
        },
        "firstperson_righthand": {
            "rotation": [ 0, 90, 25 ],
            "translation": [ 1.13, 3.2, 1.13],
            "scale": [ 1.36, 1.36, 1.36 ]
        },
        "firstperson_lefthand": {
            "rotation": [ 0, -90, -25 ],
            "translation": [ 1.13, 3.2, 1.13],
            "scale": [ 1.36, 1.36, 1.36 ]
        }
    }
}