{
	"credit": "Made with Blockbench",
	"textures": {
		"layer1": "items/num_0",
		"layer2": "items/num_1",
		"layer3": "items/num_2"
	},
	"elements": [
		{
			"from": [0, 0, 7.5],
			"to": [16, 16, 8.5],
			"faces": {
				"north": {"uv": [0, 0, 16, 16], "texture": "#layer1"},
				"east": {"uv": [0, 0, 0, 0], "texture": "#layer1"},
				"south": {"uv": [0, 0, 0, 0], "texture": "#layer1"},
				"west": {"uv": [0, 0, 0, 0], "texture": "#layer1"},
				"up": {"uv": [0, 0, 0, 0], "texture": "#layer1"},
				"down": {"uv": [0, 0, 0, 0], "texture": "#layer1"}
			}
		},
		{
			"from": [0, 0, 7.5],
			"to": [16, 16, 8.5],
			"faces": {
				"north": {"uv": [0, 0, 16, 16], "texture": "#layer2"},
				"east": {"uv": [0, 0, 0, 0], "texture": "#layer2"},
				"south": {"uv": [0, 0, 0, 0], "texture": "#layer2"},
				"west": {"uv": [0, 0, 0, 0], "texture": "#layer2"},
				"up": {"uv": [0, 0, 0, 0], "texture": "#layer2"},
				"down": {"uv": [0, 0, 0, 0], "texture": "#layer2"}
			}
		},
		{
			"from": [0, 0, 7.5],
			"to": [16, 16, 8.5],
			"faces": {
				"north": {"uv": [0, 0, 16, 16], "texture": "#layer3"},
				"east": {"uv": [0, 0, 0, 0], "texture": "#layer3"},
				"south": {"uv": [0, 0, 0, 0], "texture": "#layer3"},
				"west": {"uv": [0, 0, 0, 0], "texture": "#layer3"},
				"up": {"uv": [0, 0, 0, 0], "texture": "#layer3"},
				"down": {"uv": [0, 0, 0, 0], "texture": "#layer3"}
			}
		}
	],
	"display": {
		"gui": {
			"scale": [-1, 1, -1]
		}
	}
}