{
	"credit": "Made with Blockbench",
	"textures": {
		"1": "beyondtheveil:blocks/idol_head",
		"2": "beyondtheveil:blocks/idol_base",
		"particle": "beyondtheveil:blocks/idol_body"
	},
	"elements": [
		{
			"name": "altar",
			"from": [3, 0, 3],
			"to": [13, 4, 13],
			"rotation": {"angle": 0, "axis": "y", "origin": [0, 6, -1]},
			"faces": {
				"north": {"uv": [0, 12, 10, 16], "texture": "#2"},
				"east": {"uv": [0, 12, 10, 16], "texture": "#2"},
				"south": {"uv": [0, 12, 10, 16], "texture": "#2"},
				"west": {"uv": [0, 12, 10, 16], "texture": "#2"},
				"up": {"uv": [0, 0, 10, 10], "texture": "#2"},
				"down": {"uv": [0, 0, 10, 10], "texture": "#2"}
			}
		},
		{
			"name": "head",
			"from": [4, 8, 4],
			"to": [12, 16, 12],
			"rotation": {"angle": 0, "axis": "y", "origin": [-1, -8, -2]},
			"faces": {
				"north": {"uv": [4, 4, 8, 8], "texture": "#1"},
				"east": {"uv": [0, 4, 4, 8], "texture": "#1"},
				"south": {"uv": [12, 4, 16, 8], "texture": "#1"},
				"west": {"uv": [8, 4, 12, 8], "texture": "#1"},
				"up": {"uv": [4, 0, 8, 4], "texture": "#1"},
				"down": {"uv": [4, 8, 8, 12], "texture": "#1"}
			}
		},
		{
			"name": "trunk",
			"from": [5.5, 4, 5.5],
			"to": [10.5, 12, 10.5],
			"faces": {
				"north": {"uv": [0, 0, 4, 8], "texture": "#particle"},
				"east": {"uv": [0, 0, 4, 8], "texture": "#particle"},
				"south": {"uv": [0, 0, 4, 8], "texture": "#particle"},
				"west": {"uv": [0, 0, 4, 8], "texture": "#particle"},
				"up": {"uv": [0, 0, 0, 0], "texture": "#particle"},
				"down": {"uv": [0, 0, 0, 0], "texture": "#particle"}
			}
		},
		{
			"name": "root",
			"from": [6.25, 3, 2],
			"to": [9.25, 6, 14],
			"faces": {
				"north": {"uv": [0, 0, 3, 3], "texture": "#particle"},
				"east": {"uv": [0, 0, 12, 3], "texture": "#particle"},
				"south": {"uv": [0, 0, 3, 3], "texture": "#particle"},
				"west": {"uv": [0, 0, 12, 3], "texture": "#particle"},
				"up": {"uv": [0, 0, 3, 12], "texture": "#particle"},
				"down": {"uv": [0, 0, 3, 12], "texture": "#particle"}
			}
		},
		{
			"name": "root",
			"from": [2, 3, 6.5],
			"to": [14, 6, 9.5],
			"rotation": {"angle": 0, "axis": "y", "origin": [8, 4, 8]},
			"faces": {
				"north": {"uv": [0, 0, 12, 3], "texture": "#particle"},
				"east": {"uv": [0, 0, 3, 3], "texture": "#particle"},
				"south": {"uv": [0, 0, 12, 3], "texture": "#particle"},
				"west": {"uv": [0, 0, 3, 3], "texture": "#particle"},
				"up": {"uv": [0, 0, 3, 12], "rotation": 90, "texture": "#particle"},
				"down": {"uv": [0, 0, 3, 12], "rotation": 270, "texture": "#particle"}
			}
		}
	]
}