{
	"credit": "Made with Blockbench",
	"textures": {
		"0": "beyondtheveil:blocks/megydrea_translucent",
		"1": "beyondtheveil:blocks/megydrea",
		"2": "beyondtheveil:blocks/leaf",
		"3": "beyondtheveil:blocks/vine",
		"particle": "beyondtheveil:blocks/megydrea"
	},
	"elements": [
		{
			"from": [2, 8, 13],
			"to": [3, 24, 14],
			"rotation": {"angle": 0, "axis": "y", "origin": [-1, 8, 8]},
			"faces": {
				"north": {"uv": [7, 3, 8, 19], "texture": "#1"},
				"east": {"uv": [7, 2, 8, 18], "texture": "#1"},
				"south": {"uv": [0, 0, 1, 16], "texture": "#1"},
				"west": {"uv": [7, 3, 8, 19], "texture": "#1"},
				"up": {"uv": [0, 0, 1, 1], "texture": "#1"},
				"down": {"uv": [0, 0, 1, 1], "texture": "#1"}
			}
		},
		{
			"from": [13, 8, 13],
			"to": [14, 24, 14],
			"rotation": {"angle": 0, "axis": "y", "origin": [-1, 8, 8]},
			"faces": {
				"north": {"uv": [7, 3, 8, 19], "texture": "#1"},
				"east": {"uv": [7, 2, 8, 18], "texture": "#1"},
				"south": {"uv": [0, 0, 1, 16], "texture": "#1"},
				"west": {"uv": [7, 3, 8, 19], "texture": "#1"},
				"up": {"uv": [0, 0, 1, 1], "texture": "#1"},
				"down": {"uv": [0, 0, 1, 1], "texture": "#1"}
			}
		},
		{
			"from": [2, 8, 2],
			"to": [3, 24, 3],
			"rotation": {"angle": 0, "axis": "y", "origin": [-1, 8, 8]},
			"faces": {
				"north": {"uv": [7, 3, 8, 19], "texture": "#1"},
				"east": {"uv": [7, 2, 8, 18], "texture": "#1"},
				"south": {"uv": [0, 0, 1, 16], "texture": "#1"},
				"west": {"uv": [7, 3, 8, 19], "texture": "#1"},
				"up": {"uv": [0, 0, 1, 1], "texture": "#1"},
				"down": {"uv": [0, 0, 1, 1], "texture": "#1"}
			}
		},
		{
			"from": [13, 8, 2],
			"to": [14, 24, 3],
			"rotation": {"angle": 0, "axis": "y", "origin": [-1, 8, 8]},
			"faces": {
				"north": {"uv": [7, 0, 8, 16], "texture": "#1"},
				"east": {"uv": [7, 2, 8, 18], "texture": "#1"},
				"south": {"uv": [0, 0, 1, 16], "texture": "#1"},
				"west": {"uv": [7, 3, 8, 19], "texture": "#1"},
				"up": {"uv": [0, 0, 1, 1], "texture": "#1"},
				"down": {"uv": [0, 0, 1, 1], "texture": "#1"}
			}
		},
		{
			"from": [4, 4, 3.93629],
			"to": [12, 5, 11.93629],
			"rotation": {"angle": 0, "axis": "y", "origin": [8, 32, -3.31371]},
			"faces": {
				"north": {"uv": [0, 1, 10, 0], "texture": "#1"},
				"east": {"uv": [0, 1, 10, 0], "texture": "#1"},
				"south": {"uv": [0, 1, 10, 0], "texture": "#1"},
				"west": {"uv": [0, 1, 10, 0], "texture": "#1"},
				"down": {"uv": [0, 0, 8, 8], "texture": "#1"}
			}
		},
		{
			"from": [5, 3, 5],
			"to": [11, 4, 11],
			"rotation": {"angle": 0, "axis": "y", "origin": [8, 1, 8]},
			"faces": {
				"north": {"uv": [1, 10, 7, 9], "texture": "#1"},
				"east": {"uv": [4, 5, 10, 4], "texture": "#1"},
				"south": {"uv": [7, 7, 13, 6], "texture": "#1"},
				"west": {"uv": [0, 6, 6, 5], "texture": "#1"},
				"down": {"uv": [0, 0, 6, 6], "texture": "#1"}
			}
		},
		{
			"from": [12, 4.01, 0.68629],
			"to": [20, 6.01, 8.68629],
			"rotation": {"angle": -45, "axis": "y", "origin": [8, 32, -3.31371]},
			"faces": {
				"north": {"uv": [0, 2, 8, 4], "texture": "#1"},
				"east": {"uv": [0, 2, 8, 4], "texture": "#1"},
				"south": {"uv": [0, 2, 8, 4], "texture": "#1"},
				"west": {"uv": [0, 2, 8, 4], "texture": "#1"},
				"up": {"uv": [0, 0, 8, 8], "texture": "#1"},
				"down": {"uv": [0, 0, 8, 8], "texture": "#1"}
			}
		},
		{
			"from": [3, 5, 3],
			"to": [13, 6, 13],
			"rotation": {"angle": 0, "axis": "y", "origin": [8, 5.5, 8]},
			"faces": {
				"north": {"uv": [0, 1, 10, 0], "texture": "#1"},
				"east": {"uv": [0, 1, 10, 0], "texture": "#1"},
				"south": {"uv": [0, 1, 10, 0], "texture": "#1"},
				"west": {"uv": [0, 1, 10, 0], "texture": "#1"},
				"up": {"uv": [0, 10, 10, 0], "texture": "#1"},
				"down": {"uv": [0, 10, 10, 0], "texture": "#1"}
			}
		},
		{
			"from": [3, 26, 3],
			"to": [13, 27, 13],
			"rotation": {"angle": 0, "axis": "y", "origin": [8, 26.5, 8]},
			"faces": {
				"north": {"uv": [0, 0, 10, 1], "texture": "#1"},
				"east": {"uv": [0, 0, 10, 1], "texture": "#1"},
				"south": {"uv": [0, 0, 10, 1], "texture": "#1"},
				"west": {"uv": [0, 0, 10, 1], "texture": "#1"},
				"up": {"uv": [0, 0, 10, 10], "texture": "#1"},
				"down": {"uv": [0, 0, 10, 10], "texture": "#1"}
			}
		},
		{
			"from": [12, 25.99, 0.68629],
			"to": [20, 27.99, 8.68629],
			"rotation": {"angle": -45, "axis": "y", "origin": [8, 0, -3.31371]},
			"faces": {
				"north": {"uv": [0, 0, 8, 2], "texture": "#1"},
				"east": {"uv": [0, 0, 8, 2], "texture": "#1"},
				"south": {"uv": [0, 0, 8, 2], "texture": "#1"},
				"west": {"uv": [0, 0, 8, 2], "texture": "#1"},
				"up": {"uv": [0, 0, 8, 8], "texture": "#1"},
				"down": {"uv": [0, 0, 8, 8], "texture": "#1"}
			}
		},
		{
			"from": [5, 28, 5],
			"to": [11, 29, 11],
			"rotation": {"angle": 0, "axis": "y", "origin": [8, 31, 8]},
			"faces": {
				"north": {"uv": [1, 9, 7, 10], "texture": "#1"},
				"east": {"uv": [4, 4, 10, 5], "texture": "#1"},
				"south": {"uv": [7, 6, 13, 7], "texture": "#1"},
				"west": {"uv": [0, 5, 6, 6], "texture": "#1"},
				"up": {"uv": [5, 2, 11, 8], "texture": "#1"}
			}
		},
		{
			"from": [7, 29, 7],
			"to": [9, 32, 9],
			"faces": {
				"north": {"uv": [0, 0, 2, 3], "texture": "#1"},
				"east": {"uv": [7, 2, 9, 5], "texture": "#1"},
				"south": {"uv": [7, 4, 9, 7], "texture": "#1"},
				"west": {"uv": [5, 1, 7, 4], "texture": "#1"},
				"up": {"uv": [5, 6, 7, 8], "texture": "#1"}
			}
		},
		{
			"from": [4, 27, 3.93629],
			"to": [12, 28, 11.93629],
			"rotation": {"angle": 0, "axis": "y", "origin": [8, 0, -3.31371]},
			"faces": {
				"north": {"uv": [0, 0, 10, 1], "texture": "#1"},
				"east": {"uv": [0, 0, 10, 1], "texture": "#1"},
				"south": {"uv": [0, 0, 10, 1], "texture": "#1"},
				"west": {"uv": [0, 0, 10, 1], "texture": "#1"},
				"up": {"uv": [0, 0, 8, 8], "texture": "#1"}
			}
		},
		{
			"from": [3, 19.84672, 2.7706],
			"to": [13, 25.84672, 2.7706],
			"rotation": {"angle": 22.5, "axis": "x", "origin": [2.5, 25.34672, 3.2706]},
			"faces": {
				"north": {"uv": [5, 4, 7.5, 5.5], "texture": "#2"},
				"south": {"uv": [7.5, 4, 5, 5.5], "texture": "#2"}
			}
		},
		{
			"from": [3, 19.84634, 13.22848],
			"to": [13, 25.84634, 13.22848],
			"rotation": {"angle": -22.5, "axis": "x", "origin": [2.5, 25.34634, 12.72848]},
			"faces": {
				"north": {"uv": [2.5, 7.5, 0, 9], "texture": "#2"},
				"south": {"uv": [0, 7.5, 2.5, 9], "texture": "#2"}
			}
		},
		{
			"from": [13.22848, 19.84634, 3],
			"to": [13.22848, 25.84634, 13],
			"rotation": {"angle": 22.5, "axis": "z", "origin": [12.72848, 25.34634, 13.5]},
			"faces": {
				"east": {"uv": [7.5, 0, 10, 1.5], "texture": "#2"},
				"west": {"uv": [10, 0, 7.5, 1.5], "texture": "#2"}
			}
		},
		{
			"from": [2.77152, 19.84634, 3],
			"to": [2.77152, 25.84634, 13],
			"rotation": {"angle": -22.5, "axis": "z", "origin": [3.27152, 25.34634, 13.5]},
			"faces": {
				"east": {"uv": [5, 6, 2.5, 7.5], "texture": "#2"},
				"west": {"uv": [2.5, 6, 5, 7.5], "texture": "#2"}
			}
		},
		{
			"from": [3, 6.15328, 2.7706],
			"to": [13, 14.15328, 2.7706],
			"rotation": {"angle": -22.5, "axis": "x", "origin": [2.5, 6.65328, 3.2706]},
			"faces": {
				"north": {"uv": [5, 0, 7.5, 2], "texture": "#2"},
				"south": {"uv": [7.5, 0, 5, 2], "texture": "#2"}
			}
		},
		{
			"from": [3, 6.15328, 13.2294],
			"to": [13, 14.15328, 13.2294],
			"rotation": {"angle": 22.5, "axis": "x", "origin": [2.5, 6.65328, 12.7294]},
			"faces": {
				"north": {"uv": [5, 2, 2.5, 4], "texture": "#2"},
				"south": {"uv": [2.5, 2, 5, 4], "texture": "#2"}
			}
		},
		{
			"from": [13.22848, 6.15366, 3],
			"to": [13.22848, 14.15366, 13],
			"rotation": {"angle": -22.5, "axis": "z", "origin": [12.72848, 6.65366, 13.5]},
			"faces": {
				"east": {"uv": [0, 0, 2.5, 2], "texture": "#2"},
				"west": {"uv": [2.5, 0, 0, 2], "texture": "#2"}
			}
		},
		{
			"from": [2.77152, 6.15366, 3],
			"to": [2.77152, 14.15366, 13],
			"rotation": {"angle": 22.5, "axis": "z", "origin": [3.27152, 6.65366, 13.5]},
			"faces": {
				"east": {"uv": [5, 4, 2.5, 6], "texture": "#2"},
				"west": {"uv": [2.5, 4, 5, 6], "texture": "#2"}
			}
		},
		{
			"from": [3, 6, 3],
			"to": [13, 26, 13],
			"faces": {
				"north": {"uv": [0, 0, 2.5, 4], "texture": "#0"},
				"east": {"uv": [0, 0, 2.5, 4], "texture": "#0"},
				"south": {"uv": [0, 0, 2.5, 4], "texture": "#0"},
				"west": {"uv": [0, 0, 2.5, 4], "texture": "#0"}
			}
		},
		{
			"from": [4.005, 7.01, 4.005],
			"to": [11.995, 24.99, 11.995],
			"rotation": {"angle": 0, "axis": "y", "origin": [1.005, -22.99, 1.005]},
			"faces": {
				"north": {"uv": [0, 0, 1.9975, 4], "texture": "#0"},
				"east": {"uv": [0, 0, 1.9975, 4], "texture": "#0"},
				"south": {"uv": [0, 0, 1.9975, 4], "texture": "#0"},
				"west": {"uv": [0, 0, 1.9975, 4], "texture": "#0"},
				"up": {"uv": [0, 0, 1.9975, 1.9975], "texture": "#0"},
				"down": {"uv": [0, 0, 1.9975, 1.9975], "texture": "#0"}
			}
		},
		{
			"from": [2.5, 6, 2.5],
			"to": [13.5, 26, 13.5],
			"rotation": {"angle": 0, "axis": "y", "origin": [0.5, -2, 2.5]},
			"faces": {
				"north": {"uv": [0, 0, 11, 16], "texture": "#3", "tintindex": 0},
				"east": {"uv": [5, 0, 16, 16], "texture": "#3", "tintindex": 0},
				"south": {"uv": [3, 0, 14, 16], "texture": "#3", "tintindex": 0},
				"west": {"uv": [0, 0, 11, 16], "texture": "#3", "tintindex": 0}
			}
		}
	],
	"display": {
		"gui": {
			"rotation": [-130.68, -20.03, -145.64],
			"translation": [-2.5, -3.25, 0],
			"scale": [0.625, 0.625, 0.625]
		}
	},
	"groups": [
		{
			"name": "group",
			"origin": [0, 0, 0],
			"color": 0,
			"children": [0, 1, 2, 3]
		},
		{
			"name": "group",
			"origin": [8, 0, -3.31371],
			"color": 0,
			"children": [4, 5, 6, 7, 8, 9, 10, 11, 12]
		},
		{
			"name": "group",
			"origin": [3.27152, 6.65366, 13.5],
			"color": 0,
			"children": [13, 14, 15, 16, 17, 18, 19, 20]
		},
		21,
		22,
		23
	]
}