{
    "variants": {
        "normal": [
					{ "model": "brown_mushroom" },
					{ "model": "brown_mushroom" , "y": 90},
					{ "model": "brown_mushroom" , "y": 180},
					{ "model": "brown_mushroom" , "y": 270},
					{ "model": "brown_mushroom1" },
					{ "model": "brown_mushroom1", "y": 90},
					{ "model": "brown_mushroom1", "y": 180},
					{ "model": "brown_mushroom1", "y": 270},
					{ "model": "brown_mushroom2" },
					{ "model": "brown_mushroom2", "y": 90},
					{ "model": "brown_mushroom2", "y": 180},
					{ "model": "brown_mushroom2", "y": 270},
					{ "model": "brown_mushroom3" },
					{ "model": "brown_mushroom3", "y": 90},
					{ "model": "brown_mushroom3", "y": 180},
					{ "model": "brown_mushroom3", "y": 270}
				  ]
    }
}
