{
    "variants": {
        "normal": [
            { "model": "glowstone" },
            { "model": "glowstone", "y": 90 },
            { "model": "glowstone", "y": 180 },
            { "model": "glowstone", "y": 270 },
            { "model": "glowstone", "x": 90 },
            { "model": "glowstone", "x": 180 },
            { "model": "glowstone", "x": 270 },
            { "model": "glowstone", "z": 90 },
            { "model": "glowstone", "z": 180 },
            { "model": "glowstone", "z": 270 }
        ]
    }
}
