{
    "multipart": [
		
		{   "when": { "OR": [
                {"north": "side|up", "east": "side|up", "south": "side|up", "west": "none"},
                {"north": "side|up", "east": "side|up", "south": "none", "west": "side|up"},
                {"north": "side|up", "east": "none", "south": "side|up", "west": "side|up"},
                {"north": "side|up", "east": "side|up", "south": "side|up", "west": "side|up"},
                {"north": "none", "east": "side|up", "south": "side|up", "west": "side|up"}
            ]},
            "apply": { "model": "redstone_dotc" }
        },
		{   "when":{ "OR": [
				{"north": "none", "east": "none", "south": "none", "west": "none"},
				{ "north": "side|up", "south": "none" ,"east": "none" ,"west": "none"},
				{ "north": "none", "south": "side|up" ,"east": "none" ,"west": "none"},
				{ "east": "none", "west": "side|up", "north": "none", "south": "none"},
				{ "west": "none", "east": "side|up", "north": "none", "south": "none"}
		]},
            "apply": { "model": "redstone_dot"}
        },
		
		{   "when":
                { "north": "side|up", "west": "side|up", "south": "none", "east": "none" },
            "apply": { "model": "redstone_bend" }
        },
		
		{   "when":
                { "north": "side|up", "west": "none", "south": "none", "east": "side|up" },
            "apply": { "model": "redstone_bend", "y": 90 }
        },
		
		{   "when":
                { "north": "none", "west": "side|up", "south": "side|up", "east": "none" },
            "apply": { "model": "redstone_bend", "y": 270 }
        },
		
		{   "when":
                { "north": "none", "west": "none", "south": "side|up", "east": "side|up" },
            "apply": { "model": "redstone_bend", "y": 180 }
        },
		
		
		
        {   "when":
                { "north": "side|up" },
            "apply": { "model": "redstone_side1" }
        },
        {   "when":
                { "south": "side|up" },
            "apply": { "model": "redstone_side_alt0" }
        },
        {   "when":
                { "east": "side|up" },
            "apply": { "model": "redstone_side_alt0", "y": 270 }
        },
        {   "when": 
                { "west": "side|up" },
            "apply": { "model": "redstone_side1", "y": 270 }
        },
		{   "when": 
                { "west": "side|up", "east": "side|up" },
            "apply": { "model": "redstone_side0", "y": 270 }
        },
		{   "when": 
                { "north": "side|up", "south": "side|up" },
            "apply": { "model": "redstone_side_alt1" }
        },



        {   "when": { "north": "up" },
            "apply": { "model": "redstone_up" }
        },
        {   "when": { "east": "up" },
            "apply": { "model": "redstone_up", "y": 90 }
        },
        {   "when": { "south": "up" },
            "apply": { "model": "redstone_up", "y": 180 }
        },
        {   "when": { "west": "up" },
            "apply": { "model": "redstone_up", "y": 270 }
        }
    ]
}
