{
	"multipart": [
	
	{   "when":
                { "layers": "1" },
            "apply": { "model": "snow_height2" }
        },
	{   "when":
                { "layers": "2" },
            "apply": { "model": "snow_height4" }
        },
	{   "when":
                { "layers": "3" },
            "apply": { "model": "snow_height6" }
        },
	{   "when":
                { "layers": "4" },
            "apply": { "model": "snow_height8" }
        },
	{   "when":
                { "layers": "5" },
            "apply": { "model": "snow_height10" }
        },
	{   "when":
                { "layers": "6" },
            "apply": { "model": "snow_height12" }
        },
	{   "when":
                { "layers": "7" },
            "apply": { "model": "snow_height14" }
        },
	{   "when":
                { "layers": "8" },
            "apply": { "model": "snow" }
        }
		]
}
