{
"multipart": [
	{   "when":
                { "locked": false, "facing": "south" },
            "apply": { "model": "repeater_base_off" }
        },
	{   "when":
                { "locked": false, "facing": "west" },
            "apply": { "model": "repeater_base_off", "y":90 }
        },
	{   "when":
                { "locked": false, "facing": "north" },
            "apply": { "model": "repeater_base_off", "y":180 }
        },
	{   "when":
                { "locked": false, "facing": "east" },
            "apply": { "model": "repeater_base_off", "y":270 }
        },
		
	{   "when":
                { "locked": true, "facing": "south" },
            "apply": { "model": "repeater_base_locked_off" }
        },
	{   "when":
                { "locked": true, "facing": "west" },
            "apply": { "model": "repeater_base_locked_off", "y":90 }
        },
	{   "when":
                { "locked": true, "facing": "north" },
            "apply": { "model": "repeater_base_locked_off", "y":180 }
        },
	{   "when":
                { "locked": true, "facing": "east" },
            "apply": { "model": "repeater_base_locked_off", "y":270 }
        },
		
		
		
		
    {   "when":
                { "delay": 1, "facing": "south" },
            "apply": { "model": "repeater_1tick" }
        },
    {   "when":
                { "delay": 1, "facing": "west" },
            "apply": { "model": "repeater_1tick", "y":90  }
        },                                      
	{   "when":                                 
                { "delay": 1, "facing": "north" },
            "apply": { "model": "repeater_1tick", "y":180 }
        },                                      
	{   "when":                                 
                { "delay": 1, "facing": "east" },
            "apply": { "model": "repeater_1tick", "y":270 }
        },
		
	{   "when":
                { "delay": 2, "facing": "south" },
            "apply": { "model": "repeater_2tick" }
        },
    {   "when":
                { "delay": 2, "facing": "west" },
            "apply": { "model": "repeater_2tick", "y":90  }
        },                                      
	{   "when":                                 
                { "delay": 2, "facing": "north" },
            "apply": { "model": "repeater_2tick", "y":180 }
        },                                      
	{   "when":                                 
                { "delay": 2, "facing": "east" },
            "apply": { "model": "repeater_2tick", "y":270 }
        },    
		
	{   "when":                                 
                { "delay": 3, "facing": "east" },
            "apply": { "model": "repeater_3tick", "y":270 }
        },
	{   "when":
                { "delay": 3, "facing": "south" },
            "apply": { "model": "repeater_3tick" }
        },
    {   "when":
                { "delay": 3, "facing": "west" },
            "apply": { "model": "repeater_3tick", "y":90  }
        },                                      
	{   "when":                                 
                { "delay": 3, "facing": "north" },
            "apply": { "model": "repeater_3tick", "y":180 }
        },                                      
	{   "when":                                 
                { "delay": 3, "facing": "east" },
            "apply": { "model": "repeater_3tick", "y":270 }
        },
		
	{   "when":
                { "delay": 4, "facing": "south" },
            "apply": { "model": "repeater_4tick" }
        },
    {   "when":
                { "delay": 4, "facing": "west" },
            "apply": { "model": "repeater_4tick", "y":90  }
        },                                      
	{   "when":                                 
                { "delay": 4, "facing": "north" },
            "apply": { "model": "repeater_4tick", "y":180 }
        },                                      
	{   "when":                                 
                { "delay": 4, "facing": "east" },
            "apply": { "model": "repeater_4tick", "y":270 }
        }
		]
}
