{
    "variants": {
		"facing=east,source=false": { "model": "beyondtheveil:beanstalk", "y" : 180 },
		"facing=south,source=false": { "model": "beyondtheveil:beanstalk", "y" : 0 },
		"facing=west,source=false": { "model": "beyondtheveil:beanstalk", "y" : 180 },
		"facing=north,source=false": { "model": "beyondtheveil:beanstalk" },
		"facing=east,source=true": { "model": "beyondtheveil:beanstalk_source", "y" : 90 },
		"facing=south,source=true": { "model": "beyondtheveil:beanstalk_source", "y" : 180 },
		"facing=west,source=true": { "model": "beyondtheveil:beanstalk_source", "y" : 270 },
		"facing=north,source=true": { "model": "beyondtheveil:beanstalk_source" }
    }
}
